:020000041000EA
:1000000000B5324B212058609868022188439860DF
:10001000D860186158612E4B002199600221596106
:100020000121F02299502B49196001219960352056
:1000300000F044F80222904214D00621196600F024
:1000400034F8196E01211966002018661A6600F04E
:100050002CF8196E196E196E052000F02FF8012189
:100060000842F9D1002199601B49196000215960AB
:100070001A491B48016001219960EB211966A021F2
:10008000196600F012F800219960164914480160C1
:100090000121996001BC002800D000471248134993
:1000A000086003C880F30888084703B5996A0420EC
:1000B0000142FBD001200142F8D103BD02B5186610
:1000C0001866FFF7F2FF186E186E02BD00000240BE
:1000D000000000180000070000035F00212200005C
:1000E000F4000018222000A00001001008ED00E03C
:1000F00000000000000000000000000074B24E7A12
:1001000000000420F7010010CB010010CD01001009
:10011000C9010010C9010010C9010010C901001077
:10012000C9010010C9010010C9010010CF01001061
:10013000C9010010C9010010D1010010D301001045
:10014000C1010010C1010010C1010010C101001067
:10015000C1010010C1010010C1010010C101001057
:10016000C1010010C1010010C1010010C101001047
:10017000C1010010C1010010C1010010C101001037
:10018000C1010010C1010010C1010010C101001027
:10019000C1010010C1010010C1010010C101001017
:1001A000C1010010C1010010C1010010C101001007
:1001B000C1010010C1010010C1010010C1010010F7
:1001C000EFF30580103800BE00BE00BE00BE00BECA
:1001D00000BE00BEF2EB887178E1011098E10110D9
:1001E0003802001090A31AE71E481F49086006C88D
:1001F00081F3088810471D480068002801D019487D
:10020000F3E70DA40ECC002902D000F012F8F9E7B4
:100210001749184A002000E001C19142FCD116495B
:100220008847164988471649884700BEFDE701C937
:1002300001C29A42FBD3704798E10110C000002030
:1002400010240020E8040210000004200000042014
:10025000E80402100000032000000320000000005A
:10026000704700000000000008ED00E0000000D032
:1002700010240020B43B0020AD8400108D36001007
:10028000A5840010F8B5C0460448054B10B583425C
:1002900003D0044B002B00D0984710BD1024002041
:1002A000102400200000000006480749091A8B109E
:1002B000C90FC91810B5491003D0044B002B00D04A
:1002C000984710BD102400201024002000000000DA
:1002D00010B5074C2378002B09D1FFF7D5FF054B4C
:1002E000002B02D0044800E000BF0123237010BDA2
:1002F000D83600200000000040A50110054B10B5C5
:10030000002B03D00449054800E000BFFFF7CCFFF5
:1003100010BDC04600000000DC36002040A50110E2
:1003200030B59C466B461C7B0F230500D01703405D
:100330009B181B11132B1FD8A320CA1D40008242FB
:100340001AD80E48EA18145462461078002813D0C0
:100350000722CC17224051189A00D318DB0004332F
:10036000EA186346C9105B1A01335054585C0028E0
:1003700002D001312829F8D130BDC0464406000022
:100380007047C0467047C046C9239B0070B5C5186A
:10039000041D0600A54207D0200028222021283471
:1003A00006F048FCA542F7D1054BF0181433F618B7
:1003B000B04203D01422002106F03CFC70BDC046C0
:1003C00044060000F0B557464E464546DE46E0B5C9
:1003D000A44CA54BA5449A46031D99460893CB23EC
:1003E000DB009846804443468244544609934B467A
:1003F00000269E4F0E940F930A909D4B0A9AD35C51
:10040000002B0DD1C82308989B002822C11819F091
:100410009FFA002804D12278237D9A4200D1F5E08A
:10042000A0220021920010A806F004FC00233868E6
:100430000B940C960D976EE04A0052188D4992006D
:100440008B468D4917008A468C49160089468C498F
:10045000150088468B4914008C46944461460491EB
:1004600011007439FF390591874993448C469444AF
:100470006146924491449044723A783F773E763D8B
:10048000753CFF3AFF3FFF3EFF3DFF3C0691079260
:100490005A460CA9825C6031CA5452460CA9825C4F
:1004A0008831CA544A460CA9825CB031CA544246CB
:1004B0000CA9825CD831CA54049A4CA9825CCA54F3
:1004C000C25D94270CA97F00C919CA540CA9825D8A
:1004D0005131FF31CA540CA9425D7931FF31CA5400
:1004E000025D86240CA9A131FF31CA54059A0CA9DA
:1004F000825CC931FF31CA54069A0CA9825CF13181
:10050000FF31CA54079A0CA9825CA4000919CA5485
:100510000133282B65D0089AD15CE92918D00A004C
:10052000203A5E2A88D90F220792013A0692013AB0
:100530000592053A0492013A9046013A9146013AF1
:100540009246013A0C240B250A26092793469FE779
:10055000D0229200825C0CA96031CA544B4A0CA98B
:10056000825CD831CA54D1229200825C4CA9CA5410
:10057000474A0CA9825C2931FF31CA54454A0CA96B
:10058000825C5131FF31CA54434A0CA9825C7931F3
:10059000FF31CA54D222862492000CA9825CA13178
:1005A000FF31CA543D4A0CA9825CC931FF31CA549B
:1005B0003B4A0CA9825CF131FF31CA54394AA4008C
:1005C000825C0CA90919CA5408210CAA8832D1549A
:1005D0001022693C0CA9FF3C0919CA540133282B8D
:1005E00099D10B9C0C9E23780D9F002B37D02E4B5E
:1005F0002E4A02920193A022012310A90391009395
:10060000310000200F33520003F0D0F9089B013471
:1006100028330893099B1036A34200D0EDE60E9BC9
:10062000C8229A46099B0A9D98460F9B9200190082
:10063000C9239B00E81806F003FB4246534613CB40
:1006400013C203CB03C20022094BEA54B1239B001F
:100650009D44F0BCBB46B246A946A046F0BD144B33
:10066000114AC6E73CFDFFFF44060000E41D0020E0
:100670006C06000084FEFFFF85FEFFFF86FEFFFF85
:1006800087FEFFFF88FEFFFF8EFEFFFF4303000093
:100690004503000046030000470300004903000033
:1006A0004A0300004B0300001C2918009FD9BA0020
:1006B000D5EEE400CF2110B50400C90006F0C6FA5B
:1006C000200010BDF0B5C64600B502780E00303AE5
:1006D000D1B20300092932D8451C407801003039D5
:1006E000CCB2092C18D890008218987852008A1839
:1006F00001003039CCB29F1C092C0BD8D878844625
:1007000030204042604404000020092C3FD880BCC7
:10071000B846F0BD2B003D00022104008C432C2C78
:100720000FD000280BD100235001801A80008018C0
:10073000C000C0183060431E9841C0B2E7E70020F7
:10074000E5E768783038C1B20929F8D8D9788C46FD
:100750003039092928D88100091849006144303905
:100760000C00302149428C46187984446146C9B254
:10077000092914D85B790020190030390929C6D914
:10078000002BC4D1A3001B195B006344CCE790008D
:1007900082185200DD1C60463B008A18BCE7002826
:1007A000CDD10A236343BFE76346002BC7D164233F
:1007B0004343B9E7F8B504000F00654A002106F08D
:1007C00039FA644B3A882360012323713B68E28045
:1007D0001A0C1B0E6372604B2272FB5A63817B689A
:1007E000E3603B892382FB68002B01DA01235B4233
:1007F0001A0C63821B0E63753B692275002B01DAAC
:1008000001235B421A0C8025E3821B0E63761A23B8
:100810006D01390063513B001431753322769942E2
:1008200006D0200061221A3006F00AFA7B236351B9
:1008300080235B01E5583B00474A7833BF181E0010
:10084000681E9F423BD032686319110A6255597085
:10085000110C120EDA70B28899701A71120A5A715C
:10086000B268002A01DA01225242110A9A71D97142
:10087000110C120E5A72F2681972002A01DA012262
:1008800052422800110A9A72D9720D30110C120EC0
:1008900019733100225432002B00103171320E33A3
:1008A000914251D06122E01806F0CAF928006F3554
:1008B0006E307436B742C6D180235B01E550002DFF
:1008C00044D00123671C3F182600012023495B42C6
:1008D0003278013653405A0803405B420B405A407D
:1008E0005308024052420A4053405A0803405B42B8
:1008F0000B405A405308024052420A4053405A08A3
:1009000003405B420B405A405308024052420A40A7
:1009100053405A0803405B420B405A405308024080
:1009200052420A405340B742D2D1DB436219190AFE
:1009300063555170190C1B0ED370802304355B0175
:100940002000E5509170F8BD1D00B2E70023EDE7EF
:10095000041000004C505331840E00002083B8ED89
:10096000F0B5DE464E4657464546DF23E0B5734CAC
:1009700006009346A5441B01994245D10127012158
:100980006F4B704AC35C825C1B04120213436E4AB5
:100990007F42825C13436D4A845C6D4A24061C438B
:1009A000694BC518037801307B405F080B405B4200
:1009B00013405F407B080F407F4217407B405F0839
:1009C0000B405B4213405F407B080F407F42174063
:1009D0007B405F080B405B4213405F407B080F4049
:1009E0007F4217407B405F080B405B4213405F40F3
:1009F0007B089C460F407B42674613405F40854220
:100A0000D0D1FB43A34209D000252800514B9D447F
:100A1000F0BCBB46B246A946A046F0BDB37872789A
:100A20001B041202134332781343F2781206134365
:100A3000494A9342E8D17479337924021C43012C4A
:100A4000E2D10021454A684606F0F4F801225242FC
:100A5000D3176F4601214248209221931E943BAB4D
:100A6000684419609A60DA6074338342F9D1337A4A
:100A7000F2791B0412021343B2793A491343727A92
:100A80000025120613430093354AB37A0020BB5465
:100A9000F27A00247A541F21914268410139994227
:100AA0006C41727BB37B12021B041343327B757C57
:100AB0001343F27B2D0212061A43337C90461D43EA
:100AC0007A60F37C327D1B0212041A43B37C04402B
:100AD0001A43737D3D811B0613435A1C03D02249E0
:100AE0005A1E8A4226D8327EFB60F37D12041B0216
:100AF0001A43B37D1A43737E1B0613435A1C03D05B
:100B000019495A1E8A4231D8310061221A3105A88A
:100B10003B6106F095F8002C31D04346002B2ED0D7
:100B200080231B019D422AD27423FD5C6B425D41F0
:100B3000EDB225E0012300245B42D4E774F1FFFF0E
:100B4000EE0D0000ED0D0000EC0D0000EF0D0000BB
:100B50002083B8ED8C0E00004C505331880E0000FD
:100B6000840E0000850E00003E420F00012331007C
:100B70005B4261221A3105A83B6106F061F800254D
:100B80003B0039003A7D14337531002A0FD05E20C6
:100B90008C4600240021203AD2B290424C410133CD
:100BA00025409C4516D01A78002AF2D161465A1C7D
:100BB00091420FD0531C8B420CD050780028F6D0B5
:100BC000931C994206D09278002AF0D01A00531C48
:100BD0008B42F2D178239846103399464F4B3C0014
:100BE0009C46BC44E246B8447B36E934B944737849
:100BF000B2781B021204134332781343F2781206C0
:100C0000134342461360737932791B021343424601
:100C10009380F279337A12021B041A43B3791A4390
:100C2000737A1B0613435A1C03D03D495A1E8A424D
:100C300070D842469360F27A337B12021B041A4347
:100C4000B37A1A43737B1B0613435A1C03D03449EF
:100C50005A1E8A424ED842463100D3604B4671320A
:100C60004846D21A0E3105F0EBFF002D4ED0434618
:100C70001B68002B4AD0434680229B881201934276
:100C800044D270234246D55C6B425D41EDB24B4687
:100C90001A78002A15D05E21B44600200026203A9A
:100CA000D2B291427041013305409C4230D01A7853
:100CB000002AF2D1664601339C420BD01A78002AF2
:100CC00005D10133A34205D01A78002AF3D00133AD
:100CD0009C42F0D17423743498446F36994454453F
:100CE00085D1002D00D18FE6390058460D4A05F018
:100CF000A7FF8AE6012342465B42D36031004B46A0
:100D000071324846D21A0E3105F09AFF0025BEE72F
:100D10006646DFE7012300255B428AE7F50E000007
:100D20003E420F00860E0000F0B5504C504AA544DC
:100D30008C000021050005F07DFF4E4B0122E1589B
:100D400002A80CF01FFB031FDBB20400012B23D908
:100D5000002825D1E023069A079F160001901B0169
:100D60009A4221D002A80DF0DBFA0443E4B2002C31
:100D700016D1012201214048D5AB68445242196086
:100D80009A60DA6074339842F9D1E0231B019E42E5
:100D900013D00222394BEA542800394B9D44F0BD50
:100DA0000322364BEA54F7E7002FDBD1290001ABD1
:100DB00002A80CF0BDFE0400D4E7002FE9D1019B8E
:100DC000B342E6D12F4B2A689A42E2D1DF23AA68C8
:100DD0001B019A42DDD12C4B2800EE582A4B0124EE
:100DE0009C4601232949AC445B42027801305A40B9
:100DF0005308224052420A4053405A0823405B4263
:100E00000B405A405308224052420A4053405A086D
:100E100023405B420B405A405308224052420A4052
:100E200053405A0823405B420B405A40530822402B
:100E300052420A4053405A0823405B420B40534001
:100E40006045D2D1DB439E42A3D1DF2128009AAA7C
:100E500009010C30FFF784FD00289AD0E0236A686E
:100E60001B01EA50054BEC5496E7C0460CEFFFFF20
:100E7000080E00000CB70110EC100000040E00007A
:100E8000F41000004C505231FC0D00002083B8EDEE
:100E9000F0B51F002C4B2D4CC35CA5440E00040084
:100EA000002B36D0DF231B019A4232D30021684643
:100EB000FFF73AFF264B01216B441800FFF734FF80
:100EC0006B46244A9B5C032B23D0694620480918B3
:100ED000885C03281DD0012B25D001281DD1E023DB
:100EE0006A461B491B015218D35801229446184ADE
:100EF0006A441100CE226046D200A050164A30004B
:100F0000A350DF2212013A600C3105F099FE012056
:100F100000E00220114B9D44F0BD002BF9D1431E8F
:100F200098414000F6E7E02200216B4612018C4612
:100F30009B5869460128DDD1054D481982589A42CF
:100F4000D8D91300D1E7C0466D060000ECE3FFFFDF
:100F5000080E0000040E000074060000141C0000BF
:100F6000F0B54646D6464F46C0B5614B614CC55CB0
:100F7000A544884604001600002D07D05E4BC35CD4
:100F8000002B03D1DF231B019A4208D00025280043
:100F90005A4B9D44E0BCBA46B146A846F0BD584FF6
:100FA000C3590133F2D057480DF0F8F9F72318422E
:100FB000ECD1CE23DB00E35800215A425341E0221A
:100FC000DBB212019AA8994605F034FE4E4B9C22E2
:100FD0009A93E359920001339B936B4641469E528C
:100FE0009DA8320005F02CFE484B01216B449C4625
:100FF0000123474A9AA85B42067801305E40730895
:101000000E407642164073405E080B405B42134030
:101010005E4073080E407642164073405E080B40F7
:101020005B4213405E4073080E40764216407340A8
:101030005E080B405B4213405E4073080E407642F0
:10104000164073405E080B405B421340734060459E
:10105000D2D1DB432D4A02A86A4413604A462D4B85
:101060009200D1580A220CF08DF9002800D08DE7AB
:10107000E026360101AB32009AA9019002A80CF0DB
:1010800087FE070002A80CF0F3FF804602A80DF0CF
:1010900047F9019B9A46B34225D13B004246134390
:1010A0001843C0B200281ED11B4B49466B441800A0
:1010B000FFF73AFE6A461848184B1218D35C012B0A
:1010C00011D103006B44524618009AA918F040FC55
:1010D000002808D1CE234A46DB00E250084AA35834
:1010E0000133A35053E70122034BE2544EE7C046BD
:1010F0006D06000090E1FFFF6E060000701E00000C
:101100007406000050A501104C50523164100000CC
:101110002083B8ED0CB7011068100000040E000029
:10112000F0B55746DE464E464546E0B50768504C9A
:101130003B68504A9B68A5440400934201D000F0EC
:1011400097FFC9239B00FE183D1DB54207D028001C
:1011500028222021283505F06DFDAE42F7D1464BFF
:1011600014220021F81805F065FD2700434B0837CD
:10117000E358002B0AD0424A1F21A05C7427C01AF2
:101180001F3004F09FFE4F437C37E71912AD3B68D8
:10119000502128003B4A07F005F920680368DE6803
:1011A000394B9A469E4201D000F06EFF0122324B2D
:1011B000C2542A7800230430002A07D0C254EA1807
:1011C0005278002A02D00133282BF7D163685021CE
:1011D00028002E4A07F0E6F8206803680600DB685E
:1011E0009846534501D000F057FF0022224BC31808
:1011F0005A702A78002A01D101F01FF900232C30FF
:10120000C254EA185278002A02D00133282BF7D1B1
:101210001A4BE358002B20D026683368DB689846C9
:10122000534501D000F0E8FF134BF31800229A70E9
:10123000002317494A325436F254CA5C002A02D0BD
:101240000133282BF8D1134BE358042B01D900F0BC
:1012500031FF114A9B00D3589F460E4BE358042B95
:1012600001D900F027FF0D4A9B00D3589F46C04686
:10127000E4FCFFFF89030010440600009C0E000000
:10128000880E00003CA601102103001060A601108A
:1012900071A601108C0E000078B601108CB60110FA
:1012A00020680368DE68564501D001F0BEF80022D0
:1012B000A14BA249C318DA70002350327C30C254CB
:1012C000CA5C002A02D00133282BF8D19C4B9D4ADE
:1012D000E61833005021280007F064F89A4B206884
:1012E000E3585A4253410268DBB2D768574501D0F0
:1012F00001F04BF8904A821893712A780023F43059
:10130000002A07D0C254EA185278002A02D00133CA
:10131000282BF7D18D4B8E4AE7183B00502128002F
:1013200007F040F8884B2068E358013B5A4253418C
:101330000268DBB2D2689046524501D001F01EF837
:101340007D4A821853722A786D300023FF30002ABC
:1013500007D0C254EA185278002A02D00133282B51
:10136000F7D1002326931193754BE35C002B01D139
:1013700000F062FF300011A9FFF7A4F900280DD09A
:10138000724BE35C002B01D100F0F4FF380026A97A
:10139000FFF798F9002801D000F052FF2A006D4BAA
:1013A00003CB03C2198811809B789370206803686F
:1013B000DE68564501D000F0C5FF00225E4BC31821
:1013C0001A732A78002A13D00023E530FF30C25464
:1013D000EA185278002A02D00133282BF7D120686E
:1013E0000368DD68554501D000F0BCFF524BC318BF
:1013F00000228D219A7300238900401856495632E5
:10140000C254CA5C002A02D00133282BF8D1534BB6
:10141000E358002B01D100F0F8FE514B2068026820
:10142000D568554501D000F000FF0021424A8218DE
:10143000D173197800290ED097250022AD004019EC
:1014400001338154995C002902D00132282AF8D155
:1014500020680368DD68434BE318554501D000F070
:101460000BFE354A8218002151741978002914D0D6
:10147000AB250022AD00401901338154995C00294D
:1014800002D00132282AF8D120680368DD6855456A
:1014900001D000F0DAFD284BC2180123BF21D3741C
:1014A00048220023890040182F49C254CA5C002AF0
:1014B00002D00133282BF8D123682C4A98461B68A8
:1014C0001B69934201D000F0D0FD1B4B0026434422
:1014D0001D00042343449A460793CB23DB00434477
:1014E000994643460B934B460C935346204F089620
:1014F0000E950F930D971F4B0B9AD35C002B0ED1BB
:10150000C82307989B002822C11818F021FA002848
:1015100005D12A782B7D9A4201D100F058FDA022F6
:1015200026AC92000021200005F084FB0D9B0022D8
:10153000186809950A9492E0440600002DA701104E
:10154000020F000040A70110980E00000A0F0000D3
:1015500050A7011060A7011085A701109C0E000084
:10156000D4A50110120F000071A80110C5030010CE
:10157000E41D00206C0600004B005B189C499B009A
:101580008B469C491F008A469B491E0089469B4901
:101590001D0088469A491C008C469C446146049173
:1015A00019007439FF39059196499B448C469A4439
:1015B000994498449C44723B783F773E763D753C15
:1015C000FF3BFF3FFF3EFF3DFF3C06935B460CA900
:1015D000C35CB8318B5453460CA9C35CE0318B54C7
:1015E0004B460CA9C35C0931FF318B5443460CA90F
:1015F000C35C3131FF318B54049B0CA9C35C59315E
:10160000FF318B54C35DC0270CA97F00C9198B54CF
:101610000CA9835DA931FF318B540CA9435DD131F5
:10162000FF318B54035D88240CA9F931FF318B54B1
:10163000059BA400C35C0CA909198B54634628348C
:10164000C35C0CA909198B54069B0CA9C35C2834F4
:1016500009198B540132282A01D100F0A5FC079BFF
:10166000995CE92901D100F051FC0B00203B5E2B75
:1016700082D90F230693013B9C46013B0593053B12
:101680000493013B9846013B9946013B9A46013B36
:101690000C240B250A2609279B4697E72068036838
:1016A000DE68564501D000F0B8FE0022564B57497F
:1016B000C318DA7000234E327C30C254CA5C002A50
:1016C00002D00133282BF8D1514B9B46E35CA34455
:1016D000002B44D0C8230593C33BA04699465C46E3
:1016E00026AE049629220021049805F0A3FA2000D2
:1016F00018F096FB0700282800D928273A00210077
:10170000049805F09DFA434618680368DB681E00DC
:10171000534501D000F08AFC4B4600223A49C318D9
:10172000049E5A5405993278043100234118002A46
:1017300008D0CA54F2185278002A02D00133282B5C
:10174000F7D10496E4192378002B07D0012399449C
:10175000059B283305934B46082BC3D14446584676
:1017600018F05EFB502103002A4A280006F01AFEFA
:1017700020680368DE68564501D000F0EBFD0022CA
:10178000214BC3189A722A78002A01D100F091FEE9
:1017900000239530FF30C254EA185278002A02D054
:1017A0000133282BF7D120680368DE681A4BE35811
:1017B000002B00D098E3194B564501D000F013FEE2
:1017C0000021114A821891731978002901D100F083
:1017D0008EFE8D250022AD00401901338154995CA5
:1017E000002900D134E60132282AF7D130E6C0467C
:1017F00084FEFFFF85FEFFFF86FEFFFF87FEFFFFE3
:1018000088FEFFFF8EFEFFFF4406000009A70110BF
:10181000A10E000018A701109C0E0000F4A50110F5
:1018200020680368DE68564501D000F0EEFD002216
:10183000AC4BAD49C318DA70002354327C30C2542B
:10184000CA5C002A02D00133282BF8D1A289002AD1
:1018500001D100F03FFE500801D100F038FE012117
:101860000B00084013401B18900834D008401B1888
:10187000D00830D008401B1810092CD008401B1885
:10188000500928D008401B18900924D008401B1884
:10189000D00920D008401B18100A1CD001405B184A
:1018A000500A18D0012108401B18900A13D0084094
:1018B0001B18D00A0FD008401B18100B0BD0084083
:1018C0001B18500B07D008401B18900B03D0014089
:1018D000C918D30BCB1850212800844A06F062FDAA
:1018E00020680368DE68564501D000F066FD0022DE
:1018F0007C4BC3189A712A780023F430002A07D051
:10190000C254EA185278002A02D00133282BF7D1AA
:10191000A289002A01D100F045FD500801D100F054
:1019200041FD93083ED001210E0008401640801969
:101930000B401B18D00830D008401B1810092CD0C1
:1019400008401B18500928D008401B18900924D0C3
:1019500008401B18D00920D008401B18100A1CD0C2
:1019600001405B18500A18D0012108401B18900A4A
:1019700013D008401B18D00A0FD008401B18100BBA
:101980000BD008401B18500B07D008401B18900BB9
:1019900003D00140C918D30BCB1802229A429241BE
:1019A0000A23134050212800514A06F0FBFC20680E
:1019B0000368DE68564501D000F0F7FC0022494B71
:1019C000C3181A722A7845300023FF30002A07D046
:1019D000C254EA185278002A02D00133282BF7D1DA
:1019E000A389002B47D0580801D100F07BFD0121CD
:1019F0000A0008401A4080189A0801D100F06DFDD5
:101A00000A401218D80830D00840121818092CD0F3
:101A100008401218580928D008401218980924D0F4
:101A200008401218D80920D008401218180A1CD0F3
:101A300001405218580A18D0012108401218980A7B
:101A400013D008401218D80A0FD008401218180BEB
:101A50000BD008401218580B07D008401218980BEA
:101A600003D001408A18DB0BD21893009B185B004F
:101A7000022A00D90A33502128001E4A06F092FC9F
:101A800020680368DE68564501D000F0EFFC0022B4
:101A9000144BC3189A722A78002A13D00023953069
:101AA000FF30C254EA185278002A02D00133282BA2
:101AB000F7D120680368DD68554501D000F0CEFC01
:101AC000084BC318002283215A7300238900401851
:101AD00009494532C254CA5C002A0FD00133282B71
:101AE000F8D10BE0440600009DA70110B0A701103B
:101AF000C0A70110D8A70110E9A70110206803684A
:101B0000DD68554501D000F0A7FC00229721594B14
:101B10008900C318DA730023401857495532C2545C
:101B2000CA5C002A00D193E40133282BF7D18FE45B
:101B3000524B5021E35828000133514A06F032FC41
:101B400020680368DE68564501D000F056FC00228C
:101B5000484BC318DA702A7800237C30002A07D05B
:101B6000C254EA185278002A02D00133282BF7D148
:101B7000424BE3585A1C91008B4693445A460B2A19
:101B800001D90B2293469E00F618B3454BD93D4B25
:101B9000049705933C4B9946B0464146059A013659
:101BA000B300D258049B28009B880092CB400121AF
:101BB0000B40013B56318B4378334A46019307393A
:101BC000330006F0EFFB2D4B2068E25893009B1882
:101BD0004246D11AE9231B01E3584A005B1A5942D5
:101BE0004B4101680532C968DFB28846514500D0D3
:101BF00025E2132A15D81F4B8118CF5429780029C4
:101C00000FD093009B18DB000433C0180023049FFF
:101C1000C154EA185178002902D00133282BF7D19A
:101C20000497B345B8D1194BE358002B00D1E1E23A
:101C3000174B20680268D568554501D000F01EFC9E
:101C400000210C4A821811741978002901D100F082
:101C50004EFCA1250022AD00401901338154995C4E
:101C6000002901D1FFF7F4FB0132282AF6D1FFF752
:101C7000EFFBC0464406000009A80110940E0000C6
:101C8000D0A6011040B70110F8A601109C0E00006C
:101C900088A501102068954B0268D668564500D08B
:101CA0007AE30021924A8218D1701978002909D06C
:101CB00000227C3001338154995C002902D001322A
:101CC000282AF8D1B988002901D100F00EFC4B0870
:101CD00001D100F019FC0122904640460A40034021
:101CE0009B188E0801D100F00AFC0640F618C808BF
:101CF00001D100F002FC434603409B190A099346B8
:101D0000049301D100F0F7FB42465F463A409B182E
:101D10004A09944601D100F0D7FB47463A409B1848
:101D20008A0900D1B3E33A409B18CA0900D1AEE357
:101D30003A409B180A0A00D1A9E3170042463A40EC
:101D40009B184F0A0122002F00D19CE31740DB199A
:101D50008F0A00D197E31740DB19CF0A00D192E335
:101D60001740DB190F0B00D18DE31740DB194F0B28
:101D700000D188E31740DB198F0B00D183E31740B4
:101D8000DB19CF0B00D17EE3024092195E4601338E
:101D900001273E40B6186046624692B2002828D01D
:101DA0003A40B6188A0924D03A40B618CA0920D059
:101DB0003A40B6180A0A1CD03A40B6184A0A18D057
:101DC0003A40B6188A0A14D03A40B618CA0A10D057
:101DD0003A40B6180A0B0CD03A40B6184A0B08D055
:101DE0003A40B618880B04D0012202409619C90B5C
:101DF0007618B10089194900022E00D90A313D4AEE
:101E0000A258002A00D19BE23B4801900091280093
:101E100050213A4A06F0C6FA20680368DE68564543
:101E200000D037E300220100314BA431C3181A71EE
:101E30002A780023002A08D0CA54EA185278002AC7
:101E400002D00133282BF7D120682D4B26AAC2CB14
:101E5000C2C21B6800271360264B26AEE2589B4681
:101E6000F0239946EA3B1D000492049A016853420C
:101E70005341CA68033390469F4200D348E2336817
:101E80009C46E9231B01E358DB1B59424B41DBB263
:101E9000D04500D032E2164A41198B546346197876
:101EA000002913D04B460433049301239C44049B24
:101EB0000022C31860469954815C002902D0013287
:101EC000282AF8D15B46E358206804935023013751
:101ED000023599440436C8E7064BE358002B00D17D
:101EE000D8E6084B2068D7E6074B65E468A50110E3
:101EF000440600009C0E000074A5011090A601107D
:101F000070B7011058A50110D4A50110D0239B0073
:101F1000C35C0CA9B8318B54DD4B0CA9C35C3131C7
:101F2000FF318B54D1230CA99B00C35C5931FF3185
:101F30008B54D84B0CA9C35C8131FF318B54D64BE9
:101F40000CA9C35CA931FF318B54D44B0CA9C35CE1
:101F5000D131FF318B54D22388249B000CA9C35C60
:101F6000F931FF318B54CE4BA400C35C0CA9091985
:101F70008B54CC4B2834C35C0CA909198B54CA4B25
:101F80002834C35C0CA909198B5408210CABE0332D
:101F900099541023693C0CA9FF3C09198B54013258
:101FA000282A01D0FFF75BFB099D0A9C2B78002BA8
:101FB00039D1BE4BBE4A02920193A02201230020D8
:101FC0000093089903940F33520001F0EFFC089B33
:101FD000013510330893079B283307930C9B9D42D0
:101FE00001D0FFF788FA0B9BC92098460E9BC822A8
:101FF0009B460F9B800019009200404404F020FE95
:102000002A005B4613CB13C203CB03C20022414616
:10201000A84BCA54C7239B009D44F0BCBB46B246A4
:10202000A946A046F0BDA24BA34AC4E74B461A01FD
:10203000002300210093049BB047FFF783FB2B0094
:10204000002112010097C047EBE5012200923032D7
:102050009A4BFF320021A8472368994A98461B688B
:102060001B69934201D1FFF730FA40469847D1E708
:1020700038009847FFF779F80022009211320021CA
:10208000FF32A847FFF700FA012300220093002146
:102090002B00B047FFF79AF800231022009300218D
:1020A0002B00C047874BE358002B01D0FFF7B4F853
:1020B000FFF7D3F820680368DE68564500D08BE14F
:1020C0000022814B8149C318DA7000234A327C30E8
:1020D000C254CA5C002A02D00133282BF8D17C4BB1
:1020E0005021E35828007B4A06F05CF92068036819
:1020F000DE68564500D068E100220100724BCC3109
:10210000C3185A712A780023002A08D0CA54EA1842
:102110005278002A02D00133282BF7D12068F4230B
:102120001B019B466C4B0026082598466B4F5B466F
:10213000E35C0122F3401A423FD00368DB68994612
:10214000AB1C0493D14569D1132D35DC00215E4BC6
:102150004219D154A9004919C900043141184E222D
:1021600000234046CA54C25C002A02D00133282B07
:10217000F8D180466B1C9C4620683B680268D56895
:102180006246554544D1132A16DC002581184E4A73
:102190008D54197800290FD0624692006244D20013
:1021A00004328018002201338154995C002902D046
:1021B0000132282AF8D12068049D01360837062EFE
:1021C000B5D10368DD6855452ED1002297213E4BDD
:1021D0008900C318DA730023401841494532C254BC
:1021E000CA5C002A01D1FFF733F90133282BF6D15D
:1021F000FFF72EF93B4B1CE5002200210092300036
:10220000394B2032C047FFF71EF8384BFFF706F96D
:10221000002112010091A8472068CDE70021344B2E
:102220002A010091C847A5E7324B00220092F03204
:102230000021A847FFF70CF9013B1193FFF7A0F825
:10224000119B002B01DAFFF7A9F8269F002F01DA76
:10225000FFF7A4F8FF1AFB17FA18FA21FF435A40B8
:1022600001231000FF17890090469F4303F002FEF0
:102270000191FA214046890003F0FCFD2D370090C2
:102280003B00502128001C4A06F08CF8FFF78EF81E
:10229000430300004503000046030000470300001D
:1022A000490300004A0300004B030000D5EEE400A0
:1022B0001C2918006C0600009FD9BA0070A80110F4
:1022C000C50300109C0E00004406000029A8011060
:1022D0003C0F0000E0A7011039A8011014B701104D
:1022E0004DA80110ACA5011070A6011018A6011090
:1022F00038A801104CA801106CA701100093002110
:1023000063462A01C047824B2068E3580493DDE509
:10231000524500D0C5E0002297217E4B8900C318AA
:10232000DA73002340187C493C32C254CA5C002A4C
:1023300001D1FFF78DF80133282BF6D1FFF788F88C
:10234000764862E50023C022009300212B00B047AD
:10235000FFF745F80023A022009300212B00B0478F
:10236000FFF721FA0022002100926D4BE032A847CE
:10237000FFF74DF8013B2693FFF710F800939022EA
:102380002B000021C047FEF7ECFF009360222B00DA
:102390000021B847FEF7BEFF002200210092303234
:1023A000B0478FE40023FFF7FDFA0023802200935B
:1023B00000212B00B047FFF713FB0023602200939E
:1023C00000212B00B047FFF7A3FA0023502200930F
:1023D00000212B00B047A1E6002200210092514BC2
:1023E0003032B0477BE6002200210092E032B04755
:1023F00020680368DD68FFF72EF800233022009381
:1024000000212B00B047FFF7B3FB00220021009210
:10241000454B3032B047FFF719FA002200210092F5
:10242000424B3032B047FFF74FF9002200210092B3
:102430003F4B3032B047FEF749FF354AA258002AD9
:1024400001D0FEF7F3FE3B4BE358042B00D937E6EF
:10245000394A9B00D3589F46384BE6E600220021BC
:102460000092374BD032A847FFF748FB0023A02249
:10247000009300212B00B047FFF71BFB00220092C6
:102480000132FF32D4E6024092190E0980E45E4622
:10249000049A7DE400234022009300212B00B047E2
:1024A000D2E4002200210092264BF032C047FEF712
:1024B000CFFF17496158002901D1FFF77CF99A73C2
:1024C0004521214BFFF785F90126049A60E4012399
:1024D000FFF701FA0023FFF7FEF983001B185B00EA
:1024E000FFF7C9FA0A23FFF7C6FA002387E4174B60
:1024F000E318FEF7B8FF01367BE4330079E40132DC
:102500009100891849007AE401230A2177E4C04642
:102510009C0E000044060000ADA601107CA5011031
:1025200084A7011028A801109CA7011008A701107A
:102530002CA701108C0E0000A0B6011008A80110F5
:10254000E8A70110ACA60110D4A50110120F0000DD
:10255000F0B5424C424BA54404006B4418000021E6
:10256000404A04F067FB25682B685E693E4B9E423B
:102570004DD13E4BEB5C002B39D0002101A8FEF77A
:10258000D3FB3B4B01216B441800FEF7CDFB394ACE
:1025900001AB9B5C032B2AD0684635494018825C0E
:1025A000032A24D0012B48D0012A43D1E0231B0168
:1025B000C3582F4A01206A441100CE22D200A850ED
:1025C0002D4A0C31AB50DF252C4B2D016B441D6087
:1025D000234B2A006B44180004F032FB2900204BE7
:1025E000221D6B441800FEF7BBF9002809D1EA232D
:1025F00001221B01E254224B22492432E01804F04C
:102600001FFB2000FEF78CFD1F4B9D44F0BD802278
:102610001A4B134928006B4452016944B047022801
:10262000E5D00128EDD16B4680220D4952015B189F
:102630009958D4E71343E4D0D9E7E02601AB36013B
:1026400000209B5901A9012AB7D16A46084FD21927
:1026500092599A42B1D91300ABE7C046E4D3FFFFC9
:10266000141C000004100000910E00106D06000004
:102670000C0E0000040E000074060000142C000074
:10268000120F000094A801101C2C0000F0B5454664
:10269000DE4657464E46E0B5954C0D00A544040075
:1026A0001B291ED0934B29229C468444002160465E
:1026B000E14604F0BFFA904BE358052B06D88F4A49
:1026C0009B00D3589F460D2D00D12AE22000FEF733
:1026D00027FD8B4B9D44F0BCBB46B246A946A046A5
:1026E000F0BD0023844A0021835004328350814B83
:1026F0002922C01804F09EFA2000FEF711FDE8E739
:102700000D2DE3D1A089002801D100F017FC41086C
:1027100001D100F00BFF0122130011400340C91842
:10272000830801D100F015FF13405B18C10830D0B9
:1027300011405B1801092CD011405B18410928D0C9
:1027400011405B18810924D011405B18C10920D0C9
:102750000A409B18010A1CD0012211405B18410A53
:1027600017D011405B18810A13D011405B18C10AC1
:102770000FD011405B18010B0BD011405B18410BBF
:1027800007D011405B18810B03D00A40D218C30B4D
:10279000D3189A00D21852009246022B01D90A325D
:1027A0009246A3689846013306D05346DB436268DD
:1027B00002929A4200D8CAE31C224846514904F0CA
:1027C0003FFA83E7504B9D4200D1DCE24F4B9D42E4
:1027D00000D1C2E14E4BE358002B00D1E2E233209E
:1027E0000321FA229200954200D1A5E1494A95427F
:1027F00000D0F3E2E9252D016059013003F062FBBE
:10280000615163E7424BE3581E1E00D09DE10D2D40
:1028100000D191E0404BE01817F002FB082D00D1E9
:10282000C3E27F2D00D1C0E22B00203B5E2B00D9FC
:102830004CE75F2800D949E7374B2018C554374B80
:10284000C018067042E7324BE3581E1E00D07CE1F0
:102850000D2D00D189E100DC45E37F2D01D100F091
:102860004DFE01DD00F0FDFD2A002C3A0D2A00D9B5
:102870002CE72B4BD340DB0700D427E7294B2A4812
:10288000E358DB00C01820181F0017F0C9FA06280B
:1028900000D91BE7244AE3191B189D54234A9B18AF
:1028A0001E7013E7224B0521E05883001B18DA1F26
:1028B000042A01D80631C91A1E4AAA18012A00D8CA
:1028C00052E2FA229200954200D135E1114A954236
:1028D00090D00F4AA258002A01D100F0BFFC0D2D64
:1028E00000D134E1313D082D00D9EFE62FE1C0469B
:1028F000E4C2FFFF120F00008C0E0000B4B60110FE
:102900001C3D00007CA90110EA030000EB0300005D
:102910009C0E0000E9030000A10E0000A20E0000C2
:10292000F53F0000980E0000020F0000030F0000AA
:10293000940E000016FCFFFFF24D04ABED18231DB2
:102940001900F14A28009B4604F07AF9EF4BF04851
:10295000E11804ABC018612204F072F9EA231B01EC
:10296000E35C002B01D000F03DFCEA4B04AA9F1869
:1029700038002900FDF71EFF8022266852013368C7
:1029800003979B69BF58E44AB246934201D000F0D6
:10299000EDFDE24BF35C002B01D100F0A8FDE04B14
:1029A000F35C002B01D000F0A2FDDF231B019F424E
:1029B00001D000F09CFDDB4AB358013301D100F097
:1029C00096FDD9480BF0EAFCF723184201D000F03D
:1029D0008EFDCE23DB00F35800215A425341D8B27A
:1029E0000290E022A1A88046120104F023F940469B
:1029F000CE4BCC4AA193B35803990133A2933A002A
:102A00000781A4A804F01CF9C94B04AA9B189C4692
:102A10000123260001214446C64A5B422078013446
:102A200058404308084040421040434058080B407B
:102A30005B42134058404308084040421040434026
:102A400058080B405B42134058404308084040423E
:102A50001040434058080B405B4213405840430825
:102A6000084040421040434058080B405B4213402E
:102A700043406445D2D1DB433400AD4A04A95350EE
:102A8000029AAD4B9100C9580A2208A80AF07AFCB4
:102A9000002801D000F02BFDE022414607AB1201D7
:102AA000079008A80BF074F9070008A80BF0E0FAEB
:102AB000060008A80BF034FCE021079B09010393F2
:102AC0008B4201D000F00FFD3A0003003243134364
:102AD000DBB2002B01D000F006FD984B04AA9E1833
:102AE00030000299FEF720F9954B3000F35C012B82
:102AF00001D000F0F8FC4146039A16F029FF0028A7
:102B000001D000F0F0FCCE235146029ADB00CA50FF
:102B1000844A8B5801338B5029005846894A04F067
:102B20008FF80023884A0021A3500432A35048465E
:102B3000292204F07FF8C9E5E9252D016059013803
:102B4000401803F0BFF96151C0E50D2DE9D01D22F9
:102B500048467E4904F074F8B8E500237C4AA35047
:102B60000C3AA3507B4AA350B0E5664D04ABED1878
:102B7000231D19002800644A9B4604F061F8764B37
:102B8000E35C002B01D100F0CDFC744904ABC91803
:102B9000714BE018FDF796FD002801D100F083FC91
:102BA0006E4B04AA9E586E4BE35C002B01D100F0E3
:102BB000D6FC6C4904ABC918694BE018FDF782FDDF
:102BC000002801D100F06FFC664B04AA9A58EA2352
:102BD0001B01E35C002B00D004E304A98C465F4B8F
:102BE000290063441E605F4B63441A60494B634491
:102BF00018001F00FDF7DEFD8022266852013368B1
:102C000003979B69BF58444AB246934201D000F0F3
:102C1000ADFC424BF35C002B01D100F068FC404B53
:102C2000F35C002B01D000F062FCDF231B019F420C
:102C300001D000F05CFC3B4AB358013301D100F0F5
:102C400056FC39480BF0AAFBF72302001A4011008A
:102C5000184201D000F04BFCCE23DB00F3585A425F
:102C60005341D8B20290E022A1A88046120103F09D
:102C7000E1FF40462D4B2B4AA193B35803990133F2
:102C80003A00A2930781A4A803F0DAFF01232700EA
:102C900001214446274A5B42207804AE584043084D
:102CA000084040421040434058080B405B421340EC
:102CB00058404308084040421040434058080B40E9
:102CC0005B42134058404308084040421040434094
:102CD00058080B405B4213405840430808404042AC
:102CE0001040434058080B405B421340434010489B
:102CF00001348019A042CFD1DB430D4A3C009351EF
:102D0000BEE6C0467C1E0000880E0000A10E00003A
:102D1000901E0000042D0000610F00106D060000E1
:102D20006E0600007406000050A501104C50523190
:102D3000701000002083B8ED0CB701107410000073
:102D4000040E0000860E00008C0E0000F0A801109A
:102D50009C0E0000940E0000020F0000881E000070
:102D60000A0F00008C1E0000664B0321ED186B1E3D
:102D70009D410135401903F0A5F80022624BE15056
:102D8000043BE250A2E46149614A6358A25C934269
:102D900015D20133E922635000231201A3505A4A8D
:102DA000A35093E4342004211BE5002800D18DE4D6
:102DB000EA2320181B01C0180023037086E4002AB0
:102DC00000D155E3534B29214846534A05F0EAFA0E
:102DD0004E4BE358002B00D178E43320302D01DD39
:102DE00000F041FC0D2D00D070E4E9231B01E558F3
:102DF0004A4A04ABD2181100494BAD00C1CBC1C146
:102E00001B6848460B60AD580022464B0021E55038
:102E10000433E250293203F00DFF022D00D129E3E3
:102E2000032D00D052E400223F4BE2503F4B9C4622
:102E3000364BA444E3586746002B00D193E33C4A49
:102E40001F21A05CC01A1F3003F03CF874234B43D1
:102E50007C33E3189D6808220021380003F0EAFE65
:102E6000002D00DB8BE3334B9C46284BA444E358F6
:102E70006746002B34D02E4A1F21A05CC01A1F3099
:102E800003F020F874234B437C33E318082200211D
:102E90003800DD6803F0CEFE01239846002D01DAEC
:102EA000FFF714FCFA212800890002F0E3FFFA2161
:102EB00006008900280002F0DDFF33000091380091
:102EC00008211D4A05F06EFA4346012B01D1FFF798
:102ED000FDFB3B0008331F000C4BE358002BCAD10D
:102EE00023000833D2E7082D00D107E3092D01D0D4
:102EF000FFF7ECFB01230C4AA1585B1AA350FFF724
:102F0000E5FBC04615FCFFFF940E00009C0E000080
:102F1000890E0000BCA80110ECA80110042D0000CF
:102F200080B701108C0E0000980E0000020F000008
:102F3000880E00000A0F000044A50110A3689846FF
:102F4000013300D138E46368029300239A46A94D07
:102F500004ABED18231D1900A74A28009B4603F077
:102F60006FFE7420A54E04A9AB5D71225843A44B9B
:102F7000C01804ABC018A34BC018F4235B01591848
:102F800003F05EFEA85D1F21013002F09BFF9E4A08
:102F9000A955AB5C1E2B01D80133AB545646029B9E
:102FA000944A9A4F9A48F61804ABFF18D65000215D
:102FB0007022C018039703F03DFE04A98C4601233C
:102FC000F420944A3B606244023B1360924A400101
:102FD0006244136039007122604403F031FE4246BE
:102FE000531C6B60029B1D2B00D963E21D2E00D980
:102FF000A0E200230493A5235B009E4203D3202379
:10300000049A1A430492854BE358002B00D09EE5A6
:10301000EA231B01E35C002B00D0E3E0039F2900BF
:103020003800FDF7C7FB80222668520133680397FA
:103030009B69BF587A4A0296934200D0B8E2794B16
:10304000F35C002B00D152E2774BF35C002B00D0F5
:103050004DE2DF231B019F4200D048E2734BF3583F
:10306000013300D143E272480BF098F9F7230200D4
:103070001A401100184200D039E2CE23DB00F35889
:10308000A1A85A425341DAB20592E02280461201C9
:1030900003F0D0FD4246674B0399A193634BA4A86C
:1030A000F35826000133A29317813A0003F0C8FDBC
:1030B000614B04AA9B189C460123012144465F4AA8
:1030C0005B42207801345840430808404042104099
:1030D000434058080B405B421340584043080840A7
:1030E00040421040434058080B405B421340584058
:1030F0004308084040421040434058080B405B42A0
:10310000134058404308084040421040434058088C
:103110000B405B42134043406445D2D1DB43464AF7
:1031200004A95350059A464B9100C9580A2208A891
:1031300034000AF027F9002800D0D8E1E022414607
:1031400007AB1201079008A80AF022FE070008A8A2
:103150000AF08EFF060008A80BF0E2F8E021079BBA
:10316000090103938B4200D03CE23A000300324352
:103170001343DBB2002B00D034E2324B04AA9E187A
:1031800030000599FDF7D0FD2F4B3000F35C012B8B
:1031900000D027E24146039A16F0DAFB002800D05F
:1031A00020E2CE230299059ADB00CA501F4A8B58B1
:1031B00001338B5029005846244A03F041FD524602
:1031C000234B0021E250049A0433E2540522214BA0
:1031D0004846E25000220433E250293203F02AFD2F
:1031E000FFF774FA282248461B4903F029FDFFF730
:1031F0006DFAC0467C1E0000880E0000840E0000A0
:10320000083D0000ECE1FFFF850E0000042D0000EA
:10321000082D00000C2D0000102D00009C0E000059
:10322000610F00106D0600006E06000074060000BD
:1032300050A501104C505231701000002083B8EDA1
:103240000CB7011074100000040E0000860E000080
:103250003C0F00008C0E000010A901100D2D00D1B4
:103260003BE1313DAA46082D01D9FFF72FFAE24D87
:1032700004ABED18231D19002800E04A9B4603F01B
:10328000DFFCEA231B01E35C002BABD15246012398
:103290009340A2892900534002932B81D84B04AA62
:1032A0009F183800FDF786FA80222668520133689D
:1032B00003979B69BF58D34A0496934200D07FE19D
:1032C000D14BF35C002B00D111E1D04BF35C002B10
:1032D00000D00CE1DF231B019F4200D007E1CC4A64
:1032E000B358013300D102E1CA480BF057F8F72375
:1032F00002001A401100184200D0F8E0CE23DB0093
:10330000F3585A425341D8B20590E022A1A8804612
:10331000120103F08FFC4046BF4BBD4AA193B35846
:1033200003990133A2933A000781A4A803F088FC13
:10333000BA4B04AA9B182600012440469C46012152
:10334000B74A64420378013063405C080B405B423B
:10335000134063405C080B405B42134063405C08D1
:103360000B405B42134063405C080B405B421340E0
:1033700063405C080B405B42134063405C080B40B9
:103380005B4213405C4063080C406442144063405D
:103390005C080B405B4213405C406045D2D1E34384
:1033A0009E4A04A95350059A9E4B9100C9580A227F
:1033B00008A8340009F0E6FF002800D097E0E022DA
:1033C000414607AB1201079008A80AF0E1FC07008C
:1033D00008A80AF04DFE060008A80AF0A1FFE021A7
:1033E000079B090103938B4200D000E13A000300E0
:1033F00032431343DBB2002B00D0F8E08A4B04AA1F
:103400009E1830000599FDF78FFC884B3000F35C67
:10341000012B00D0EBE04146039A16F099FA002800
:1034200000D0E4E0CE230499059ADB00CA50784A24
:103430008B5801338B50029B7D4A2B8129005846C3
:1034400003F0FEFB0521504602F03CFD794B0521BF
:10345000E050504602F036FDE9231B01E150FFF732
:1034600035F9754BED18012D00D843E5FFF72EF91E
:10347000724BA8E42100724B0831E358002B0AD0AC
:103480005E4A1F21A05CC01A1F3002F01BFD74238E
:1034900059437C3161186B4B61221031E01803F005
:1034A000CFFBFFF713F923224846674903F0C8FB17
:1034B000FFF70CF9452B00D891E0772B00D887E077
:1034C000B32B6ED9F92B62D90022A5230492029A5C
:1034D0005B009A4200D396E58DE5E9221201A258DD
:1034E0009B189A46C3E601225146484BCA541E22F5
:1034F0004846564903F0A4FBFFF7E8F8544BE5585B
:10350000544BED00E818201816F08AFC002801D171
:10351000FFF7DCF8504A63191B189B1800221A7039
:10352000FFF7D4F801267642FFF73DFB0A239A46BF
:10353000FFF737F901230493452E00D85BE5772E7A
:1035400000D88BE0B32E1DD90E23049A1A4304929F
:1035500059E58B005B185B009A46FFF722F90122C0
:103560005242FFF734FB2300083373E43A0050461D
:1035700003999847002801D0FFF7CEFAB7E7002358
:1035800098468FE40623049A1A43049233E50023F5
:103590000493F92E00D836E51023049A1A430492B6
:1035A00029E50023B32E18D908221A430492F0E724
:1035B00030003A0003999847002800D0FAE596E7D2
:1035C00030003A0003999847002800D033E78EE78F
:1035D000772E4DD90423B32EE6D804930BE50023B0
:1035E0000493A9E70122094B0299CA547FE70122FB
:1035F000064B0499CA547AE77C1E0000880E00002E
:10360000042D0000610F00106D0600006E06000022
:103610007406000050A501104C505231701000008B
:103620002083B8ED0CB7011074100000040E0000E8
:10363000860E0000940E000018FCFFFFD8A80110B1
:103640009C0E0000A10E000058A9011038A901101D
:10365000980E0000020F0000010F00000223049AE0
:103660001A430492CFE4854205DC313DFFF7C0FBED
:1036700000230493C7E4342D01D0FFF727F8002B73
:1036800001D1FFF723F8FFF762FAC04670B5604832
:1036900084B00CF047F900280BD15E4803AB02AAB6
:1036A00001A902F0CFF800280AD15B48594900F07F
:1036B000F1FF5A4814F012FE55480CF04FF9ECE7B0
:1036C000039A0299019801F0E3FF00F0D9FE00F09F
:1036D000ADFE142000F0C0FFD02380221B06520351
:1036E0005A625A610BF050FF002828D14C4D4D48CA
:1036F0000CF018F94C4C002846D12000FEF728FFAA
:103700004A4D00F0DFFE0100B7280BDCB02824DDB5
:10371000B139062906D889006B589F4644492000D4
:10372000FEF7B4FF052001F04DFDEAE74149F6E759
:10373000FA218900F3E74049F1E71B21EFE7002078
:1037400000F094F801223D49383009F01BFD434256
:103750005841334D3A4BE854C9E70D28DFD005DC1A
:103760000828DCD00A2807D10D21D8E71B28D6D09D
:103770007F2804D10821D2E70928D0D0D2E703005E
:10378000203B5E2BCBD9CDE7200000212D4A20C065
:1037900003F050FA01225242D3172261636184235D
:1037A000E25004330121E25023002648A160E16782
:1037B000F033201819609A60DA6074338342F9D1CB
:1037C0000025214B2900E5500433E5501F4B6122B1
:1037D000E5501F4BE5501F4BE5500433E5541E4B9D
:1037E000E01803F027FA1D4B2900E018102203F01F
:1037F00021FA1B4B2922E018290003F01BFA194B70
:103800000848E5500433E5540CF0A8F875E7C046C5
:10381000003800208807020098A9011085030010D5
:103820006C140020FC37002010240020CCB60110BE
:10383000E9030000EA030000EB030000CCA901103B
:103840006D060000880E00008C0E0000940E000033
:10385000980E00009C0E0000A10E0000020F000058
:10386000120F00003C0F000001207047002801D11A
:10387000014870470020FCE7E81A0020012070474B
:10388000002801D1014870470020FCE7A01D00205E
:103890000EB4F0B582B008AB01936B46D0248027FC
:1038A0008025DE1C36232406AD01FF013370310074
:1038B000A7610122A5610A4816F0D6FD019B65614A
:1038C0001B6801223370310067610548A56116F05D
:1038D000CBFD656102B0F0BC08BC03B01847C04620
:1038E00000000440F0B5CE4647461E00D024802399
:1038F00080B5240683B09B018025A3610F002A2395
:10390000694681469046ED010122A56101312648B4
:103910000B7016F0A9FD40464B4601121A12DBB29D
:103920001B02D2B2C9B209041A430A4303061A435E
:10393000656101A901921C48042216F095FD2B2314
:103940006A46A56193706B460122991C164816F0D1
:103950008BFD3B123212FFB23F02DBB2D2B2120435
:103960003B43134336063343656104220E4801A9E5
:10397000019316F079FD0A9BA561002B12D02C2330
:103980006A46D3706B460122D91C074816F06CFDBD
:10399000D02380221B06D2015A6103B0C0BCB946B5
:1039A000B046F0BD2E23EBE700000440F0B54E46D4
:1039B00057464546DE46E0B593B00E001C99070019
:1039C0008946BD490A9088460024095F07920D93F5
:1039D000814200DCC1E0B94809900024005FB04298
:1039E00000DCBAE04C466243D21900D5B5E063432F
:1039F000F34200D5B1E0F443E41734402500FC4322
:103A0000013AE4173C40914200DC4A1E5B19013B3D
:103A1000984200DCA8E01D990EA8091401721D99B6
:103A2000091241721D99817211A98A4650461E9948
:103A3000091401701E99091241701E9981700121AB
:103A4000200000912900FFF74DFF0D9A002A7FDD2D
:103A50000798030053430B931E9B013300D185E06D
:103A60004B46002B74DD0023C3461D000200C846F0
:103A7000340046440E95069625004646079B05925F
:103A8000D71A0C972B000135002B54DB099B002221
:103A90009B5EAB425CDB079B002B4CDD0C9B0B9AC7
:103AA0001900013A0A9B0492089500229146002BC6
:103AB00000DAD7E007200127049A1C00521A0240BE
:103AC00097404A46D51ACA1090464A460393C146C3
:103AD0000292B8462F005D468B4607E0032251460E
:103AE000774816F0C1FC3B199E4212DD0022AB5E06
:103AF0000134A342F7DB4A461F9B9B5C42461A42B5
:103B0000ECD003226E4810A916F0AEFC3B199E4281
:103B1000ECDC029B59469946AB460022039B4E457E
:103B200002DD4846721E121A0133D318059A01317C
:103B30009142BAD1089D069B9D42A3D1079B059A4D
:103B40000E9DD2180D9B0135B046069EAB428FD11B
:103B5000D02380221B0692015A6113B0F0BCBB46F1
:103B6000B246A946A046F0BD431E54E74B46002B83
:103B7000EEDD002300271D000590059B079A0F9599
:103B80009B1A9B464B46F4185B464D46C346089429
:103B90000E9333000136002B4BDB099B00229B5E0A
:103BA000B342D5DB0B9A0E99013A0692079A0A9B0B
:103BB000002A3EDD0C96002B6ADB00220292069A58
:103BC0001C00501A0722024001209040029A0391E3
:103BD000D61ACA10B14690465E4683460493002228
:103BE000B35E0134A34212DB42461F9B9B5C5A46E4
:103BF0001A422DD150467A78B9783B7801704270DC
:103C00008370514603222E4816F02EFC03374B4694
:103C10001B199D42E3DC029AB3460399049B95422B
:103C20001CDC00220133D318059A01319142C2D124
:103C30000C9E089BB342ACD1059B079AA9469B18E2
:103C40000F9D05930D9B0135D846AB4295D17FE77B
:103C5000032210A91A4816F007FCD7E710006A1EC5
:103C6000121ADFE7F218501E1043C017002402405A
:103C70009A4201DDD41A013C581C2418D01A9A42E9
:103C800000DC012081462300864200DD12E74DE77B
:103C9000EA18501E1043C0170240D01A0400934285
:103CA00000DB012402940138934200DB0020013341
:103CB000C318A54283DCB7E7A83B0020AA3B00203D
:103CC0000000044070B5D0248025002200210F2080
:103CD00000F08EFC2D022406002201210F2000F0AE
:103CE00087FC65610021114801F0F6F900220021EE
:103CF0000F2000F07DFC012200210F2000F078FC55
:103D0000A5610021094801F0E7F9002200210F20F8
:103D100000F06EFC002201210F2000F069FC6561BB
:103D20000021034801F0D8F970BDC04610270000FB
:103D3000400D0300F0B583B0FFF7C4FFA022FE4B97
:103D400052001A80FD4BD0241A806A46E023802658
:103D50008025D3716B462406AD01F601A661D91DFD
:103D60000122A561F64816F07FFB00276B466561CE
:103D7000D91DDF7101226661F148A56116F074FB5F
:103D80006A4603216561D171694666610122A561B8
:103D90000731EB4816F068FB69460920656101228E
:103DA000C87166610731A561E54816F05DFB08231F
:103DB00068466561C11DC37101226661E048A56165
:103DC00016F052FB684616226561C11DC27166611C
:103DD0000122A561DA4816F047FB6A460A216561AF
:103DE000D171694666610122A5610731D44816F098
:103DF0003BFB3F236A46694665610731D371D04872
:103E000066610122A56116F02FFB78236A46694698
:103E100065610731D371CA4866610122A56116F058
:103E200023FB4C236A46694665610731D371C44858
:103E300066610122A56116F017FB694609226561DA
:103E400007310A70BE486661083AA56116F00CFB9E
:103E50006A460A206561D07168466661C11D01220B
:103E6000A561B74816F000FB6A4608216561D1716B
:103E7000694666610122A5610731B14816F0F4FA7E
:103E80006A4616216561D171694666610122A561A4
:103E90000731AB4816F0E8FA1A236A4669466561AD
:103EA0000731D371A64866610122A56116F0DCFADC
:103EB00069460F2065610122C87166610731A561FD
:103EC0009F4816F0D1FAE123694665610122CB7162
:103ED0009B48A6610731A56116F0C6FA694665617F
:103EE0000122CF71964866610731A56116F0BCFAD0
:103EF0006946162065610122C87166610731A561B6
:103F00008F4816F0B1FA1923694665610122CB7119
:103F10008B4866610731A56116F0A6FA694603234E
:103F200065610122CB71864866610731A56116F093
:103F30009BFA6B460F2165610122D9718048666149
:103F4000D91DA56116F090FA052369466561012225
:103F5000CB717B4866610731A56116F085FA322383
:103F6000694665610122CB71754866610731A561BB
:103F700016F07AFA4523694665610122CB717048D3
:103F800066610731A56116F06FFA462369466561DF
:103F90000122CB716A4866610731A56116F064FAA7
:103FA0000423694665610122CB716548666107316A
:103FB000A56116F059FA0E23694665610122CB719D
:103FC0005F4866610731A56116F04EFA0D23694618
:103FD00065610122CB715A4866610731A56116F00F
:103FE00043FA3523694665610122CB715448666105
:103FF0000731A56116F038FA372369466561012259
:10400000CB714F4866610731A56116F02DFA6B46FA
:104010000F226561D91DDA71494866610E3AA561C2
:1040200016F022FA6A46C0236561D3716B46A66119
:10403000D91D0122A561424816F016FA6A461723D7
:104040006561D3716B466661D91D0122A5613C484B
:1040500016F00AFA6A4615236561D3716B466661EC
:10406000D91D0122A561364816F0FEF96A46C12322
:104070006561D3716B46A661D91D0122A5613048E7
:1040800016F0F2F96A4641236561D3716B466661A9
:10409000D91D0122A5612A4816F0E6F96A46C52312
:1040A0006561D3716B46A661D91D0122A5612448C3
:1040B00016F0DAF96B466561D91DDF710122666180
:1040C0001F48A56116F0D0F96A4612236561D371C5
:1040D0006B466661D91D0122A561194816F0C4F925
:1040E0006A4680236561D3716B466661D91D0122E2
:1040F000A561134816F0B8F96A4636216561D17199
:104100006946A6610122A56107310D4816F0ACF998
:1041100048236A46694665610731D371084866617C
:104120000122A56116F0A0F93A236A466946656145
:104130000731D37106E0C046A83B0020AA3B00200F
:10414000000004409848A6610122A56116F08CF990
:1041500066236A46694665610731D3719248666194
:104160000122A56116F080F9B0236A4669466561AF
:104170000731D3718C48A6610122A56116F074F94C
:104180006A46694665610731D771874866610122D1
:10419000A56116F069F9B1236A4669466561073180
:1041A000D3718148A6610122A56116F05DF9A023B3
:1041B0006A46694665610731D3717B4866610122B1
:1041C000A56116F051F921236A46694665610731F8
:1041D000D3717548A6610122A56116F045F9B42393
:1041E0006A46694665610731D3716F48A66101224D
:1041F000A56116F039F96A4602216561D1716946F7
:1042000066610122A5610731674816F02DF9B623D2
:104210006A46694665610731D3716348A661012228
:10422000A56116F021F96A4602216561D1716946DE
:1042300066610122A56107315B4816F015F96A46EF
:1042400002216561D171694666610122A56107316C
:10425000554816F009F93B236A46694665610731FE
:10426000D371514866610122A56116F0FDF8B723AC
:104270006A46694665610731D3714B48A6610122E0
:10428000A56116F0F1F8C6236A46694665610731F3
:10429000D371454866610122A56116F0E5F8E9236E
:1042A0006A46694665610731D3713F48A6610122BC
:1042B000A56116F0D9F86A46694665610731D7717C
:1042C000394866610122A56116F0CEF8F7236A46E7
:1042D000694665610731D3713348A6610122A56142
:1042E00016F0C2F8A9236A46694665610731D371A1
:1042F0002D4866610122A56116F0B6F851236A4681
:10430000694665610731D371274866610122A5615D
:1043100016F0AAF82C236A46694665610731D37105
:10432000214866610122A56116F09EF882236A4643
:10433000694665610731D3711B4866610122A56139
:1043400016F092F811236A46694665610731D37108
:1043500015480122A661A56116F086F878206561EE
:1043600000F030FF29236A466946D37107310122E4
:10437000A6610D48A56116F077F87820656100F018
:1043800021FF6A463623D3716B46A661D91D0122EF
:10439000A561054816F068F84822012136206561BC
:1043A000FFF776FA03B0F0BD0000044070B50A20B4
:1043B00000F052F90B2000F04FF90C2000F04CF9FE
:1043C0000D2000F049F90E2000F046F90F2000F012
:1043D00043F9D02480232406DB00636280231B0181
:1043E0006362802680238025DB01B6012D02666290
:1043F0000C4963620C48656204F0DEF901210A2071
:1044000000F0DEF801210B2000F0DAF801210C2089
:1044100000F0D6F801210C2000F0FCF8666165611F
:1044200070BDC04640787D010000044010B5FFF724
:10443000BDFFFFF77FFC0B4B0B4C1A680B4B117841
:10444000527819800A4B1A800A4B0020185E01F03E
:1044500011FDFF22084B12021A600022074B207048
:104460001A6010BDE41D0020B23B0020A63B0020D6
:10447000A43B0020A83B0020743B0020703B0020A0
:1044800010B50321072000F09BF80321062000F05F
:1044900097F80949094804F0F9FB00220121072097
:1044A00000F0A6F800220121062000F0A1F8012268
:1044B000034B1A7010BDC04610270000701E00206C
:1044C000AE3B002030B587B000236A46D382093363
:1044D0001375324B1B78002B3AD000F09DFF002360
:1044E0002F4A304C80185941002935DB00230290B7
:1044F000039100931F212000013305AA04F0EEFB75
:10450000033043D8102000F05DFE00F085FF00234B
:10451000234A80185941002922DB002516220290E7
:10452000039102231F21200000956A4404F0F6FB4A
:1045300003302FD86B46D88A002809D01A4B9842EE
:1045400016D01A4B98420FD0FF230340012B12D0F4
:104550000120404207B030BD012015494042C5E767
:10456000012013494042D8E70122124B1A60EFE7BD
:10457000104B1D60ECE7000A0300613B192BE9D8E2
:104580000C4B1B68002BE5D06038E3E70A4804F0C9
:10459000F5F8DDE7094804F0F1F8D9E7AE3B002073
:1045A00020A10700701E0020037E0000027E000094
:1045B000FFFFFF7F603B0020F0AA011010AB01104D
:1045C00010B54024074A83009A181268C00054406E
:1045D000C0222240044C1B191A60044BC0184160D1
:1045E00010BDC04604C0014004D00140004001405D
:1045F000064B8000C3181B68C90092000A435A404A
:104600000C231340024A80180360704704C0014025
:1046100004D001408000002904D0054BC0180223BB
:1046200003607047034BC01802230360F9E7C046DC
:1046300004E0014004F00140054B8000C3181B68F2
:10464000090159403023034A0B408018036070472A
:1046500004C0014004D001400123D022834012064F
:1046600093629361084A83009A181168402251406E
:1046700080320A400549C0005B181A60044BC0181C
:10468000052343607047C04604C0014004D0014088
:10469000004001400FB400B5084883B004F06EF844
:1046A000049B002B07D005A91800019103F08EFE92
:1046B000034804F063F8012003F0A0FE34AB0110BE
:1046C00044AB011070B58C461600EFF3108472B63F
:1046D0000F490B68002BFCD0BFF35F8F6346DB08EC
:1046E000C5180722C05C63461A40012393401A0094
:1046F0000240034207D118432870BFF35F8F0A605E
:1047000084F3108870BD61463000FFF7C3FFC046D8
:104710002C0100D0F8B5CE4647468C4680B51C002B
:10472000EFF3108872B61C490B68002BFCD0BFF366
:104730005F8FA24221D80723994602E001329442BA
:1047400018D34946012611408E40D308C718C35CD0
:104750001E42F3D1100033433B70BFF35F8F002242
:104760000D4B1A6088F3108800280EDBC0BCB946D8
:10477000B046F8BD01204042EFE7BFF35F8F002352
:104780000B6088F31088012040426346002BEDD077
:104790000898FFF77FFFC0462C0100D0044A10782C
:1047A000431CDBB2172B00D9102313707047C0468F
:1047B000E81D00200021044B044ABFF35F8F02C3B1
:1047C0009342FAD17047C046000100D0800100D06A
:1047D000084B094A1360094A1360094A1360094AE1
:1047E0001360094A1360094A1360094A1360094AB1
:1047F000136070478080808000E400E004E400E003
:1048000008E400E00CE400E010E400E014E400E060
:1048100018E400E01CE400E01F2318401E3B834026
:10482000002905D0C021044A490053501360704745
:10483000802201498B50FAE700E100E070B50D00DD
:10484000EFF3108672B60F4A1368002BFCD0BFF34B
:104850005F8F0D4B10309B6884001B590B4A9342AD
:1048600003D09D4201D001F0D9F9074B9B681D513F
:10487000BFF35F8FBFF35F8F0022024B1A6086F396
:10488000108870BD240100D000ED00E0C1010010CF
:10489000F0B5DE4657464E464546E0B5824683B003
:1048A0008B461700EFF3108872B6604A1368002B2E
:1048B000FCD0BFF35F8F00255D4B5D579946002DFF
:1048C00000DA9AE04A466B005A4C5E19B600019332
:1048D000A31900939B791370574B9A685346103372
:1048E0009B00D15899460B1B2F2B32D9534B994221
:1048F00000D098E0019B0236ED18514BAD00635398
:10490000504BA619043B9B1B4F4A1B055B0D6519B9
:1049100013436B804D4B0121AB80FF23AB715B4692
:10492000AB60009BEF710B4319004A46424B9B68FA
:104930009950BFF35F8FBFF35F8F00223B4B1A602C
:1049400088F3108803B0F0BCBB46B246A946A04627
:10495000F0BD01200A008243D379B446BB422DD872
:104960003B4BB51C190013001B1B5B415943090D40
:104970008C46334B6519A353324B0099043B5B1BA8
:104980001B05314D5B0D2B4304364B80A619131FBD
:104990009B1B1B055B0D1D4363468B715B468B6048
:1049A0002C4B8D80CF7113600143BEE75800C018B7
:1049B00080002018C679BE4225D902000623D356AE
:1049C000002BF3DA9A46131D9C4623486346009E4B
:1049D0009571043EF61A36051B4B760D1E43019B5E
:1049E00096805A1953469200A418A3715B46194A3F
:1049F000A0802260E771A36097E701F00FF900251E
:104A00004B465D575EE766469A46131D9C46908866
:104A1000043640050015A6196044801B00050A4EA7
:104A2000400D3043D2E701F0F9F863E7240100D0EC
:104A3000B13B0020EC1D002000ED00E0C1010010A2
:104A400000A1FFFF1C1E002000E0FFFF01BDFFFFD3
:104A5000AAAA00000148804701BD000001230343CA
:104A600070B59C46EFF30581EFF3108572B6214ACD
:104A70001368002BFCD0BFF35F8F1F4B04001F4A4D
:104A8000E41A64416243120D1D4C8900A66852B2BB
:104A9000765866451CD00621595691421CD01221E9
:104AA0005956914222D01E215956914220D02A2196
:104AB00059560324914210D0124B19781A70817103
:104AC000BFF35F8F00220B4B1A6085F3108870BD17
:104AD000A3680D4C5C50EFE70024610009198900C0
:104AE0005B18FF21997109499980E5E70124F4E7F2
:104AF0000224F2E7240100D0EC1D0020AAAA000045
:104B000000ED00E0B13B0020C101001001BDFFFF3E
:104B100070B504000E001500FFF740FE01002000F4
:104B200000F006F8A680E580BFF35F8F70BDC04639
:104B3000024BC918890001607047C046400000342C
:104B400070B5114C114DAC420FD2FF262368002BDB
:104B50000CD0FFF723FE01002000FFF7E9FFA6803D
:104B6000BFF35F8F0834AC42F0D370BDFFF716FE81
:104B700001002000FFF7DCFF2671BFF35F8F0834D0
:104B8000AC42E3D3F1E7C046F82300201024002014
:104B900010B50400FFF702FE01002000FFF7C8FF78
:104BA000FF232371BFF35F8F10BDC0460A4B196806
:104BB000EFF3108072B60A68002AFCD0BFF35F8F53
:104BC0001B68BFF35F8F00221A6080F3108840BF1C
:104BD000002000217047C046983B0020F0B5DE461B
:104BE00057464E464546E0B585B0EFF305830322B0
:104BF0001A40B34B91005F58012393409B460292A9
:104C00005A468846AF4B1A60AF4B03935B46AF489A
:104C100043630823FE5E002E37DABB881BB2002BED
:104C200000DBA4E0BB79002B00D0E5E00823F95EAF
:104C3000002920DB4B007A695B18DB00D3189D68E4
:104C4000DC686B1C00D104E1A04801004144826A89
:104C50000B69AE1A9B1A9E4215D30123026A029871
:104C600083401A420FD0994800F0CEFB8C4202DC00
:104C7000CCD18542CAD940BF05B0F0BCBB46B246D4
:104C8000A946A046F0BD0D61EDE77A697300914633
:104C90009B19DB0099444B469C68DD6800F0B4FB2F
:104CA0008D42BADC00D1F6E0002D00DADBE04A46A6
:104CB0004B4652691B699246039A934200D1CCE05D
:104CC0004A460821785E52880004514610439847AE
:104CD000009001910099019A0B00134300D1C2E0AA
:104CE00013000A00002B00DBD9E020002900801A05
:104CF00099414B469860D96000229B5E002B00DAF8
:104D00008BE75D007C69EA18D200A21800949468D1
:104D1000D268A2468A4200DD7FE702D1844200D9F0
:104D20007BE70824A4463B81BC44009C00972F00ED
:104D30006546B4463E0006E05E00F218D200A218B6
:104D40009768D268BA468A4207DC00D1B4E0F3180B
:104D5000DB00E518E35E002BEEDA66464A46009F6C
:104D600013802E80BB881BB2002B00DA5AE73A6909
:104D7000EFF3108172B61368002BFCD0BFF35F8F86
:104D80000123BE885B42BB8036B23B69BFF35F8FB5
:104D900000221A6081F31088002E00DA42E73B00FF
:104DA00008333A0099467D6973009B190824115F06
:104DB000DB004846EB18002913DB9C680093A446EF
:104DC000DC6806E0A34240D00023F95E38000029E9
:104DD00006DB4F007F18FF00EF19FB68A342F1DDEF
:104DE000009B068000201E5E1980002EDCDA170072
:104DF000BB79002B00D119E70023BB710823F95EB2
:104E00004B1C00D137E73D000835AC467C6903E018
:104E100084464B1C00D109E74B005B18DB00E0180F
:104E20000A00E15E43881BB2002BF1DA01256D42D6
:104E3000EE178560C66008257B5F9342E9D0634624
:104E400019803B8903803A81E3E7BB686345BBD99E
:104E5000C6E7631C00D0F7E605E7534650461B69DA
:104E60009847002823D14B461B883A693B81EFF3D2
:104E7000108372B611680029FCD0BFF35F8F4946DA
:104E80007A880A803A697E80BFF35F8F00211160C3
:104E900083F31088C1E6844200D805E7BDE60B48DD
:104EA00000F0B2FA009B019CC018614121E7534613
:104EB0000CCB009201930DE7824500D847E74CE701
:104EC000843B00203C700540DD4B00100040054055
:104ED00070B52D4C2569002D04D00A212B48FFF711
:104EE00027FE70BD2A4E0321294800F083FAE660B0
:104EF000FFF754FC274B0322C018D02322701B0657
:104F00001B6801216370244B8000A3600F23206184
:104F10000220638063694942A180198002311986A9
:104F200047311D83585218315A5275325C399952A3
:104F30001832013199521832013199521832013127
:104F40009952083518329D5202311832995218324E
:104F50000131995218320131995218320131995266
:104F60001832013199521832013199520B4B0C49C8
:104F7000DC6001303562FFF761FC01210320FFF79F
:104F80004BFC084B1D60A8E7341E0020983B002016
:104F90000040054040000034FFFF1000843B00202B
:104FA000DD4B00103860054070B582B0009201936F
:104FB00001000269EFF3108472B61368002BFCD075
:104FC000BFF35F8F0223C85E0D6900283FDB4A698B
:104FD000430016001B18DB00D218F35A4B80BFF3B6
:104FE0005F8F00232B6084F31088069B1361079B5F
:104FF0005361009B019C9360D460538801335B0430
:105000005B0C1D1C002B20D0ACB203045580234345
:105010000D69EFF3108C72B62C68002CFCD0BFF336
:105020005F8F8C88148088800A69BFF35F8F0020AF
:1050300010608CF310880A7801309040CA680849E3
:1050400052181060180002B070BD0125DCE7BFF3F4
:105050005F8F00232B6084F31088013BF2E7C0468A
:105060003C20000010B543890A1493421ADD530016
:105070009B184269DB00D3180469EFF3108C72B6F9
:105080002268002AFCD0BFF35F8F5A88090494B2CB
:10509000090C8A4208D00369BFF35F8F00221A60AF
:1050A0008CF31088002010BD094A22435A80012346
:1050B00002698371BFF35F8F002111608CF3108848
:1050C000027804499340C268012052181360EAE74D
:1050D0000080FFFF3C200000F0B5C64600B582B05E
:1050E00004000D0000F098F924184D41002D02DA5B
:1050F00001242F4D644206267642F71736196F4178
:10510000AF4214D811D000F087F932003B00121AD8
:105110008B41002B15DC002B46D02000290000F02D
:10512000BBF902B080BCB846F0BDA642EBD9002660
:10513000002700F071F932003B00121A8B41002B5E
:10514000E9DD00F069F932003B00121A8B41002BB7
:105150000ADB00230193174B3200009316483B00F3
:10516000FFF722FF0130D8D000233900B0469C461B
:10517000124A1348536A994204D8966A4645CCD2DB
:105180009942CAD10668EFF3108772B63368002BD4
:10519000FCD0BFF35F8F0368BFF35F8F66461E606E
:1051A00087F3108820BFE5E7002AB6D0C9E7C046DC
:1051B000FFFFFF7FAD4B0010341E00200040054074
:1051C000983B0020F0B5C64600B582B0040000F060
:1051D00023F9FA2206000F0020000023002192008C
:1051E00001F094FC8019794104000D1E02DA0124BB
:1051F0002E4D644206267642F71736196F41AF42AC
:1052000014D811D000F008F932003B00121A8B417B
:10521000002B15DC002B46D02000290000F03CF9C3
:1052200002B080BCB846F0BDA642EBD900260027EC
:1052300000F0F2F832003B00121A8B41002BE9DD3E
:1052400000F0EAF832003B00121A8B41002B0ADB17
:1052500000230193164B3200009316483B00FFF7E2
:10526000A3FE0130D8D000233900B0469C46124A34
:105270001248536A994204D8966A4645CCD299425C
:10528000CAD10668EFF3108772B63368002BFCD0E2
:10529000BFF35F8F0368BFF35F8F66461E6087F3BF
:1052A000108820BFE5E7002AB6D0C9E7FFFFFF7FDF
:1052B000AD4B0010341E002000400540983B0020FC
:1052C000F0B5CE46474680B504000D0085B0EFF33B
:1052D00005868946002E10D0364900204B6AAB4225
:1052E00006D38A6A5B1B591E8B41A2424041184378
:1052F00005B0C0BCB946B046F0BD2F4FFB683A7848
:1053000098461800039200F07FF8039A131D424656
:105310009B009B5822001B1A9C462B00121A8B41A3
:105320009E4210DC0DD020BF224A0020536A4B451C
:10533000DED3926A5B1B591E8B41A2424041184347
:10534000D6E79445EFD900F067F822002B00121A37
:105350008B41002B1BDB00230193184B2200009391
:1053600038002B00FFF720FE002810DD114B5A6A91
:105370004A451CD39B6AA34217D301003800FFF7AC
:1053800071FE0C4A0020536A4B45B1D3D1E7094A5C
:105390000020536A4B45ABD30020926A5B1BA242AC
:1053A00040415A1E93411843A2E74A45E5D120BF28
:1053B000E3E7C04600400540341E0020AD4B00101E
:1053C000036808499C464A6A43680020934207D80C
:1053D0009B1A5A1E93416246896A91424041184382
:1053E0007047C046004005400CC001487047C046A9
:1053F000C153001010B5024A0248FFF763F910BD0F
:1054000048AB0110343B00200300416A0A00986A4F
:10541000596A8A42FAD17047034B596A0A00986A5E
:10542000596A9142FAD170470040054070B50500B5
:105430000E00184A536A1900946A536A8B42FAD1D3
:10544000200019002C00350024184D41AB4216D81D
:1054500013D0104B2A005B6A9D4203D90D494B6A59
:105460009342FCD3934207D10A4A02E0516A99421F
:1054700002D1916AA142F9D370BDA042E9D9054B8E
:105480005B6A1C005A1CEFD0012201246442E5171C
:105490005242E3E700400540064A536A9942FCD86D
:1054A00007D1044B02E05A6A914202D19A6A9042B3
:1054B000F9D8704700400540F8B5DE464E464546EF
:1054C0005746E0B505008B4618000A99914600F052
:1054D000F9FC0A9B6C001E026419304BA400E4180E
:1054E000636880469E4200D966602F1FFBB29A46D1
:1054F000012B2FD9C0238022294FAD009B01795960
:105500001201E3181A6000291BD14B4622685B0187
:105510005340E022134080225201A21813605346E8
:10552000012B2FD9802380229B01E31812011A60DE
:10553000434666607B51F0BCBB46B246A946A046D6
:10554000F8BD786900F0BEFC013043001B18033B36
:10555000FDD2DAE75B46012BCCD1C02303229B01AD
:10556000E3181A60023AA3681A42FCD04A4623683C
:1055700052015A40E023134080225201A218084FE2
:105580001360AD0058460323216841400B4013606F
:1055900001228240A3681A42FCD0C3E70080004089
:1055A000383B0020F0B5D6464F4646464400984664
:1055B0002418324BA400E41863688A469146C0B5AB
:1055C000FF2B02D880235B006360061FF6B2012E1A
:1055D0002FD9C02380222A4F85009B0179591201BF
:1055E000E3181A6000291BD14B4622685B01534027
:1055F000E022134080225201A2181360012E30D9FC
:10560000802380229B01E31812011A6080235B0033
:10561000636043467B51E0BCBA46B146A846F0BD44
:10562000786900F04FFC013043001B18033BFDD2AA
:10563000DAE75346012BCCD1C02303229B01E318A8
:105640001A60023AA3681A42FCD04A462368520103
:105650005A40E023134080225201A218084F1360E1
:10566000850050460323216841400B40136001220E
:105670008240A3681A42FCD0C2E7C04600800040C6
:10568000383B0020014B8000C0587047383B002059
:10569000F0B5C64600B55B4B15005A6884460F004E
:1056A00082B0FF2A02D8802252005A600322564B51
:1056B00054481A60012382681342FCD020220168FA
:1056C0005140C0320A4051490A6002684D485A4070
:1056D000032313400B60022382681342FCD0802214
:1056E00080264B4B12011A604A4C4B4B76004660A9
:1056F0006246636101213B0048480095E04600F0A6
:10570000E5F929004046794300F0DCFB444B0500F5
:105710005A68FF2A00D85E608022424B12011A604C
:105720002169002907D0606900F0CCFB01304300FB
:105730001B18033BFDD2E023394A3B4811680B405C
:10574000036002231168594001330B4004210360B8
:1057500093681942FCD08021344B090119608021E3
:10576000334B490051602361264B5A68FF2A00D809
:10577000596003220121244B1A60224A936819427E
:10578000FCD0E02310680340204803601268032324
:105790004A40022113401B4A036093681942FCD01F
:1057A00080211B4B090119608021224B4900516067
:1057B00065615A68FF2A00D8596080221E4B120189
:1057C0001A60A169002907D0606900F07BFB0130F5
:1057D00043001B18033BFDD2402316490A685A4078
:1057E000A0331340154A13608022154B12011A6032
:1057F00080235B004B60084BA36102B080BCB846BD
:10580000F0BDC0463C8000403CB000403C900040B1
:105810003CA00040383B0020006CDC0200800240CD
:105820003080004030B000403090004030A0004058
:10583000001BB7004880004048B00040489000403E
:1058400048A00040F0B545468046A02057464E4649
:10585000DE461C00984B400081469A46E0B585B074
:10586000019102920394954B9A4509D901235B4219
:105870009944934B9A444B460F2BF4D100208EE071
:105880000725904C54442F006F432000390000F04E
:1058900019FBAB466E1E404553D0754320002900CE
:1058A0002F0000F00FFB80455CD04346751EA846D4
:1058B0001D005B46FF1A3900200000F003FB854203
:1058C0005DD0B31E9846022E00D1BAE05B46FF1AA7
:1058D0003900200000F0F6FA854267D0F31E9846A2
:1058E000032E69D05B46FF1A3900200000F0EAFA67
:1058F000854200D176E0331F9846042E00D178E02F
:105900005B46FF1A3900200000F0DCFA854200D126
:105910007EE0052E00D180E05B462000F91AA84603
:1059200000F0D0FA06258045ADD10029ABD1CA469A
:105930000199D946029A039C053D28E02B00454673
:1059400098463900200000F0BDFA002900D1A4E0FB
:105950006E1EAB467543200029002F0000F0B2FAFE
:105960008045A2D13900200000F0ACFA00299CD17A
:10597000CA463500D9460199029A039C07E00029DE
:105980009FD1CA464546D9460199029A039C504682
:105990004D4B43430B604B4601201360256005B01F
:1059A000F0BCBB46B246A946A046F0BD0029E8D0EF
:1059B000F31E9846032E95D10323092120000927C1
:1059C000984600F07FFAA842B8D0032306212000B1
:1059D0009B460226033F00F075FA854248D001231A
:1059E000984666E70029CCD0331F9846042E00D095
:1059F00086E723099D4256D00C2720003900B34684
:105A0000013E00F05FFA854232D00223984650E70B
:105A10000029B6D0052E00D07EE7192120001927D5
:105A200000F050FA85422DD014212000053F00F0EF
:105A300049FA854217D005239B46023B0426984627
:105A400037E7A846A1088D4214D061088D421CD0CA
:105A5000444500D00AE70123CA4601259946019929
:105A6000029A039C93E70523A8469B46042679E700
:105A7000A84677E70223CA46022599460199029A69
:105A8000039C84E7A84605255BE70223CA46012557
:105A900099460199029A039C79E7CA460199A94659
:105AA000029A039C73E70423CA461D009946019994
:105AB000029A039C6BE7C04650262F0050F80C005A
:105AC00020D1FFFFB0710B00001BB700F0B5C64638
:105AD000040000B52348160098460D0000F0F2F9C6
:105AE0000100300000F0EEF94346069A1B04120351
:105AF00013439C4623680600002B22DB1A4B1B48ED
:105B0000E218531E9A4180235242120B9B0112034A
:105B1000D218174B1A60174B1A60130001688B4399
:105B2000FBD12122144B2560E318A6601A6022687D
:105B3000002AFCDA6246E26008221A6080BCB8469D
:105B4000F0BD3F2322681340AB42D7D1A3681B05A9
:105B50001B0D8342D2D1EE22E368D202134063458B
:105B6000CCD1EBE7001BB7000040FDBF08C00040F0
:105B700000E0004000F00040043000008023024AB2
:105B80009B000B43D362704700800540002310B593
:105B90000100988A1B8B984710BDC046162310B58C
:105BA000010018885B88984710BDC046F8B5474685
:105BB000CE4680B50F1E18D0142399460433040036
:105BC0000025012698464B461888434621681B88C5
:105BD000984701C4431E984101350640AF42F2D1B7
:105BE0003000C0BCB946B046F8BD0126F8E7C04653
:105BF000AA23064A1B0113608D235B00D36004496E
:105C0000044B19605368002BFCDA704700400240D7
:105C100000B0FA00006002407047C04610B501486D
:105C2000FEF738FD6CAB011070B5074D074EB5425D
:105C300009D20024013E761BB608013608CD013496
:105C40009847B442FAD170BDF8A4011034A50110F0
:105C5000054B064A06491A60064A074B1A601000AF
:105C60000B689843FBD1704700E00040BFCDFBFEBE
:105C700008C00040FE7F3C0000F00040044BDB6C9D
:105C8000002B03D18022034BD2021A607047C0461A
:105C9000000011504C201150044A054B1A60054A6F
:105CA0001368DB018033FBD17047C046FFFFFF0163
:105CB00000F0004008C000404022034B9A675A673A
:105CC0001A67DA667047C04600F0014010B5FEF76B
:105CD00071FD10BD70B52849284D294E6D1AAC10C4
:105CE0002200302C00D930223000920000F0A8FFB2
:105CF000BC2D3DD823002A3B224A052B1DD930203C
:105D000075196D07A446001BEB0F002D03DA611C0B
:105D10008C46A1007250C01AE3189B004108F3188A
:105D2000C900C9181A605A6008339942FAD1012390
:105D300003421DD0984360440400A300F250631C4A
:105D40002F2C15D09B00F250A31C2E2C10D09B00A2
:105D5000F250E31C2D2C0BD09B00F250231D2C2C59
:105D600006D09B00F250631D2B2C01D09B00F250FB
:105D7000054B9E6070BDC04600010010C0010010C0
:105D800000000020C101001000ED00E0002310B56C
:105D9000294C82B0A367FFF72BFF0122274B1A6023
:105DA000636C012BFCD10322254B1A60224A936BB2
:105DB000012BFCD1013300930121224A22480433F4
:105DC000FFF784FE052301210093204A2048FFF7B6
:105DD0007DFE0022022104201E4BFFF7E3FB002280
:105DE000012105201C4BFFF7DDFB002200210720CD
:105DF0001A4BFFF7D7FB002200210820174BFFF7B3
:105E0000D1FB8023DB000093002200210920134BEB
:105E1000FFF752FB0022104B00210620FFF7C2FBC8
:105E20000420FFF72FFC0E4900F04CF80100002081
:105E3000FFF7A4FE02B010BD008000403CB000405F
:105E400030B00040002F685900800240008C864727
:105E500000C00240001BB70040597307006CDC0211
:105E600040420F0001480421014B1847501E0020FA
:105E7000AD5B0010124A936F9B0815D29066D166F5
:105E8000002905D0FFE7FFE7FFE7516F106F70476C
:105E900004B580210906C2175140002800D0C8432C
:105EA00014F0CAFA002104BDF0B5146E556E576F98
:105EB000166FFFF7E3FF1466556657671667F0BD68
:105EC000000000D0114A936F9B0813D210665166F0
:105ED000002905D0FFE7FFE7FFE7516F106F70471C
:105EE00004B5002801D00020C04314F0A5FA002119
:105EF00004BDC046F0B5146E556E576F166FFFF7B0
:105F0000E5FF1466556657671667F0BD000000D0C0
:105F100094464A4A926F9208624601D228E0C046EF
:105F2000F0B5464E346E756E776F366F00F020F820
:105F30009446424A14665566576716676246F0BD36
:105F400094463E4A926F9208624601D254E0C0469F
:105F5000F0B53A4E346E756E776F366F00F04CF8D0
:105F60009446364A14665566576716676246F0BD12
:105F7000002B24DB11D000293EDA00B5C943404292
:105F800000D1013100F038F8C943404200D101315D
:105F9000DB43524200D1013300BD002AEBD100287F
:105FA00001D1002905D00020C90FC90701D1C04384
:105FB000410800B514F018FA0022002300BD00B516
:105FC00000290ADBDB43524200D1013300F014F810
:105FD000C943404200D1013100BDC943404200D114
:105FE0000131DB43524200D1013300F005F8DB43BD
:105FF000524200D1013300BD002923D1002B18D11A
:10600000002A0CD0BC460D4F38667A66002100236A
:10601000FFE7FFE7FFE77A6F386F674670470028B2
:1060200001D00748010000B514F0DEF9002200237A
:1060300000BD02000B00002000217047000000D0CE
:10604000FFFFFFFF002B00D0BFE0130C28D1002A78
:10605000E7D080B4114F39667A66FFE7FFE730B4C6
:10606000040C7B6F396F1B0423433B667A66FFE7A2
:10607000FFE7FFE7C04684B27B6F3D6F1B042343FD
:106080003B667A66FFE7FFE7C04600232C042D0C31
:106090007A6F386F00196941B0BC7047000000D0BA
:1060A000F0B594460025140E01D112020835140FE4
:1060B00001D112010435940F01D192000235D40FA1
:1060C00001D152000135D40B0134254F7C66254C9B
:1060D0003C660E0C93B2FFE7FFE7FFE73C6F6643B9
:1060E000360C7703BE467343DF0B5B04C01AB9411D
:1060F000130C7343DB18C91ACE086643360CB6443A
:1061000093B273431F0F1B01C01AB941130C7343A1
:106110001F0B1B05C01AB941860D8F023E43664313
:10612000360C092D24DB520A7243801A7703460A83
:106130006643360C16235B1BDE40DF40BF19644606
:106140006643821B7046043506330100D940A840DF
:10615000C01900D30131A24206D20023F0BD0000D5
:10616000000000D0FFFFFFFF121B0130F3D3F1E767
:1061700009277F1BFE406446A2B27243801A00D2F8
:106180000139220C7243130C1204821A99410B003C
:106190007046043513370100F940A840801900D338
:1061A0000131002B02D1A2420AD2F0BD013000D34E
:1061B0000131121BFAD2013BF8D1A24200D2F0BD4C
:1061C000013000D30131121BF7E7F0B51C0C00D0F1
:1061D00080E00CB400251C0A04D11B02160E3343C8
:1061E000120208351C0B04D11B01160F3343120198
:1061F00004359C0B04D19B00960F3343920002356B
:10620000DC0B02D192185B4101351C0097186441E8
:106210000134464F7C66464C3C660E0CFFE7FFE7B8
:10622000FFE7C0463C6F6643360C7703BE4697B225
:106230007743C01B00D20139C01B00D201399FB285
:106240007743C91BC91B170C77437E04FF0B801BC8
:10625000B941CE086643360C0C2D33DBB644120B25
:106260001F053A431B0B97B27743C01B00D201397D
:106270009FB27743C91B170C77433E043F0C801B2A
:10628000B941860D8F023E43664329277F1BFE409E
:106290000C3D7746AF40BF1930BCA2B2ABB27243DF
:1062A0007343801A9941220C7243130C1204801A12
:1062B000994102000B000137001BA941F9D2781E59
:1062C0000021F0BD0C277F1BFE4077467F0BAF40BF
:1062D000FF19E0E700245D1C07D0144F7D66396686
:1062E000FFE7FFE7FFE7FFE73C6F95B29EB265432C
:1062F0006643401BB141150C1E0C654366433604D2
:106300002F0C3E432D04401BB141994204D20200A0
:106310000B0020000021F0BD01D19042F7D3801A7C
:10632000994101349942F2D3F6E70000000000D011
:10633000FFFFFFFF48404140484018B41B4B5B68DB
:10634000FC46019308BD04DFDF65001018B4174B4D
:106350001B68FC46019308BD00DFE9650010944608
:10636000134A926F920809D2624618B40F4BDB6849
:10637000FC46019308BD0CDFA16800100C4AF0B583
:10638000146E556E576F166F6246FFF7EEFF084AA0
:106390001466556657671667F0BD18B4034B9B68C3
:1063A000FC46019308BD08DF45670010D834002083
:1063B000000000D0FFB550404240504059404B4093
:1063C000594000E0FFB5154F4C00640D03D0BC42AE
:1063D00004D10C0314D80020090D09055C00640DDC
:1063E00003D0BC4204D11C030AD800221B0D1B059C
:1063F00001264B4009D44B4003D58B4200D1824249
:10640000FFBD9942FCD19042FFBD0B43DB18034313
:106410001343F5D0C9434918FFBD0000FF07000032
:1064200000B5FFF7CFFF804100BDC04600B5FFF7C4
:10643000C9FF01D9002000BD012000BD00B5FFF754
:10644000B9FF01D9002000BD012000BD00B5FFF754
:10645000B1FF804100BD012040054A00121804D858
:106460005A00121801D80020704701207047000020
:106470000021002805D17047C1174840401AFAD0C2
:10648000C90713B5064B1B6898470CBC441CA240B7
:106490001005120B0349091B09051943114310BDCF
:1064A000943B00201F04000010B54C00620D8023B7
:1064B000D218DB00D21A5B057E2A10DD9E3A13DA71
:1064C000CC170903490819435242D14064000134F2
:1064D0001532202A05DAD0400843604310BD002061
:1064E00010BD0846604310BDC80FC018013810BD6C
:1064F00018B4044B5B6AFC46019308BD24DF516A63
:1065000000100000D8340020132370B51D78012D31
:1065100019D014DD1F48FFF741FB06001E48FFF7A6
:106520003DFB1E4C80223100200000F089FB022D33
:106530002DD01B48FFF72AFB1A4B186070BD1A4B71
:10654000164CA364F5E7184B144C23606360A360FA
:10655000E36023616361A361E36123626362A36219
:10656000E36223636363A363E36323646364A364F9
:10657000E36423656365A365E36523666366A366D9
:10658000E36623676367A367E367A364D1E7064B0A
:10659000A364CEE75344000053460000D8340020E3
:1065A0004C330000943B0020AD65001007B56046F9
:1065B00001880A0A0230DF2AFAD1C9B2820804D35C
:1065C000028840880004104300E00068014A5050EF
:1065D000039007BDD83400200FB403BC0CBCF0B549
:1065E0000124E407634000E0F0B50C0DCF0F661EF8
:1065F0003605891B640503D3C943404200D30131EA
:10660000640D03D0661CF60A07D0E41B00207F004F
:10661000791C89078912803C24031D0DDF0F6E1E33
:1066200036059B1B6D0503D3DB43524200D3013378
:106630006D0D03D06E1CF60A07D0ED1B00227F0003
:106640007B1C9B079B12803D2D032F1B661B58D480
:10665000A446202E46DA20371400BC401D00BD4061
:10666000F24033412A4380185941CB0F05D0C9432A
:10667000C043002264425041514162464D0D28D131
:106680000D0D07D100281FD0241940414941013A7E
:106690000D0DF9D0640006D3013000D30131002C78
:1066A00001D140084000013A0BD4941CE40A04D103
:1066B00012051144DB071944F0BDD907204B1943DB
:1066C00000E0D9070020F0BD0029DDD1002CDBD18E
:1066D000F0BD0132C6074008CD0728434908002E07
:1066E000E1D0D9E73C2E29DA203E40371400BC40E7
:1066F00000D00124F24014431A00BB401C43D317BE
:10670000ACE7AC46202F08DA20360400B4400D0078
:10671000B540F84039412843A5E73C2F0CDA203F2B
:1067200040360400B44000D00124F840044308007F
:10673000B1400C43C117EAE710001900002494E7A8
:106740000000F07FF0B50C0D661E3605891BE60AC9
:106750006405640D02D0651CED0A04D000200121FF
:106760000905803C2403A4461C0D671E3F05DB1B66
:10677000E70A6405640D02D0651CED0A04D000220E
:1067800001231B05803C24037740644497B484B202
:1067900096B27443070C7E43150C6F4380B2684376
:1067A000361802D3012000043F183004350C0019BC
:1067B0007D41844688B29AB250430C0C62431F0C50
:1067C0007C438EB27E43921902D301263604A4196B
:1067D0001604170C3618674101BC81B29AB25143B6
:1067E000040C62431B0C5C4380B25843121802D362
:1067F0000120000424181004130C401863412D18C4
:106800005E410020474106BC88B293B258430C0C4D
:106810006343120C544389B251435B1802D30121E4
:106820000904641819041A0C091862416D185641BC
:106830000020474118BCF902720D1143F0026A0DA5
:106840001043ED020A0D03D16D1940414941013B4E
:10685000124E9B1B7600B3420ED26D0007D301305F
:10686000002671416646354301D1400840001B05B2
:10687000C918E4072144F0BD0BDA013306D1013019
:1068800004D101314F0D01D04908F2E7E1070020A2
:10689000F0BD013631050020EBE70000FF030000EA
:1068A000F0B51C0D671E3F05DB1BE70A6405640D90
:1068B00002D0661CF60A04D0002201231B05803C8E
:1068C0002403D0252D060026F6432E661E096E668B
:1068D000CE0FF619B44649004F0D02D07E1CF60AC1
:1068E00003D000200021403F3F033E1BB600B444CC
:1068F000013F7F05C91B49082E6F013676089C02AF
:10690000950D25437543ED137543AD1301356D109A
:10691000F603761B0CB4CC02450D2C43A2B2B3B2E5
:106920005A43270C7B43350C6F43A4B26C431B19AD
:1069300002D3012424043F191C041D0CA4187D411A
:1069400024196D41009A91B2ACB26143170C7C439B
:106950002B0C5F4392B25A43A41802D301221204B3
:10696000BF182204230C52187B41019C6C431B1955
:10697000520ED9010A434401A01A81B2B2B2514366
:1069800003145A43360C734387B27743D617D21990
:1069900000277E4136049B191704160C7F185E41B0
:1069A0007316ED18F301002680337541A90F06D147
:1069B0006400690AE8055B0A184309D22FE0042243
:1069C000944480337541A90AA8059B0A184326D32D
:1069D000404149412404009A019B0D005543641B2A
:1069E0004343E41A95B286B27543170C7E43030CF9
:1069F0005F4392B25A43B61802D301221204BF1861
:106A00003204330C52197B4152429C41002C02D477
:106A10000022013051414008CA071043490802B022
:106A20006246D7079210084BD218084B9A4203D2FD
:106A300012058918C919F0BD0020002A01DC3900AF
:106A4000F0BD01331905F5E7FD030000FE07000066
:106A5000002200B5203200F004F8080000BD00005C
:106A600000220B150AD410B5944600F031F8141426
:106A7000013400DA0021CB17144C204700200021FC
:106A800070476244343A0CD40C2A07DA040091406F
:106A9000904052422032D440214310BDD843D943C4
:106AA00010BD203207D40C4694405242203211418E
:106AB000D040204310BD0800C917203203D45242F1
:106AC0002032104110BD1800190010BD836A00105B
:106AD0000A0DCC0F531E1B05C91A520503D3C94317
:106AE000404200D30131520D03D0531CDB0A07D0C2
:106AF000121B00206400611C89078912803A12036E
:106B0000014BD21A70470000FF030000514343437A
:106B1000C9188C46110C83B24B4310B4040C61436A
:106B200092B280B2504362431C041B0C001910BC8B
:106B300059411304120CC0185141614470470000C0
:106B4000132310B51C781348FFF728F8012C0BD03D
:106B500004DD01008022104800F072F80F48FFF7B2
:106B600015F80F4B186010BD0B4C0100542220008B
:106B700000F066F80B4B6365A365E3652366636607
:106B8000A366E36623676367A367E3672362E36142
:106B9000E4E7C04653460000D83500204C330000DF
:106BA000943B0020A96B001007B5604601880A0AD3
:106BB0000230DF2AFAD1C9B2820804D302884088A1
:106BC0000004104300E00068014A5050039007BDE4
:106BD000D835002010B5040011F0DAFB002804D0ED
:106BE000034B04199C4200D810BD0248FDF752FD2A
:106BF0000000032078AB011010B50C0011F09EFED0
:106C0000002804D0034B04199C4200D810BD024850
:106C1000FDF740FD0000032078AB011010B511F026
:106C2000C1FB10BD01480421014B1847601E002024
:106C3000AD5B0010014B1B6818470000601E002070
:106C4000014B5B6818470000601E002010B5FFF77D
:106C5000E5FF10BD9A4200D2885470477047C04685
:106C6000F8B5DE4657464E464546E0B599460D9B7B
:106C70000700884693469B0728D00B9B002B3CD0EF
:106C800016000B9C0A9D3619321B013C4B464146AF
:106C9000285DB847002CF7D135000D9B9B070ED51A
:106CA0005B46EC1A0C9BA34209D91E002A004B46F6
:106CB000414620200134B8470135B442F6D32800BC
:106CC000F0BCBB46B246A946A046F8BD0B9B0C9A49
:106CD000934214D213005D460C000B9A9E1A76194B
:106CE0002A004B46013521002020B847B542F7D194
:106CF0000B9BA046002BC4D1E1E71500CDE75E4613
:106D0000002BBED15D46DAE7F0B54F46D646464683
:106D1000C0B584B09C460EAB1F78129B9146BA4614
:106D20000D9C109E119D9B074CD4002D41D1B44267
:106D300048D20123129F1F40B8460C9B5F1E302390
:106D400003E001343B55A64201D9202CF9D143463A
:106D5000002B00D187E00C9B5F1E3023A54204D896
:106D600030E001343B55AC422CD0202CF9D1129BA1
:106D7000DB060DD5129B5B0557D4A64267D0A54212
:106D800065D00F9B102B53D0022B5BD0202C36D11B
:106D90002023129C01930C9B4A4600930394634664
:106DA0000295FFF75DFF04B0E0BCBA46B146A846C5
:106DB000F0BD0123129A13409846012313422DD1AE
:106DC000B442BAD3129BDB061ED5129B5B05D8D406
:106DD000002CD2D10F9B102B60D00F9B022B71D0B7
:106DE000302301240C9A13705346002B11D1129BAF
:106DF0005B0740D52B260C9A631C1655C9E7230068
:106E0000013430260C9AD654202CC1D05346002B86
:106E1000EDD02D260C9A631C1655BAE7002F34D0FE
:106E2000013DB44200D288E795E70F9B102BAFD10C
:106E3000129B9B063CD5202CAAD058230C9A1355A4
:106E40000134A3E7202CA3D02300013407E0631E04
:106E5000012CBFD00F9A102A36D0022AD1D1622637
:106E60000C9AD65492E7129BDB06CDD5129B5B059C
:106E700000D482E785E7129A2300160700D488E73A
:106E800020260C9A0133165583E70C2313405F1E0E
:106E9000BB41ED1AB44200D24FE75CE7129B9B0660
:106EA0000ED478230C9A02241370302353709BE77E
:106EB000202C00D16CE778230C9A1355013465E738
:106EC0005823EFE76033EDE70C9AA61EB618129A26
:106ED000920602D55822327093E77822327090E7FA
:106EE00010B5002800D110BD01F0FEFBFBE7C04645
:106EF000F0B54E46DE4657464546E0B595B083466A
:106F00008946924698461E9A1F9B10001900209EA3
:106F1000FFF7A1FA002800D0D2E11E981F990122A4
:106F2000C44B5242FFF77CFA002800D001E11E98C2
:106F30001F990122C04B5242FFF788FA002800D067
:106F4000D6E01E981F990022BC4BFFF77FFA00285D
:106F500000D0B5E01E981F990022B94BFFF760FAE8
:106F6000002800D0ACE01E981F9900220023FFF7F4
:106F700057FA002800D0D1E000230B93229B5B0539
:106F800000D406260024302306E006AA0134173276
:106F90001355013E202C01D0092EF6D81E981F99BA
:106FA000FFF782FAA74BF2009B180CCB0500089262
:106FB0000993FFF761FA02000B001E981F99FFF773
:106FC000BCF9089A099BFFF7E8F906900791FFF7CB
:106FD0008FFA0700FFF74CFA02000B00069807999A
:106FE000FFF7ABF90022984B06900791FFF72EFAB6
:106FF000002800D1E9E001373800FFF739FA020034
:107000000B0008980999FFF711FA002801D0002712
:107010000135002E00D1B7E0069513E0172306AA2C
:107020009B180A21380001341D19FEF74BFF30313F
:10703000297038000A21013EFEF744FF092F00D8CD
:10704000E1E00700202CE9D1069D20240CAB06933B
:10705000172706ABFF180DE028000A21FEF70AFFEC
:1070600001343031280039550A21FEF703FF051E8F
:1070700000D1B7E0202CEFD10323229A1340012B3B
:1070800017D1219B002B14D00B9B002B00D1E3E0E8
:10709000219B013B2193202B0BD93023219A06E021
:1070A00006A9013417310B55944200D3A0E0202CDF
:1070B000F6D1229B01940393219B0293069B21E02E
:1070C000229B52460493219B4946039358461E9B9C
:1070D0001F9C029600930194434600F043F904007C
:1070E000200015B0F0BCBB46B246A946A046F0BD94
:1070F000229B5B070FD40322544B229901920391E8
:107100002199029100935246434649465846FFF75B
:10711000A7FD0400E4E704224D4BEEE71E9A1F9BF7
:1071200000200021FFF709F901231E901F910B9306
:1071300024E70223229A54461A40229B06929B0778
:1071400000D1ACE02600434D08942F1F3200E878B0
:1071500043464946013DD8470136BD42F6D1089C19
:10716000069B0434002BBBD05746219AE31B9A425E
:10717000B6D9150022004346494620200134D8479D
:10718000E31BAB42F6D3ABE72800FFF775F902002B
:107190000B001E981F99FFF7D0F82B4B002206001A
:1071A0000F00FFF73DF90CAB0693002800D04FE726
:1071B000002230003900244BFFF748F9002800D0A6
:1071C00046E7012301359D4342E7002206980799CF
:1071D0001D4BFFF725F9002800D01AE7002F59D1E1
:1071E000013716E70323229A1340012B00D1A6E0B2
:1071F000202C00D15DE70B9B002B3AD02D23069A63
:107200001355013455E7069D202C00D11DE730238E
:10721000361906E006AA013417321355202C00D186
:1072200013E7A642F6D12E230CAA013406929355F9
:107230000EE7C046FFFFEFFFFFFFEF7F65CDCD41BB
:1072400065CDCDC120C401100000E03FD8AB0110D6
:10725000D0AB0110E0AB01100C23229A134257D09F
:10726000219B013B2193A34200D916E7202C00D19A
:107270001FE7229B5B0704D52B23069A1355013485
:1072800017E7229B1B0700D413E72023069A135508
:1072900001340EE7FB0700D4BBE60137B9E6219BBA
:1072A000042B00D84EE755464F46043CE4182A000C
:1072B0004346013539002020D847AC42F7D141E799
:1072C0000227229B55461F409B0726D006975F4604
:1072D000234EEC1C2A00B078434649460135B84796
:1072E000013EAC42F6D1069F002F00D1F8E657468A
:1072F000219AE31B9A4200D8F2E615002200434689
:10730000494620200134D847E31BAB42F6D3E7E6D9
:10731000219BA34200D9C0E6CBE6219B032BD5D904
:10732000069754464F46033DED182200434601346C
:1073300039002020D847A542F7D1069FC6E7219BF8
:10734000002B00D154E70B9B002B85D0219B013BE8
:1073500021939C4200D2A0E6202C00D04EE7A8E664
:10736000DCAB0110F0B54546DE4657464E46E0B56B
:107370009BB0249C259D82468846934699462200D0
:107380002B0020002900FFF766F8002800D0C1E09C
:107390000122200029007C4B5242FFF757F80028B9
:1073A00000D0B7E0012220002900784B5242FFF7BD
:1073B00037F8002800D0ADE000220023200029008B
:1073C000FFF72EF8002800D0BBE108940995089833
:1073D00009998023289ADB001A400F928022289E68
:1073E0001201164032000E96289E0F000A901E428F
:1073F00000D0A4E00B00034300D0CBE0002A00D073
:1074000012E2320006332693022313400C93022328
:10741000134200D00AE2279B042B00D215E200277A
:107420000426043B0E930022002320002900FEF7CF
:10743000F7FF002800D0C8E1554B289A1340049369
:107440000E9B0393269B0293089B099C0093019437
:1074500041464B465A465046FFF74AFD020020205F
:10746000289B0025034059424B415B421840531C66
:10747000089341464B464530D047FB17FC185C400B
:10748000FB0F1F270A93731E0E930AABFF1806E02B
:1074900020000A21FEF716FD0400202D08D00A2145
:1074A0002000FEF70FFD013530317955092CEFD85A
:1074B000052306930E9B56460593002304930A3337
:1074C00003930A9B4146029312AB009330004B4654
:1074D000089A0195FFF718FC0C9B002B28D05F46FB
:1074E000279BC41BA34223D982461D003A194B4651
:1074F000414620200134B047A542F7D850465946AE
:10750000279C421A01320023944200D395E10130B6
:1075100018180DE0289B009401950493279B039372
:10752000269B02934B465A4641465046FFF7E0FCE5
:107530001BB0F0BCBB46B246A946A046F0BD014315
:107540002AD10E9B3200002B00D15DE70027269B3D
:107550000026BB4200DD82E100220023200029003A
:10756000FEF75EFF002800D04BE1289B084A0296F8
:107570001A408023DB0013430493279B0393089B4B
:10758000099C00930194CDE7FFFFEF7FFFFFEFFF22
:10759000FFF7FFFF06232693B24B7800400DC0187B
:1075A000FEF76AFFB04AB14BFEF7F7FEB04AB14BA7
:1075B000FEF7CCFE3F03B04B3F0B3B430C900D91CD
:1075C00000220A981900AD4BFEF7B7FEAC4AAD4B4E
:1075D000FEF7E3FE02000B000C980D99FEF7B6FED5
:1075E000FEF762FF0700FEF747FFA74AA74B0A9086
:1075F0000B91FEF7D2FE0022A54BFEF7A7FEFEF789
:1076000053FFA44A06000A980B99A34BFEF7C5FE48
:107610000A900B913000FEF72FFFA04AA04BFEF717
:10762000BCFE02000B000A980B99FEF786FE0200D2
:107630000B000A900B91FEF7B0FE0C900D910A988A
:107640000B9902000B00FEF781FE002210901191B1
:107650000C980D99934BFEF782FE0022924BFEF799
:1076600075FE02000B000C980D99FEF778FE0022C3
:107670008E4BFEF76BFE02000B000C980D99FEF787
:107680006EFE0A9A0B9B0C900D9180210020C9057B
:10769000FEF753FE02000B000C980D99FEF756FE04
:1076A00002000B0010981199FEF759FE0022724B50
:1076B000FEF74CFE7E4B0022F6183305FEF76DFEFA
:1076C00002000B000A900B9108980999FEF7A8FE9A
:1076D000002808D00A980B990022734BFEF73FFE52
:1076E0000A900B91013F0A990B9A0B0011003A0086
:1076F0006332C62A12D802222898042610400E9A15
:107700000C90002A26D1279B042B05D9002800D0F5
:10771000A1E0279B043B0E93042642E00222289816
:1077200010400E9A0C90002A13D1279B052B00D8ED
:1077300089E0002800D084E0279B0526053B0E93B6
:1077400032E080231B069C46AC44634608940993B0
:107750003DE605260B4300D1F9E608980999554AFC
:10776000554BFEF76BFE002808D0089809990022B7
:10777000524BFEF755FE002800D0E8E6269B002B72
:1077800034D00F9B002B31D0269B013B2693279BA7
:10779000B34204D90C9B002B59D002230C93002335
:1077A0000E93002F00D13EE60A9A0B9B0898099988
:1077B000FEF7D5FD00220890099100232000290042
:1077C000FEF72EFE002800D136E6089C099D289A77
:1077D00080203B4B00061340220004930E9B039332
:1077E000269B02932B180092019331E6279BB3420C
:1077F000D5D90C9B002B2AD000230E9302330C9377
:10780000CFE7289B2E4A8020089C099D1A408023A0
:10781000DB00134322000493279B000603932B18DD
:107820000092019302967DE6052695E600230E93CD
:107830000233002704260C93F5E54B1E1B191B1A77
:1078400065E602230C930526AEE70423E7E5279BB4
:107850009B1B0E93A5E7022304260C93A1E7DB1BD9
:107860005E1E79E601FCFFFFFB799F501344D33F76
:10787000B3C8608B288AC63F0000F03F0000F83F85
:1078800061436F63A787D23F71A379094F930A4081
:107890000000E03F1655B5BBB16B0240EF39FAFE70
:1078A000422EE63F00002C4000002440000018401B
:1078B000FF0300002D431CEBE2361A3F80842E416B
:1078C000FFF7FFFFF0B55746DE464E464546E0B5AA
:1078D000A3B01F002C9B92460C93C94AC94B8B4600
:1078E0000B901A60002900D1BFE100233878994637
:1078F000002800D1C1E1C44B4C460993C34B0E9301
:107900005B460A9308E0220053460A990B9DA8475C
:1079100001343878002876D001372528F3D1102398
:107920009B46083B9946043B9846033B00260225AC
:107930009C463878791C0300203BDBB2102B03D81F
:10794000099A9B00D3589F460300303B092B36D938
:1079500000252A2800D1A7E000230D932E283FD030
:107960000300683BDBB2122B1BD80E9A9B00D35846
:107970009F4663460F001E43DBE70F002E43D8E708
:1079800043460F001E43D4E75B460F001E43D0E77B
:107990004B460F001E43CCE7802378785B001E43E4
:1079A00001310F00672845D82428ACD90300253BB6
:1079B000DBB2422BA7D896499B00CB589F460025A7
:1079C000AB005D196D002D1808780F000300303BE7
:1079D000303D0131092BF3D900230D932E28BFD15F
:1079E0003022802052429046C000064378780B0037
:1079F00080444246092A00D851E12A2800D15EE19C
:107A00000F000131ACE70A9BA1469B46CA4503D84B
:107A100001235B425344994653464A465946002047
:107A20000B9DA847200023B0F0BCBB46B246A94638
:107A3000A046F0BD0300693BDBB20F2B00D962E723
:107A4000012199408846734A11408B4611004246F5
:107A50000A4200D013E10A2B2FD0072B00D052E7A7
:107A60000C9D01CD002800D134E121231E43B046F6
:107A70001F260D9A12ABF618A146944659463400BB
:107A800002E0000920290AD00F26064032003732D2
:107A9000092E00D8073A013162540F28F1D8634605
:107AA0004C468B460D9322E10C9B20CB002D52DBE4
:107AB00078780C930F0001314EE70C9B0D9904CBA5
:107AC00090469B46002900D128E14346187841445E
:107AD000002801D100F029FC0D9A94460A0004E028
:107AE00059780133002900D195E19A42F8D16346D3
:107AF0000D934346D31A0F93730500D46CE10F9B8B
:107B00000D9A934200D90F9202231A0032400C9230
:107B1000334200D191E20C930D9BB9461E194346A6
:107B20001B1BA84622001F000B9D08E0541C534657
:107B30000A99A847385D002800D163E122009642E7
:107B4000F4D145464F4634000C9B002B00D097E102
:107B50005B460C93DDE60222787816430F006D42F7
:107B60000C930131F8E678786C2800D159E1802334
:107B70005B001E43013114E780239B0078781E438D
:107B800001310EE77878682800D150E18023013177
:107B90001E4306E7672800D1C2E0472800D134E140
:107BA000452800D134E107210C9B0D9A07338B4304
:107BB00019000496039502920CC90B980092019348
:107BC0000C91220053460A99FFF7CCFB0400A0E673
:107BD000462800D1A8E007210C9B0D9A07338B4360
:107BE00019000496039502920CC90B980092019318
:107BF0000C91220053460A99FFF77AF9040088E6AF
:107C0000C5780010803B002080C20110C4C2011062
:107C100010C30110419000002200534625200A990C
:107C20000B9DA847013474E60C9B04339B46631CF0
:107C30009846B60700D4FFE00C9B220018780A99FA
:107C400053460B9EB0476419012D00D849E24546C2
:107C50000B9EB8460A9F2A00534601353900202062
:107C6000B047A542F7D1474672E7DB4B38780B9314
:107C700000239946002800D03DE60024C6E66F2880
:107C800055D000D8BCE21023782800D19EE09E4356
:107C90000A239C4600230F930A339B464DE00021A4
:107CA0008A00521852000133111818783039020036
:107CB000303A092AF4D90D911F00591C50E60C9B4B
:107CC000B87804CB0237D143C9170A400D920C9300
:107CD000791C45E610233000984311331843802364
:107CE00080463000DB0018401E4200D1C0E643460B
:107CF0000693082305930D9B2200049310230393FE
:107D0000002302935B4601931AAB00930A995346F2
:107D10000B98FEF7F9FF0C950400FAE50139D4E65B
:107D200080231B011E433EE720231E4353E7082305
:107D30009C4600230F9308339B4680233000DB00D2
:107D400018401E4200D11AE10D23310099438023CF
:107D50000A009B001A409146194200D0C3E18023DB
:107D60000A005B001A4090460C9A04320F921942A6
:107D700000D08FE24B0600D597E10B0600D4E5E278
:107D80000C9B1B8899464B46002B00D005E2103314
:107D90009943002800D100E2002398460D9B0691EC
:107DA00004935B4603930023059502934346D9E071
:107DB000582808D0622878D102239C4600230F93CC
:107DC00002339B46B9E720231E43103B9C46002309
:107DD0000F9310339B46B0E702231A0032400C92F7
:107DE000334200D105E20C934346B9460B9E0A9FED
:107DF000A8461D1B2200534639000134B047285DB8
:107E00000028F7D145464F469EE680231B011E43BE
:107E100020231E43C7E662460D9242469B1A0F93EB
:107E20006AE6C0239B00B8781E43F91CB9E5C0235D
:107E3000B8781E43F91CB4E5012D00D84AE1631E51
:107E40009946A9444B4652462600A146BA461C0014
:107E50001700A8460B9D32003B00013620200A99EE
:107E6000A847A642F7D13B0057469A464C460C9B82
:107E7000320018780A9953460B9D4444A84767E698
:107E8000A0460F9B9D4200D862E62C190B9E4546EA
:107E9000B8460A9FE41A2A005346013539002020CB
:107EA000B047A542F7D1474652E680233200DB00B7
:107EB0001A4090461E4200D1F3E011218E43B44691
:107EC0009846802362469B001A40934662461A42B7
:107ED00059D180235B001A4091460C9A04320F92CC
:107EE00062461A4200D0A0E163465B0600D5D4E0AA
:107EF00063461B0600D412E20C9B00229B5ED8173F
:107F00001918414089B2DA0F0C92002B00D187E199
:107F100088461F2612ABBB461495F71845464E46B9
:107F2000E046A14606E028000A21FDF7CBFF050048
:107F3000202E08D00A212800FDF7C4FF0136303179
:107F4000B955092DEFD84C46C446B1465F46149D3D
:107F5000634606930D9B059504930A2303930C9B9C
:107F600002934B4601931AAB220000930A995346A1
:107F70000B98FEF7C9FE0F9B04000C93C9E40C2379
:107F800031009943E3E60822072191460C9B073311
:107F90008B4399444A460ACB08000C92DA0F934669
:107FA000184300D085E0002399464346002B2FD18B
:107FB000002200231092119300231F26994612AB32
:107FC000F6185B461495BB46E04637000F934E46C5
:107FD000A146109C119D05E05D6C001004000D0091
:107FE000202E0CD00A22002320002900FDF7A8FF34
:107FF00001363032BA55002DF0D1092CEED80F9B46
:10800000109411955F464C46C446B1469B46149D5C
:10801000634606930D9B059504930A2303935B46E1
:1080200002934B4601931AAB220000930A995346E0
:108030000B98FEF769FE04006BE40F9B9D4200D88D
:1080400096E18023DB000C930F9B2E19F61A434612
:108050000F930D9BA84699465346BA461F000B9DA9
:1080600022003B00013420200A99A847B442F7D1EE
:108070000F9B454698464B460D933B0057469A4604
:1080800043461878002800D162E56B1C0F930C9BC7
:10809000002B00D1A8E600233DE50C9B1B781900BE
:1080A00031E710239E43B4460BE70C9B1B7899469F
:1080B00069E6DA17129213924A40109212981399B5
:1080C0000A005A401192109A119B121A8B41109279
:1080D000119371E70C9B220018780A9953460B9C68
:1080E000A047444634E50822072690460C9B0733F8
:1080F000B343984442460C921A685B681492089302
:108100001300089A134305D110339943002398466E
:10811000002838D161208B0600D5412000231F267E
:1081200098465A4612ABF618030018920F9A0A3B6B
:10813000B1461695179419974446664690469B4655
:10814000149F089D159103E007000D00202C13D00B
:108150003200002338002900FDF7F2FE5B46D2B260
:10816000D318092A01D8130030334A460134135575
:10817000A845E9D1BE42E7D9189BA0469B46159970
:10818000169D179C199F0D9B069104935B460393C4
:10819000002305950293434644E761208B0600D5F2
:1081A00041201F2612ABF21803000A3B0C934B46EA
:1081B0004646A146A8461C005D461491BB461700E2
:1081C00002E00400202E0DD029002000FDF77AFEE9
:1081D0000C9BCB18092901D80B0030330136BB5555
:1081E000AC42EED25F464C46AB4614994546B0468B
:1081F000D4E50F9B9D4200D926E701330F93F3E5A9
:10820000102332009A439446692800D0A2E08023CC
:108210003200DB001A4090461E4200D151E64CE687
:108220004346002B00D093E673E60C9B1B68DA0FE5
:10823000002B70D0D9175B184B4098461F2612AB05
:10824000F618A14614955C464546BB46E046370005
:108250000C9206E028000A21FDF734FE0500202CD0
:1082600008D00A212800FDF72DFE013430313955A0
:10827000092DEFD85F46C446A3464C46149D0C9A80
:10828000634606930D9B059504930A23029203937C
:108290005B4667E60C9B1B689846002B03D11033A6
:1082A000994300282DD161208B0600D541201F263F
:1082B00012ABF61803000A3B4A460C93149143464E
:1082C0003100A846A1465E461400BB461D000F00C3
:1082D00002E00500202C0DD031002800FDF7F2FD52
:1082E0000C9BCB18092901D80B00303301343B55C6
:1082F000B542EED223005F464C464546B34699460A
:1083000014990D9B069104935B46039300230595F6
:1083100002934B4626E64346002BB1D18EE70C9BD9
:108320001B68D81719184140EDE580233200DB00A7
:108330001A400F921E420FD00230020032400F92BC
:10834000304219D00023A0460F939AE50C9B1B687E
:10835000994618E516009BE402231A0032400C925D
:10836000334200D08CE5002D00D06DE6FFF7F0FB26
:1083700001330F93FFF7D0FB0C93F4E70EB410B565
:10838000012485B007AA08CA01000392009204489C
:108390006242FFF797FA05B010BC08BC03B018475B
:1083A000556C001084460CB400B585B006AB0A00CD
:1083B00002CB0548039300930B006146FFF782FA56
:1083C00005B008BC02B01847556C001010B5094A3A
:1083D0000300146884B0002C08D0012200910648E4
:1083E000524203A9A047012004B010BD00F0C6F915
:1083F0000020F9E7803B0020E16E001000BEFDE7A1
:10840000094A1368002B06D008491818884208D872
:10841000106018007047064B044918181360884212
:10842000F6D901235B42F4E7783B002000000320EB
:10843000B43B002000207047012040427047C046F6
:108440008C4610B51100002805D1044B60460CCBBA
:1084500000F00CF910BD01204042FBE718C20110EA
:10846000013810B51400012807D8080001230022A4
:10847000210000F081F8200010BD01204042FBE700
:10848000012040427047C046012040427047C0462C
:10849000012040427047C0460222002382425B41D5
:1084A0001800704710B5FFF7A9FFC04670B5FDF77B
:1084B000BBFB074D074EB54209D20024013E761B97
:1084C000B608013608CD01349847B442FAD170BDE0
:1084D00034A5011040A50110030010B508001100DB
:1084E0001B68984710BDC046F8B5437D07000D00D6
:1084F0001600002B38D0002A1ADD0B780A2B18D072
:108500000020012E09D0012421006B5C01340A2BCC
:108510001AD0B442F8D1864203DD311A3B682818DC
:108520009847AD19013D2B780D3B5A4253413B759D
:10853000F8BD037D002BE3D102210E483B6898472C
:10854000012EEED00120DEE76B1E5B5C0D2BE0D030
:10855000884203DA091A3B6828189847054802211F
:108560003B6898472000D4E703681100280098472B
:10857000DEE7C04670C40110F0B54646D6464F4609
:10858000C0B582B090461C0006000D00FCF744FF09
:1085900000232F4A12184B41002B02DA01222D4BE7
:1085A00052422D4908008A4611F06EFF81466B1C2D
:1085B00003D1300011F034FC0500002C27D0274FE8
:1085C000274B1C68002C18D04346002B21D1254B8B
:1085D000984602E02469002C0FD02368002BF9D0C4
:1085E00043461B68002B01D09C42F3D120002A0097
:1085F0003100B8472469002CEFD14B46002B23D122
:10860000280002B0E0BCBA46B146A846F0BD164FFD
:10861000D6E7144B984602E02469002CEDD023687D
:10862000002BF9D043461B68002B01D0A342F3D1A5
:108630002A0031002000B8476B460A222000DA7178
:10864000D91D093AB847E7E7504611F0C5FED7E70C
:1086500040420F00FFFFFF7FF8230020E984001055
:10866000643B00206C3B0020D9840010F0B54F46DD
:108670004646D6469946194BC0B5924607000E00AD
:108680009846174D43461C68002C03D114E024691A
:10869000002C11D02B68002B01D0A342F7D1A36886
:1086A000002BF4D03100380098470028EFDDE0BC03
:1086B000BA46B146A846F0BD0A4B5B6A994508D850
:1086C000084A926A524502D302204042EFE7994598
:1086D000FAD101200021FCF7A9FED3E7643B00207A
:1086E0006C3B002000400540F0B5CE46474680B5C3
:1086F00083B06B460600DD1D2870FCF78DFE00235D
:10870000194A12184B41002B02DA0122174B524230
:1087100017490800894611F0B7FE164B80461C68C1
:10872000002C14D0144F02E02469002C0FD02368D1
:10873000002BF9D03B68002B01D09C42F4D12000E3
:1087400001222900FFF7D0FE2469002CEFD1434617
:10875000002B05D1300003B0C0BCB946B046F0BD17
:10876000484611F039FEF5E740420F00FFFFFF7F5A
:10877000F8230020643B00206C3B002070B504000F
:1087800011F04EFB01230100050001222000FFF73C
:10879000F3FE084B1C68002C06D06368002B05D044
:1087A00098472469002CF8D1280070BD2469002C5A
:1087B000F3D1F9E7643B0020F0B5454680463B4ADB
:1087C0004E46DE4657464244531E9A418023E0B54A
:1087D0005B021204D218364B83B01A60354B8946BF
:1087E00035491A6015000B689D43FBD10620FCF744
:1087F00049FF43465A6802231A4000922F4A8026B6
:10880000424413604B468246D90D580201920B0038
:1088100002000224760006E0924506D302341218C4
:108820004B41B44201D0002BF6D080272602361BE4
:108830007F0002E0361B012F36D031005046BB4688
:10884000013FFDF73FFB8145F4D2594661433D02AC
:1088500043461C611B68FF226B40802512026D019C
:1088600013404544164A2B60009B4244136002208B
:108870004346019C5B6820604446266807246640A6
:10888000C83434402C600324034013600D4B434430
:108890001C6010605046FDF715FB03B0F0BCBB46F2
:1088A000B246A946A046F0BD2100D1E70040FCBF7A
:1088B00000E0004000F0004008C00040043000002C
:1088C0000420000024200000F8B5DE464E46454650
:1088D00057468046E0B506200D00FCF7D3FE434620
:1088E0005A68022380261A409346214A8146424410
:1088F000E90D68021360022402000B00760006E016
:10890000914506D3023412184B41B44201D0002BDA
:10891000F6D080272602361B7F0002E0361B012F8F
:1089200022D031004846BA46013FFDF7CBFAA842B3
:10893000F4D9514661433B024246146112680D4F1F
:108940005340FF221202134080225201424413601E
:108950005B46474448463B60FDF7B4FAF0BCBB4673
:10896000B246A946A046F8BD21000023E4E7C04670
:108970000430000004200000F0B557464E4645463E
:10898000DE46E0B587B01C00039310AB01921A7865
:10899000002306000068119DC36601334160129FE9
:1089A0000492C366002C00DC92E0631E9B46012308
:1089B0005A400292002D03D001213800A8473068A8
:1089C000002233799146103290469A0259464B461E
:1089D0005B1A59424B414C4602990B4001995B028C
:1089E000095D00240B4313430361002D06D12AE0E7
:1089F00041463368E4B25A6B114211D1002138006C
:108A0000A8470028F4D002235B4299464846049BBD
:108A1000337107B0F0BCBB46B246A946A046F0BDD4
:108A200080229A58002A1FD1002C1FD1D94546D048
:108A300001239944039B4B45E8D001213800A84706
:108A400000223068C2E71022436B1A42FCD0802318
:108A5000C258002A28D1D94535D001239944039B17
:108A60004B45D3D00022B1E701245B6D80239B00EE
:108A70009A46059204E0514633685A6B0A4205D182
:108A800000213800A8470028F5D0BCE7059A1B6EE6
:108A9000002CCDD0002A03D009231340082BB5D0D9
:108AA00001235B429946B1E70124436D802189008F
:108AB000436B0B42FCD0036E002CCED0EAE7049B44
:108AC000002BB5D1D2E7049B002BC6D10024EDE7E3
:108AD000002399469AE7C046F0B5DE464E46454625
:108AE0005746E0B5050085B01C0002930EAB187820
:108AF000002301922A688346D366013351600F9E9A
:108B0000D366002C63DD631E9946012358408246DC
:108B10000024002E03D001211098B0472A6880233A
:108B20005B009C461300516F1029FCD00020002CE4
:108B300001D1287980024946671A7942794157461E
:108B4000394049020143604601431161002E28D09B
:108B500080224027904608E000211098B047002866
:108B600037D12B689A6F002A13D142469A585A6B14
:108B70001742F1D0002110985B6DB047C4435B46AB
:108B800020002B7105B0F0BCBB46B246A946A046FA
:108B9000F0BD1B69019A1355029B0134A342BAD15F
:108BA000EDE7802040211358536B194203D0012474
:108BB000536D6442E3E7936F002BF4D01369019A7D
:108BC0001355029B0134A342D9D02A68AAE7002496
:108BD000D5E702246442D2E7F0B5D6464F46464672
:108BE0008246C0B505200C00FCF74CFD050060086E
:108BF00021004019FDF766F947003F1806000521DE
:108C00003800FDF75FF9A0461C4B321A04006800DB
:108C10009146401998452BD81949FDF753F9013071
:108C2000534600221B68DA6619680432514002324A
:108C30000A408021490159180A604A46DA61012236
:108C40001C624F2F00D92209A0215A50DA6F31003F
:108C500050400C4A00049A18000C106001222800B1
:108C6000DA66FDF72FF9E0BCBA46B146A846F0BD7A
:108C70000549FDF727F90130D2E7C0463F420F0012
:108C8000809698007C10000040787D010F4A70B5F6
:108C9000821A531E9A410E4BD20008321A600D4BB5
:108CA0000D4C1A60150023689D432B1EFAD16624D3
:108CB0000268FF340571D5661460633C8833FF3C5D
:108CC000D5639563D450FFF787FF70BD781E0020F1
:108CD00000E0004000F0004008C00040F0B5CE4683
:108CE000474680B589B01E0004AC10AB1D788146A4
:108CF0001700129A139B20008846FCF775FB33007F
:108D000001903A004146484602940095FFF734FE30
:108D100009B0C0BCB946B046F0BDC046F0B5CE46BD
:108D2000474680B589B01E0004AC10AB1D78814663
:108D30001700129A139B20008846FCF755FB33005E
:108D400001903A004146484602940095FFF7C4FE60
:108D500009B0C0BCB946B046F0BDC04610B5FDF77D
:108D600039FF10BD10B5FDF759FF10BD7F2802D89F
:108D700083B2180070478022002352029042F8D23A
:108D8000B622FF329142F4D1074A04E001339BB28C
:108D90000232802B05D011888142F7D180339BB2FB
:108DA000E7E70023E5E7C04648C701108023F0B598
:108DB0005B020400984217D2802386B25B019E4278
:108DC00014D2244AFF270AE08E420CD35B88043277
:108DD000180A3B405D18AC420ADB00280ED011880F
:108DE00013000029F0D134002000F0BD1A4AE9E751
:108DF0000828F8D883001948C3589F465B00D2184A
:108E0000EDE7503EB6B23400EEE70836B6B23400B5
:108E1000EAE71A3EB6B23400E6E7303EB6B23400B6
:108E2000E2E7203EB6B23400DEE7103EB6B23400D0
:108E3000DAE70123711A0B40F61AB6B23400D3E711
:108E4000611A49008E5A3400CEE7054BF618B6B2C7
:108E50003400C9E754C5011098C4011074C401104E
:108E6000A0E3FFFFF0B54E46DE4657464546E0B567
:108E7000CB4B8946026819688BB08C468A4200D178
:108E800096E01C69A246A24200D19DE01C6AA3465E
:108E9000A24200D1A4E01C6B0194A24200D1ABE03D
:108EA0001C6C0294A24200D1BEE01C6D0394A2424D
:108EB00000D1C5E01C6E0494A24200D1CCE01C6F2E
:108EC0000594A24200D1D3E080241C590694A2420A
:108ED00000D1D9E090241C590794A24200D1E1E0CE
:108EE000A0241C59A24200D1EAE0B0255D59AA4253
:108EF00000D1F3E0C0269E59B24200D1FCE0D02759
:108F0000D95988468A4200D104E1E0215958089194
:108F10008A4200D10FE1F02159580991914200D1C4
:108F200017E16146002900D121E15146002900D115
:108F30003CE15946002900D136E10199002900D1D0
:108F400038E10299002900D132E10399002900D1CA
:108F500034E10499002900D12EE10599002900D1BE
:108F600030E10699002900D12AE10799002900D1B2
:108F700013E1002C00D127E1002D00D12AE1002EC1
:108F800000D125E14146002900D11FE108990029BF
:108F900000D121E1099900260F25002900D1E7E041
:108FA00030000BB0F0BCBB46B246A946A046F0BDAF
:108FB0005D688468A54200D063E79D68046BA542A4
:108FC00000D05EE7002522E05D698468A54200D0FC
:108FD0005CE79D69046BA54200D057E7012516E0C8
:108FE0005D6A8468A54200D055E79D6A046BA5427E
:108FF00000D050E702250AE05D6B8468A54200D0EE
:109000004EE79D6B046BA54200D049E70325494616
:109010002C011A19D268012900D0C3E00026002AC9
:10902000BED10132FF32B4E05D6C8468A54200D04D
:109030003BE79D6C046BA54200D036E70425E6E7CC
:109040005D6D8468A54200D034E79D6D046BA54238
:1090500000D02FE70525DAE75D6E8468A54200D0D1
:109060002DE79D6E046BA54200D028E70625CEE7CC
:109070005D6F8468A54200D026E79D6F046BA54212
:1090800000D021E70725C2E784241D598468A54242
:1090900000D01FE788241D59046BA54200D019E7B2
:1090A0000825B4E794241D598468A54200D017E729
:1090B00098241D59046BA54200D011E70925A6E7A5
:1090C000A4255E598568AE4200D00EE7A8255E59FA
:1090D000056BAE4200D008E70A2598E7B4269F59F1
:1090E0008668B74200D005E7B8269F59066BB7429D
:1090F00000D0FFE60B258AE7C427D9598768B94213
:1091000000D0FCE6C827D959076BB94200D0F6E673
:109110000C257CE7D4215958089181680F000899E3
:10912000B94200D0F1E6D821076B5958B94200D0B6
:10913000EBE60D256BE7E42187685958B94200D06A
:10914000E9E6E821076B5958B94200D0E3E60E255D
:109150005DE7F42187685958B94200D0E1E6F8216B
:10916000076B5958B94200D0DBE60F254FE70025C1
:1091700086682C01006B49461A511A19906000202C
:1091800001395660D0604A425141FF2249420A40AB
:1091900001321B19DA606E1C02E70925E8E7C046B8
:1091A000FC3600200132F4E70225E1E70125DFE784
:1091B0000425DDE70325DBE70625D9E70525D7E705
:1091C0000825D5E70725D3E70A25D1E70D25CFE701
:1091D0000C25CDE70B25CBE70E25C9E7F0B54546B5
:1091E000DE4657464E46E0B5037980460C0089B00E
:1091F000002B00D087E0683343449B464346DB6A3C
:10920000A21E023B9A425CD24346002158890023A9
:10921000FDF77CFC43461C6D5D6D24184D41802795
:109220004346BF001C665D663A0000215846FDF7C4
:1092300001FD43465B895E02BE4247D980231B0283
:109240009E4200D91E008027BF0002E07608BE4281
:109250003AD93000FFF782FD82460028F6D032006E
:109260000021FDF7E7FC434600225B899146760A20
:10927000002B05D114E043465B89B14499450FD2D8
:109280004B4602930023414603934878029A039B7E
:10929000514612196B41009606F086FA0028EAD072
:1092A0005046FFF75FFD43465B894A46D01A421E8F
:1092B0009041C0B209B0F0BCBB46B246A946A04638
:1092C000F0BD00240025AAE743465B8900229146B1
:1092D0000132924601260027002B06D1E5E7012244
:1092E0009144A4197D419945DFD2434658785346AD
:1092F0002200009359462B0006F056FA43465B893C
:109300000028ECD0D1E76821026E436E0125407839
:10931000414400958B4606F047FA03000120002BDC
:10932000C8D142461371536E126E06920793069887
:10933000079943461B6B04930023059343461A6C1D
:109340005B6C801A994102000B00049805999942C0
:1093500000D053E7904200D850E74346DB78022B19
:1093600000D04BE7069A079B12184B4141464878BC
:109370005946009506F018FA40E7C046342310B568
:10938000C25C0133C35C1B0213433622825C1204AD
:109390001A433723C35C1B06134339228B603823DF
:1093A000825CC35C12021A433A23C35C1B0413435E
:1093B0003B22825C12061A433C23C35C1C003D2303
:1093C000C35C1B021C433E23C35C1B041C433F23A2
:1093D000C35C0A611B0623434B612123C25C1F3B14
:1093E0001340CB710023CB6110BDC046F0B547469A
:1093F000CE4680B51500026E190098460400436EF3
:1094000085B0AA4207D100208B4204D105B0C0BC70
:10941000B946B046F0BD2179002915D168239C4694
:10942000A444E146012360782A000093494643465C
:1094300006F080F9002803D001256D420120A846DE
:10944000434625666366E1E768218C460126A4440D
:10945000607861460096E14606F0A6F90300012017
:10946000002BD3D12371226E636E16001F00226C75
:10947000636C029603970021B61A9F41206BB94294
:10948000D0D1B042CED9E378022BCBD1029A039B44
:1094900012184B41013160780091494606F084F979
:1094A000C0E7C046F0B54746CE4680B50778040011
:1094B0000D00160083B0022F41D015D8012F57D1CF
:1094C0004B08591800234A0A8846416C006C121850
:1094D0004B412000FFF78AFF00284BD0012003B04A
:1094E000C0BCB946B046F0BD033F012F40D80023B1
:1094F000CA09416C006C12184B412000FFF776FF3F
:109500000028EBD1FE23AD005B001D402378042B27
:1095100007D06B236119CB5C36011B0936091B0789
:109520001E43230068335B19320A1E705A70320CD6
:10953000360E9A70DE70012300202371CFE70023DE
:109540000A0A416C006C12184B412000FFF74EFFD5
:109550000028C3D1FF2123006A00490068330A4074
:109560009B181E70360A5E70012300202371B6E737
:109570000220B4E7682341469C464B1C0193019AA4
:10958000CB05A444DB0DE14600216344500A2F4281
:1095900016D00F221D782A4035012A431A70226CFA
:1095A000636C277112184B412000FFF71FFF002842
:1095B00000D093E7019BDA05D20D4A44330916E047
:1095C0001E70226C636C277112184B412000FFF74C
:1095D0000DFF002800D081E74946019B360ADB05D4
:1095E000DB0DCA18CB5C0F218B4331400B4313704A
:1095F00001230020237172E7F0B50C00012583B030
:10960000012920D90668F36A8B421CD93378032BD1
:109610005ED01BD8012B4AD0022B14D100230A0A9A
:10962000306C716C12184B413000FFF7DFFE0028E0
:109630004BD1FF2364005B001C403419683463780D
:1096400025781B021D43280003B0F0BD042BFAD17E
:10965000026943691700C1791F435BD101250029C5
:10966000F1D1C369002B00D08CE0306C716C002309
:10967000E20912184B413000FFF7B8FE002824D150
:10968000FE23A4005B001C40953B3619FF3BF25CB7
:109690000133F35C1B0213436A22B25C12041A43C7
:1096A0006B23F35C1B0613435B005D08CBE74B08A1
:1096B000591800234A0A0F00306C716C12184B4184
:1096C0003000FFF793FE00283DD001256D42BAE738
:1096D0000023CA09306C716C12184B413000FFF73F
:1096E00085FE0028F1D1FE23A4005B001C40953BC1
:1096F0003419FF3BE25C0133E35C1B0213436A2233
:10970000A25C12041A436B23E35C1B0613431B0188
:109710001D0998E78768002FA0D0E71B022933D1E5
:1097200001204042C11780185941CB05400A181842
:1097300072890023490AFCF703FC874200D982E7BB
:1097400020D0651C7FE7FB05DB0DF31868331B7821
:10975000013701930023306C716C7A0A12184B4167
:109760003000FFF743FE0028AFD1FB05DB0DF318F7
:1097700068331B78019A1B0213432542C8D11B058D
:109780001D0D60E7054D5EE7032900D069E7836999
:10979000BB4200D865E7651C55E7C046FFFFFF7F69
:1097A000F8B50668056B33782035043B5A1E9341A3
:1097B000294A5B421340802252059B1804009D42B7
:1097C00005D300220023A263E36304200DE0826B33
:1097D000C36B11001943F8D0E905CF0D002905D05E
:1097E00000206836F61925632664F8BD00210120A3
:1097F00012184B41616BA263E36300291FD0738988
:109800006A0A013B1A42EBD12000FFF7F5FE01285E
:109810001CD9431C18D0F36A9842D2D2821E023B54
:1098200060639A4214D2002300217089FDF76EF91B
:10983000326D736D80185941A063E163D0E73289BE
:109840006B099342CCD3BCE70120CEE70220CCE7E2
:1098500000200021F0E7C046000020F0F0B50379B9
:10986000040085B0002B0CD12378032B3AD00022C2
:109870000021607805F0D2FF431E9841C0B205B0C8
:10988000F0BD68239C46026E436E84440125614608
:10989000407800950F0005F087FF03000120002BA2
:1098A000EDD1206C616C2371226E636E15001E0079
:1098B0000023029503962D1A8E41226BB342D3D119
:1098C000AA42D1D9E1780229CED102980399801811
:1098D00059410B000121020060780091390005F028
:1098E00063FFC1E763791D00012BC0D167339C463C
:1098F000A44466468022002192003000FDF79AF9C8
:109900000F4B104A0120E2520F4B104AA3669323DB
:109910009B00E250A16904336269E15000210433E5
:10992000E250A26BE36B12184B41607822666366CB
:109930003100009505F038FF0023637197E7C046BA
:109940006602000055AAFFFF5252614172724161E6
:1099500070B519001E00002382B0150003710122AA
:109960005242D3170400026643666B1C15D14B1C90
:1099700013D1544BE55CE3185B781B021D43524B3B
:109980009D4245D06823E35CEB2B18D01833DBB243
:10999000012B14D9032002B070BD0123210060788F
:1099A0002A0000936831330005F0C4FE002841D03E
:1099B00001225242D317042022666366EBE7732329
:1099C000E25C230073335B7803201B0213435A1EAF
:1099D0001342E0D1802292009342DCD17523E35CF4
:1099E000002BD8D05A1E1342D5D17623E25C230037
:1099F00076335B781B02134304D07823E35C013B8E
:109A0000012B35D9314BE818431E98410230C2E78B
:109A100020000B222E4968300FF09AFF00280CD04E
:109A20006823E35CEB2B0AD01833DBB2012B06D999
:109A30000220B0E7256666669BE70120ABE72000C1
:109A400008222449BA300FF083FF002838D073234E
:109A5000E25C230073335B781B0213435A1E1342EC
:109A6000E6D1802202209200934200D093E7B5E72E
:109A70007923E25C230079335B781B021343C1D066
:109A80007B23E25C23007B335B781B0213437F2B39
:109A90000FD88823E118E25C4B781B0213438A78C5
:109AA00012041A43CB781B061343802252029342BE
:109AB000A8D37E23E25CE41863781B021343A1D091
:109AC000002068E76602000055AA0000AB55FFFFC2
:109AD000E8AB0110F4AB0110F0B5DE4657464E4638
:109AE00045460023E0B58BB00B6003689C46002B15
:109AF00005D100F025FC01333A2C00D19DE11C7802
:109B00001F2CF8D8D54B1C78D548A4002458002C1D
:109B100000D1CDE101252378AA4316000C60002B6B
:109B20000BD0607805F0E4FD054206D1002E02D08E
:109B3000400700D5BAE1002577E100236078237063
:109B400005F0E2FDC30700D586E1002E02D04007F4
:109B500000D5ABE1002200232000FFF7F9FE022828
:109B600000D11BE1042800D1BCE1012800D95BE150
:109B7000226E636E00920193012800D188E1732365
:109B8000E15C2300802273335B7892001B020B435D
:109B9000934200D048E17E23E55C23007E335B786E
:109BA0001B021D4300D185E178232563E25C531E2F
:109BB000E270012B00D937E17523E15C6181002956
:109BC00000D131E14B1E194200D02DE17923E05C38
:109BD000230079335B781B020343984623811B07DC
:109BE00000D021E120007B237B304078E35C000241
:109BF000184310D188308446A444604688234078B6
:109C0000E35C0002184363469B781B0403436046F1
:109C1000C078000618437623E35C1E0023007633E9
:109C20005B781B021E4300D1FEE043466A431B09DA
:109C30009B199F1891460296B84200D2F4E0C01BCF
:109C4000884200D2F0E0FCF73DF9864B984200D9FB
:109C5000EAE0002304970593049E059F009A019B68
:109C600092197B41009E019F06920793831C9C469C
:109C70000023029A7C4992197B41884200D961E312
:109C80007A49884201D900F062FC6146E16200989D
:109C90000199A063E16306980799206561654146D3
:109CA00022646364002900D1BEE048460021801888
:109CB000594163460122A064E16461465B000A40A9
:109CC0006B4963445B0852189B185B0AAB4200D98E
:109CD000AAE001235B42A3616361813363717F3B2F
:109CE000644A23701388013313800022E380624B9F
:109CF000E26119688C4201D100F022FC1A69944299
:109D000001D100F019FC1A6A944201D100F010FC54
:109D10001A6B944201D100F007FC1A6C944201D1F5
:109D200000F0FEFB1A6D944201D100F0F5FB1A6EB3
:109D3000944201D100F0ECFB1A6F944201D100F083
:109D4000E3FB802299588C4201D100F0D9FB90228C
:109D500099588C4200D1D0E3A02299588C4200D16E
:109D6000C8E3B02299588C4200D1C0E3C022995870
:109D70008C4200D1B8E3D02299588C4200D1B0E394
:109D8000E02299588C4200D1A8E3F02299588C42E5
:109D900000D0D0E600210025995046E0374BE35C27
:109DA000EE2B00D19DE1364A354BA1184A78E35C91
:109DB00012021A438B781B041343CA7831491206E6
:109DC00060181A432F4B4178E35C090219438378EA
:109DD000C5781B040B432C492D0660181D432A4BE4
:109DE0004178E35C0902194383781B040B43C17873
:109DF000090619430E002549244B60184178E35C9D
:109E00000902194383781B040B43C17809061943DF
:109E10000F00002A00D04AE1002D00D04FE1002EB3
:109E200000D055E1002F53D10D2528000BB0F0BC18
:109E3000BB46B246A946A046F0BD644624780B2531
:109E4000303CE6B2092EF0D80226B4446345ECD18A
:109E5000012CEADC036057E60325E6E7AC3B002073
:109E6000F4360020F5FFFF0FF5FF0000F50F0000AE
:109E7000FF010000A03B0020FC3600202A02000069
:109E80002E0200003E0200004E0200005E020000B2
:109E900068229446A4440B236146E14602E0013364
:109EA000402B21D0CA5C002AF9D0BDE70A25BCE7C7
:109EB0000C25BAE721008C238C314A78E35C12022E
:109EC0001A438B78CD781B0413432D061D436BE694
:109ED0003A0000232000FFF73BFD012800D847E6A9
:109EE0000428A1D10125A0E7D023E15C2300802232
:109EF000D0335B7852001B020B43934294D1D4239E
:109F0000E35C092B00D08FE72300B03359781A782F
:109F1000090211439A7812040A43D97809061143B9
:109F2000029159791A79090211439A79DB7912045D
:109F30000A431B06134321000393BC23BC31E25C9C
:109F40004B781B0213438A7812041A43CB781B0602
:109F500013432363D623E35CE370012B00D063E754
:109F6000D522A25C934098469BB26381002B00D11E
:109F70005AE72200C423C4325178E35C0902194332
:109F80009378D2781B040B4312061A43CA4B9446AB
:109F90009A4200D948E7009D019E931C2200E3628B
:109FA000C023A563E663C032E15C5378D0781B021E
:109FB0000B4391780006090419430843020000236B
:109FC000280031008018594102000B0022656365AA
:109FD0002200B823B8320E00E15C537805001B0262
:109FE0000B439178D0780904194307060F433A00D0
:109FF00000980199002312184B4122646364434680
:10A0000062461B041B0C5A430021330010002A0037
:10A01000009D019E80185941029A039B5219734179
:10A02000994200D900E700D18DE22100C823C83150
:10A03000E25C4B7825001B0213438A780026120449
:10A040001A43CB781B061343A3640023E3641C006C
:10A050001EE000230021FCF759FD2A6D6B6D1218DC
:10A060004B410021049605910498059912184B4123
:10A070002800FFF7BBF9002800D033E701362B1981
:10A0800068331B78812B00D1DEE12034E305DC0D41
:10A09000002CF4D16889B04200D8C5E6AA6CEB6AFE
:10A0A000023A023B9A42D4D300220023D9E700238C
:10A0B0002000FFF74DFC012800D9ADE658E52A0045
:10A0C00000232000FFF744FC012800D9A7E64FE554
:10A0D000320000232000FFF73BFC012800D9A1E655
:10A0E00046E5012200232000FFF780F9002800D078
:10A0F000F8E668239C46A44460460C226F49E1467A
:10A100000FF026FC002800D08EE67423E25C0133B9
:10A11000E35C1B0213437622A25C12041A437723EA
:10A12000E35C1B0613431900D2225C3952009142B2
:10A1300000D979E62D3A103BFF3A9046029310235E
:10A14000A0445B429C464246099408926446012220
:10A150005B490F3354E00898005D4506ED0FAC46AF
:10A16000150005406B408507EE0F4507EF0F05070B
:10A17000ED0FA846C506ED0FAA468506ED0FAB46C6
:10A18000C00915001D406D425B080D4073406B40D7
:10A1900015001D406D425B080D407B406B40150073
:10A1A00046461D406D425B080D4073406B401500F4
:10A1B00056461D406D425B080D4073406B401500D4
:10A1C0005E461D406D425B080D4073406B401500BC
:10A1D00066461D406D425B080D4073406B401500A4
:10A1E0001D406D425B0843400D405D4013002B4015
:10A1F0005B4268080B40434002980134A0420AD0F9
:10A20000032CA8D800250020AB46AA46A8462F005C
:10A210002E00AC46B5E77822099CDB43A15C0132F5
:10A22000A25C12020A437A21615C090411437B2279
:10A23000A25C12060A43934200D0F5E52100BC233C
:10A24000BC31E25C4B781B0213438A7812041A4338
:10A25000CB781B061343802B00D0E5E504394A7800
:10A260003833E35C12021A438B781B041343CA7819
:10A2700012061A43531E7F2B00D9D5E52300B033B5
:10A2800058781978000208439978D70109040143E6
:10A29000D8780C4A000608430290587919790002D0
:10A2A00008439979DB79090401431B060B43260017
:10A2B0009046002403930BE0FDFFFF7FE8C80110E8
:10A2C0002083B8EDD8C801108034A74200D1ABE597
:10A2D00002980399630A009300230193009A019B5B
:10A2E00012184B413000FFF781F8002800D0F9E543
:10A2F000C0256D0025404D441022414628000FF036
:10A3000027FB0028E0D120356A782B7812021A4307
:10A31000AB7829791B041343EA78300012061A43FC
:10A320006B791B020B43A97909041943EB791B06CE
:10A330000B43FFF70DFB0128C6D83400FFF718FCCC
:10A340000B2572E5614622646364069A079B2265C9
:10A3500063659223E16200980199A063E163E25C86
:10A36000230092335B781B02134342461A4300D00A
:10A370005AE5210094239431E25C4B781B0213438D
:10A380008A7812041A43CB781B061343A364059BF7
:10A39000854AE36463469B009B185B0A9D4200D29A
:10A3A00042E501235B42A36163618133637118332A
:10A3B000E25C230098335B781B021343012B01D02E
:10A3C00003238DE40122009801990023801859414C
:10A3D00002000B002000FFF709F80028F0D1734BB2
:10A3E0006071E25CE3185B781B021343704A93428E
:10A3F000E6D16823E25C0133E35C1B0213436A226B
:10A40000A25C12041A436B23E35C1B061343694AE4
:10A410009342D5D193239B00E118E25C4B781B0259
:10A4200013438A7812041A43CB781B061343624AFB
:10A430009342C5D1942395229B009200E358A258E1
:10A44000A361626103234BE423004B44597D1A7DD1
:10A45000090211439A7DDB7D12040A431B06134354
:10A460002C001A001E00012B00D8DDE4EB6A934299
:10A4700000D8D9E46889911E414300230A00286D61
:10A48000696D12184B41AA65EB657F2515E0330015
:10A4900049462B409B00CA5CCB18597809021143EE
:10A4A0009A78DB7812040A431B0613435A1C75D0B2
:10A4B000701C0600984200D0B6E4F309069300230E
:10A4C000079306980799226C636C12184B41200081
:10A4D000FEF78CFF0028DAD00125A6E40021995070
:10A4E00053E4002199504BE40021995043E40021AA
:10A4F00099503BE40021995033E4002199502BE41A
:10A5000000219950FFF723FC00221A67FFF719FC7E
:10A5100000221A66FFF710FC00221A65FFF707FCFD
:10A5200000221A64FFF7FEFB00221A63FFF7F5FB17
:10A5300000221A62FFF7ECFB00221A61FFF7E3FB2F
:10A540001A60FFF7DBFB904200D86EE56CE46146D1
:10A55000E16200980199A063E1630698079920657C
:10A560006165414622646364002900D15CE4484689
:10A5700000218018594163460B4A5B009B18A06478
:10A58000E1645B0A9D4200D24EE401235B42A36179
:10A590006361813363717E3BFFF7A2FBA36163615B
:10A5A0000423FFF79DFBC046FF0100006602000088
:10A5B00055AA00005252614172724161F0B546469F
:10A5C0004F46D6460468C0B52369866B9846226E0E
:10A5D000C36B05001900994686B0636E964258D148
:10A5E000994256D1296C0B78852B06D0022006B0F3
:10A5F000E0BCBA46B146A846F0BD20224046FCF772
:10A600001FFB43465C788023013464012200603ADA
:10A610009B009A42EAD82800FFF7C2F80428E5D048
:10A620000028E4D1AA6BEB6B2868FEF7DFFE002858
:10A6300045D1296C0B78C02BD8D14646300020225A
:10A640002030FCF7FDFA2323F05C0F212C30FBF7C0
:10A6500039FC4001A042C9D8402614E00028C6D1E8
:10A66000AA6BEB6B2868FEF7C1FE002827D1296C86
:10A670000B78C12BBAD14346202298192036FCF71B
:10A68000DFFAB44252D92800FFF78AF80428E5D14E
:10A69000ACE72179002918D168239C46A444E246FE
:10A6A000012360783200009351464B4605F042F892
:10A6B000002806D001225242D31722666366012089
:10A6C00095E74B46266663668CE768218C46012732
:10A6D000A444607861460097E24605F065F80028DA
:10A6E000EDD1226E636E1900236B2071029310006E
:10A6F0000023049005910393226C636C801A9941A6
:10A7000002000B00029803999942C9D19042C7D91F
:10A71000E378022BC4D1049A059B12184B41012106
:10A7200060780091514605F03FF8B9E743460022B2
:10A730005878002301304001022A07D15A08DB0370
:10A74000D318424612799B1805229BB25908DB03A5
:10A75000CB184146895C01325B189BB29042EBD822
:10A760004146C8788A7800021043C01A431E9841B7
:10A7700040003CE7F0B5826BC36BDE4657464E4661
:10A7800045461100E0B589B00400029203931943D5
:10A7900068D0FF239A469846973B9C460768BC447E
:10A7A000E146029803993A6E7B6E824201D18B4258
:10A7B00022D03979002900D0A7E0012378784946D2
:10A7C0000093029A039B04F0B5FF002810D00122E9
:10A7D0005242D3173A667B66012000220023A2630F
:10A7E000E36309B0F0BCBB46B246A946A046F0BD43
:10A7F000029A039B3A667B66236C1A78002A31D052
:10A80000397804294CD03F21D87A0140A171E52A3A
:10A8100007D02E2A05D020200D008543082D00D01A
:10A82000A4E0FF239846256B266820353378043B47
:10A830005A1E93419E4A5B421340802252059B1848
:10A840009D420FD2A26BE36B110002920393194356
:10A8500008D0EB05DA0D002B06D06836B618256354
:10A8600026649EE70420B8E70021029A039B01209A
:10A8700012184B41616B02920393A263E3630029B8
:10A880001FD132896B099342ECD2029A039B1100CB
:10A89000683625632664194300D082E70020A0E7CC
:10A8A000256B852AC0D120002565FFF787FE00288B
:10A8B00000D092E73B6900201A793F231340A3712F
:10A8C0008FE773896A0A013B1A42DED12000FEF746
:10A8D00093FE012800D8E8E0431C00D17CE7F36A2E
:10A8E0009842BFD2821E023B60639A4255D2708961
:10A8F00000230021FCF70AF9326D736D801859416D
:10A9000002900391A063E163BFE701217878009191
:10A91000494604F049FF002800D05DE73B6B3871E1
:10A920000493386E796E002305000E0005933A6C8F
:10A930007B6CAD1A9E41069007912A003300049D5E
:10A94000059E9E4200D038E7954200D835E7FB7857
:10A95000022B00D031E72A00330012184B410121AD
:10A9600078780091494604F01FFF26E70F2900D0B0
:10A970003DE13131256B11420AD0587B8A43824632
:10A98000904625655A7B524510D0FF2398464BE7E9
:10A990004245F7D0FF23984646E700220023683659
:10A9A0000020A263E363256326641AE7DA7E997EBA
:10A9B00012020A43E9D119784032914301394A0021
:10A9C0005218920093468B445A46FF2ADDD8997854
:10A9D0005878090201435846FA6840001152029023
:10A9E000D87894460600187900023043002963D1D4
:10A9F000304A9042C9D19A79597912020A43160015
:10AA00002C4A9642C1D11A7AD97912020A4310000F
:10AA1000284A9042B9D1987A5A7A00021043254ABE
:10AA20009042B2D1DA7B997B12020A431600214A86
:10AA30009642AAD1587C1A7C000210431D4A9042CB
:10AA4000A3D1DA7C997C12020A431600194A964275
:10AA50009BD1587D1A7D00021043164A904294D132
:10AA6000DA7D997D12020A431600124A96428CD171
:10AA7000587E1A7E000210430E4A904285D15A7FBA
:10AA8000197F12020A4316000A4A964200D07CE758
:10AA9000D87F9A7F00021043064B984200D074E79B
:10AAA0004346013BDBB29846BEE6022095E6C0462F
:10AAB000000020F0FFFF00005A46511CFF2A00D181
:10AAC00063E76246490050529A795E791202164352
:10AAD000002895D05A46FE2A00D156E761444E80A0
:10AAE000D87932000600187A000206433000002AA6
:10AAF0008ED05A46FD2A00D147E78E80987A5A7A3E
:10AB000000021043002E8AD05A46FC2A00D13CE7AE
:10AB1000C880DA7B9E7B12021643002887D05A46F3
:10AB2000FB2A00D131E70E81587C1A7C00021043C9
:10AB3000002E83D05A46FA2A00D126E74881DA7CD3
:10AB40009E7C12021643002800D17FE75A46F92A5C
:10AB500000D11AE78E81587D1A7D00021043002E25
:10AB600000D17AE75A46F82A00D10EE7C881DA7D8B
:10AB70009E7D12021643002800D176E75A46F72A36
:10AB800000D102E70E82587E1A7E00021043002E8A
:10AB900000D171E75A46F62A00D1F6E648825A7F7C
:10ABA0001E7F12021643002800D16DE75A46F52A8F
:10ABB00000D1EAE68E82D87F9A7F00021043002EF1
:10ABC00000D169E75A46F42A00D1DEE6C8821B7834
:10ABD0005B0600D464E7002800D161E7F32A00D1C6
:10ABE000D3E66646029BF6180023738358E7424675
:10ABF000002A3FD119784A08C901521859785218C9
:10AC0000D1B24908D20189189A788918CAB2520873
:10AC1000C9015218D9785218D1B24908D2018918FD
:10AC20001A798918CAB25208C901521859795218AA
:10AC3000D1B24908D20189189A798918CAB2520842
:10AC4000C9015218D9795218D1B24908D2018918CC
:10AC50001A7A8918CAB25208C9015218597A9B7ACD
:10AC60005218D1B24908D2018A18D318DBB29A45DA
:10AC700000D113E601235B4200202365B1E5C04605
:10AC8000F0B545465746DE464E46E0B507680C002F
:10AC90003A788846131F591E8B4105008020AD4924
:10ACA0005B420B4040051B188DB0A3423AD9E30626
:10ACB00038D12C63AC68002C3CD07B895B029A466F
:10ACC000984500D203E1012C2CD03E00F36AA34248
:10ACD00028D933789946032B00D183E05CD8012B27
:10ACE00046D0022B1ED1230A02930023039302981D
:10ACF0000399326C736C12184B413000FEF776FBEF
:10AD0000002847D1FF2364005B001C4034196834DD
:10AD10002378647824021C4389E000220023AA637C
:10AD2000EB636C6302200DB0F0BCBB46B246A94693
:10AD3000A046F0BD022A00D988E043463A895B0963
:10AD40009342EFD2BA6CFB6C1100AA63EB636C63A5
:10AD50001943E7D044460021600A80185941E305B1
:10AD60006837DB0DFF18A863E9632F640020DAE77A
:10AD700063081B199B465B0A00930023019300980C
:10AD80000199326C736C12184B413000FEF72EFBA8
:10AD9000002875D00120C6E7042BC3D12A696B694E
:10ADA0001000E979184358D0A868002855D0201A17
:10ADB0000890022900D0C3E001204042C11780184A
:10ADC0005941CB05400A181872890023490AFBF73C
:10ADD000B7F8089B8342A5D845D00134631C29D11C
:10ADE0000120A0E7E3090493002305930498059943
:10ADF000326C736C12184B413000FEF7F7FA0028E2
:10AE0000C8D1FE2369225B00A4001C403419953B85
:10AE1000A25CFF3BE35C12021A436A23E35C1B045F
:10AE200013436B22A45C24061C4324012409012C37
:10AE300000D877E7FB6A9C4200D373E7424651464D
:10AE4000521A9046914243D82E683FE7BB6CEC7192
:10AE5000002B00D171E71C002FE7002900D061E72B
:10AE6000EB69002B46D0FB6A002B00DB5AE7434618
:10AE700052469B1A98469A4268D82E68364C25E767
:10AE80005B465A1CDB05DB0DF31868331B78089210
:10AE90000993530A06930023079306980799326C87
:10AEA000736C12184B413000FEF7A0FA002800D056
:10AEB00070E7089AD305DB0DF31868331B78099AFD
:10AEC0001B0213434A46224211D01C09AFE7FB6A1A
:10AED000A21E023B9A4200D31FE70023002178897B
:10AEE000FBF714FE3A6D7B6D12184B412CE71B05E6
:10AEF0001C0D9CE7E3090A9300230B930A980B9916
:10AF0000326C736C12184B413000FEF76FFA002858
:10AF100000D03FE7FE2369216822A4005B001C40AB
:10AF20003419615CA25C090211436A22A25C12041A
:10AF30000A436B21645C240614436400640876E7CA
:10AF400003298DD1AB6998428AD246E7024C034A65
:10AF5000C3E7C046000020F0FFFFFF7FFDFFFF7F3B
:10AF6000F0B54E464546DE465746E0B5036800223A
:10AF70001B6905005C781E000023601C8BB040013B
:10AF8000022A06D15A08DB03D31832799B1805220E
:10AF90009BB25908DB03CB18B15C01325B189BB242
:10AFA0009042EDD8B3701B0AF3702800296DFFF7AB
:10AFB00067FEB146061E2AD1AA6BEB6B049205937D
:10AFC0000123A2469B462F6809900897089B049886
:10AFD00005991A6E5B6E824201D18B4224D008988B
:10AFE0000179002900D092E0040068345B46089F94
:10AFF000210078780093049A059B04F09BFB0028BD
:10B000000DD001225242D3173A667B6601263000EA
:10B010000BB0F0BCBB46B246A946A046F0BD089AAC
:10B02000049B059C1366546620224946286CFBF756
:10B0300007FE5B462C6823715346002B00D19CE031
:10B0400023782E6B043B5A1E93414F4A5B421340B8
:10B0500080223100520520319B180291994205D37C
:10B0600000220023AA63EB630226D0E7A96BEA6BF8
:10B070000B00049105921343F6D0029BDB05D80D1B
:10B080008046002B0FD10126002789197A410491AF
:10B090000592A963EA63696B002910D1029B22899A
:10B0A0005B099342DCD2089420239944029B6834C4
:10B0B0002B63012344445B422C649A4486E76389F2
:10B0C000029A013B520A08941A42EDD12800FEF779
:10B0D00093FA0128C8D9431C98D0E36A9842BFD29A
:10B0E000821E023B68639A4249D200236089002194
:10B0F000FBF70CFD226D636D8018594102000B00B7
:10B1000004900591AA63EB632B680893CCE70400D5
:10B110005946683440780091210004F045FB00282E
:10B1200000D073E7089A136B10710693106E516E7E
:10B13000002306000F000793536C126CB61A9F4150
:10B140000290039132003B00069E079F9F4200D071
:10B150004CE7964200D849E7089AD378022B00D0F2
:10B1600044E732003B0012184B410899487801210E
:10B170000091210004F018FB38E7099E47E7002200
:10B18000002304920593BDE7000020F0F0B5574678
:10B19000DE464E464546E0B500218DB08246076842
:10B1A000FFF76EFD041E2FD13B78042B00D19CE1EC
:10B1B000012352465B423E001365D36B926B0292B1
:10B1C0000393FF23683654469946B24609930A9082
:10B1D0003A6E7B6E02980399824201D18B421FD056
:10B1E0003979002900D0A8E00123787851460093EE
:10B1F000029A039B04F09EFA00280DD001225242CD
:10B20000D3173A667B66012420000DB0F0BCBB4624
:10B21000B246A946A046F0BD029A039B3A667B66F9
:10B22000206C0178002925D03F23C27A1340A371F6
:10B23000E52904D0120744D50F2B00D1AEE001233D
:10B240005B422365FF23994620222368934604939B
:10B250001B78266B043B5A1E9341D24A5B42134033
:10B2600080225205B3449B189B4505D3002200233E
:10B27000A263E3630424C7E7A16BE26B0B000291B6
:10B2800003921343F6D05B46DB05D80D8046002BB6
:10B2900010D1012500264919724102910392A16340
:10B2A000E263616B00291ED15B46049A5B09128937
:10B2B0009342DBD25B46049D236368354544256495
:10B2C00086E74B46002B00D1C6E04F230122E35C0A
:10B2D0001A42B4D121000A3244310EF039FB002861
:10B2E000ADD10A9C90E75A46049B520A5B89013B08
:10B2F0001A42DFD12000FEF77FF9012800D8F2E0E2
:10B30000431C00D17FE7049DEB6A9842AED2821EB7
:10B31000023B60639A4200D348E100236889002120
:10B32000FBF7F4FB2A6D6B6D8018594102000B008E
:10B3300002900391A263E363BCE701217878009156
:10B34000514604F031FA002800D05CE73B6B3871BD
:10B350000693386E796E002305000E0007933A6C51
:10B360007B6CAD1A9E41049005912A003300069D26
:10B37000079E9E4200D037E7954200D834E7FB781D
:10B38000022B00D030E72A00330012184B41012174
:10B3900078780091514604F007FA25E74F224023C0
:10B3A000A25C134200D04FE70B4200D197E0427BF2
:10B3B0009943236B09922365437B099A934200D0FA
:10B3C00040E7C37E827E1B02134300D03AE7FB684E
:10B3D00002789B463F231340013B5E00F618B600FF
:10B3E000F6180D2398460C3B029704941F000400A6
:10B3F0006D4D0B91A8442B783A00E15CE3185F781F
:10B400003F020F43002A00D1D5E0FF2E00D9E9E02A
:10B410003800FDF7CBFC5A4673008146985AFDF779
:10B42000C5FC814500D0DDE0013501364545E2D15E
:10B43000200002783B000B99029F049C520607D51E
:10B44000002B05D05B467600F35A002B00D0F9E6BE
:10B450000139CBB29946F7E602785308D2019B181E
:10B4600042789B18DAB25208DB01D2188378D218DE
:10B47000D3B25B08D2019B18C2789B18DAB252088B
:10B48000DB01D2180379D218D3B25B08D2019B1822
:10B4900042799B18DAB25208DB01D2188379D218AC
:10B4A000D3B25B08D2019B18C2799B18DAB252085A
:10B4B000DB01D218037AD218D3B25B08D2019B18F1
:10B4C000427A9B18DAB25208DB01D318827A9B18B1
:10B4D000099ADBB29A4200D0F7E60A9C94E68945C5
:10B4E00000D0AFE668E702248EE6FD6828880028D1
:10B4F00075D0A046FF26AC1C0025FDF757FC6B0855
:10B50000ED035B1982B23040181885B20234C003D3
:10B510006D08A31E2D18120A1888AD18ADB20028A8
:10B52000EBD1AB4644462526B84602945046FFF779
:10B5300021F9002833D1434624221B69995C9A5D86
:10B5400012020A435A45F1D123229C5C0027002CA9
:10B550001ED0402502E043461B6902351F222A42C5
:10B5600000D102355A5D5B19587800021043FDF78F
:10B570001DFC4346DB687A008146D05AFDF716FC75
:10B580008145D3D1013CE4B20137002CE3D17F00E7
:10B590004346DB68DB5B002BC8D1029C34E6040029
:10B5A00032E6C046000020F0C8C801100022002387
:10B5B00002920393BEE620003B000B99029F049C7D
:10B5C0000A4A05E02B78C65CC3185B781B0233433C
:10B5D000934200D036E60135A845F3D138E7002381
:10B5E0009B46A0E7029F049C2CE6C046FFFF00009C
:10B5F000F0B5DE4657464E464546E0B50F000168B9
:10B600003B789DB0834603912F2B2CD05C2B2AD006
:10B610000023CA6909788260C36104292CD1002AF9
:10B620002AD05A46039D5946286A5C461062089003
:10B63000FF206A6A06954A62A96A0B93A16206AC6A
:10B64000E271824320000A920D931A91FFF718FBD2
:10B65000002800D153E21DB0F0BCBB46B246A9465B
:10B66000A046F0BD01373B782F2BFBD05C2BF9D0E7
:10B6700000235A469360D3613D781F2D00D8D3E153
:10B68000C44B01935B461B680024DB683F269A4647
:10B69000C14B9946C14B984614E001371F2D00D885
:10B6A0000CE22F2D62D05C2D60D0290001980EF0A5
:10B6B000D5F9002857D1FE2C55D8524663009D522B
:10B6C0003D7801346BB2002BE7DA2B001F22934345
:10B6D000C02B72D02B000F229343E02B00D17FE0D0
:10B6E00007232A009A43F02A3DD103211D407A788E
:10B6F0001300B343802B36D1BB781800B0438028A9
:10B7000031D1AD0132402A43920133401343022923
:10B7100000D192E1FA781100B143802923D132405F
:10B720009B0113431A009E49803A8A421BD880210C
:10B730009C4A09019A188A4215D380220437520282
:10B7400093424BD3984A51469D184A46AD019B05FA
:10B7500015409B0D1D4343461D432A0C63000134D5
:10B760005A52FE2CA9D9062075E701373B782F2BBA
:10B77000FBD05C2BF9D000221F219942524193004B
:10B780009846012C00D131E1022C00D02AE1534629
:10B790005B882E2B00D173E153469A1E63009B18E1
:10B7A0001988202901D02E291ED1013C023B002CF2
:10B7B000F6D1534606201C804DE77A781300B34338
:10B7C000802BD0D11F213F232940890113400B43F7
:10B7D0001900734A80399142C5D802371D006AE7C3
:10B7E000D13B02211D4082E763009C465146002365
:10B7F00060460B520B88202B00D0EDE05346002111
:10B8000002331E000233981E00880D0001312028EB
:10B81000F7D0023541460323194388466244138812
:10B820002E2B03D0013C023A002CF8D158460B22B3
:10B8300020214430FBF7FEF93688002E3BD0002350
:10B8400004930833994600233A00029343464F4637
:10B85000A04691461C00202E00D182E02E2E00D161
:10B860008AE0029B9F4200D9A0E00B2F00D16BE140
:10B87000A84500D185E003231C43A84500D380E000
:10B880004B465A46B9461F004423D25CA046E52ADF
:10B8900002D15946E03ACA544B46082B25D00C2316
:10B8A000049A13400C2B02D0D3439B0725D1424668
:10B8B00002231A4390465B464F24424658461A5587
:10B8C000FFF764FC5B461B5D002827D0042800D0EE
:10B8D000C1E602001A409B0600D44EE1002A3ED089
:10B8E00080235A4613550020B5E6049B9B00DAB22C
:10B8F00004920C2213400C2BD9D043469B07DAD478
:10B9000010230499CA07D217134042461A4390469F
:10B910004B07D0D508231A439046CCE75B07E2D407
:10B920005B469B79DB0600D42AE1039B19785B46D2
:10B93000042900D1AEE01A6B039BD205D20D683307
:10B940009B18DA7E987E12020243032905D1197DE5
:10B950005B7D1B020B431B041A435B469A603D78D8
:10B9600090E603231C432B0052465D1C5B009E5A4D
:10B97000002E00D06FE783E7A845F2D10B2F00D14E
:10B98000E2E00822049B0B279B00DBB204930292A7
:10B990004346E9E700AC01100000FF0300DC00D8DB
:10B9A0007FFF10000028FFFF0000FFFFA845E5D043
:10B9B0007F2E52D8310076480EF050F8002800D182
:10B9C0008CE003235F261C43029B5A1C5B444433D8
:10B9D0001E7002922B00C7E7564601252E2B00D081
:10B9E0001CE717E7002C00D0D6E6E2E653461B889A
:10B9F0002E2B00D0D0E600235246538020335846E9
:10BA000044222E21815401328354624B01328352ED
:10BA1000614A82644C2283524E232C3AC2544246DD
:10BA200020231A43904646E759464F238022584622
:10BA3000CA540021FFF724F90DE61A005749803A4D
:10BA40008A4200D98FE68021554A09019A188A4214
:10BA500000D288E61D0003372DE60223B621300010
:10BA60002343FF310593FDF781F90600030628D52E
:10BA70007F234C4A0340D65C059C002EA1D099E759
:10BA800053461B882E2B00D086E600235246938017
:10BA90002E33B4E75A469B68594613621369FF2256
:10BAA00093435A46D27913435A465362136D9362B5
:10BAB000039B1869FDF762FC3D78E3E50423984693
:10BAC0005FE6FF28D8D9029A7B1E93425AD9531CAD
:10BAD0005A444432010A059C117076E73300413B19
:10BAE0009BB2192B2AD93300613B9BB2192B04D886
:10BAF0000123049A203E1A430492029B65E720002A
:10BB0000FEF75CFD002800D0A5E53822039B1B69E9
:10BB1000995C01329A5C12020A433A21595C090489
:10BB200011433B229A5C12060A4359460A612122BC
:10BB300048619A5C02231340CB719DE50223049A6D
:10BB40001A430492029B40E7032322001A439046C3
:10BB500044235A46D25C4F46E52A00D0ABE6052284
:10BB60005946CA540C23049A13400C2B00D19EE66C
:10BB7000D3439B0700D19AE69DE6002A00D06AE5F0
:10BB8000052068E5032302971C432B00ECE6C04622
:10BB90000CAC011020200000202020207FFF10008E
:10BBA0000028FFFF48C80110F0B557464546DE465D
:10BBB0004E46E0B580460C0017008FB0012970D9C1
:10BBC0000568EB6A8B426CD9002A15D02A78042AC2
:10BBD0000FD0012F65D0BB4263D901223900280064
:10BBE0005242FDF75FFC00285CD143461E68F36AB1
:10BBF00003E0C279022AECD12E00A246C146BB4620
:10BC00009C424ED23778032F00D10EE100D9B1E02B
:10BC1000012F4ED0022F44D1230A0693002307930D
:10BC200006980799326C736C12184B413000FDF77F
:10BC3000DDFB002851D1FF22630052001340F318AE
:10BC400068331F785B781B021F4300D142E1012F4C
:10BC500027D02B78042B09D0EB6A9C4221D20022FA
:10BC600021002800FDF71EFC00281BD1EA6AAB6901
:10BC7000911E8B4205D201210133AB616B790B43DD
:10BC80006B710134BC4203D02B78042B27D0BA4609
:10BC9000974200D31EE14B461E683C00F36A9C426B
:10BCA000B0D302200FB0F0BCBB46B246A946A046B6
:10BCB000F0BD63089846A04443465B0A0493002302
:10BCC000059304980599326C736C12184B4130003F
:10BCD000FDF78CFB002800D1D4E00120E2E75346B9
:10BCE000A86DE96DE21A94469A1E130B0093002387
:10BCF0000193009B019C1B184C4102930394130574
:10BD0000DB0D98460723012613409E403B002C0084
:10BD1000674645469846029A039B2000FDF766FB5E
:10BD20000028BFD16219130068331B78334212D147
:10BD3000B7E77600F6B2002E0AD1802301359B00CA
:10BD40009D4200D3D3E06219130068331B7801369B
:10BD5000334200D193E011007340DBB26831013F00
:10BD60000B70002FE5D1012325004746C246E26A49
:10BD700023718DE7042F00D093E74F463A697B6922
:10BD80001000F97918431ED0BF68002F1BD0E71BA5
:10BD9000022900D0B8E001204042C1178018594163
:10BDA000CB05400A181872890023490AFAF7C8F827
:10BDB000874200D975E700D1AFE0671C7B1C00D03B
:10BDC00047E701206EE7002900D06AE74B46DB69B0
:10BDD000002B00D0A1E0E3090C9300230D930C98F5
:10BDE0000D99326C736C12184B413000FDF7FEFA5E
:10BDF000002800D071E7FE2269215200A300134001
:10BE0000F318953A595CFF3A9A5C090211436A2289
:10BE10009A5C12040A436B215B5C1B0613435B00B4
:10BE20005F08002B00D012E754E0E30908930023D9
:10BE3000099308980999326C736C12184B413000C1
:10BE4000FDF7D4FA002800D047E7FE22692152000E
:10BE5000A3001340F318953A595CFF3A9A5C090223
:10BE600011436A229A5C12040A436B215B5C1B0635
:10BE700013431B011F09002B00D0E8E62AE0012331
:10BE800023710EE74146CB05DB0D4246F3186833BC
:10BE90001978002301328846510A0B930A910A98B7
:10BEA0000B990292326C736C12184B413000FDF703
:10BEB0009DFA002800D010E7029AD3054246DB0D18
:10BEC000F31868331B781B021343274227D01F093E
:10BED00000D0BCE62B78C8465F46042B01D000207A
:10BEE000E0E64B46002F20D10020DF71DAE6002388
:10BEF0000298039901228018594101230025012647
:10BF000002900391237106E7032900D05EE74B46B8
:10BF10009B699F4200D359E74FE7184F99E61B05ED
:10BF20001F0D002B00D092E6D4E7DB79002B18D14F
:10BF30004B464D469C680CE021002800FDF75CFB59
:10BF4000012800D8ADE6431C00D1C6E60134844286
:10BF5000C5D1BC42F0D1A846022342460020D3718D
:10BF6000A0E6032BBBD14B469B685B45B7D84A463E
:10BF700092699B185B45EFD2002093E6FFFFFF7F9D
:10BF8000F0B557464E464546DE46E0B50468060025
:10BF90008A46A04697B0002900D09AE06169A3695B
:10BFA0008946002943D1002B00D147E12378042B97
:10BFB00000D1D5E0E36A9C46A346E1460124370060
:10BFC000651C4D4500D339E13E68F36A9D4277D246
:10BFD00033780093032B00D199E200D96AE2012B58
:10BFE00000D1C1E2022B6BD12B0A109300231193D5
:10BFF00010981199326C736C12184B413000FDF798
:10C00000F5F9002800D0A8E0FF226B005200134091
:10C01000F31868331A785B781B02134300D1DBE214
:10C02000012B4DD05B46DB6A99462C00C8E7E26ADB
:10C0300094468A42B7D9002B00D1FFE02378042B25
:10C0400000D1E6E10129B7D04D1CAA4200D8022553
:10C05000E36AAB4234D92778032F00D13CE100D901
:10C0600011E1012F00D164E1022F29D12B0A0493A1
:10C070000023059304980599226C636C12184B41B8
:10C080002000FDF7B3F9002867D1FF226B005200B2
:10C090001340E31868331A785B781B02134300D10E
:10C0A00082E1012B0CD0A94500D1C7E04346DB6AF1
:10C0B0000135AB4200D8D2E03468E36AAB42CAD85B
:10C0C0000125280017B0F0BCBB46B246A946A046E1
:10C0D000F0BDFDF791FA05000128F1D9431C3CD0D1
:10C0E000E26A8242EDD8A369002B00D1A6E0237852
:10C0F000042B00D18CE1534601331F001D009A42EE
:10C1000000D8022529003000FDF776FA0128D7D0A3
:10C11000431C22D0E36A9C46002800D090E0002D0A
:10C1200000D194E06545CBD201222900404652421D
:10C13000FDF7B8F900280ED15246002A65D011004B
:10C14000012ABDD04046C36A9A42B9D22A00FDF7FF
:10C15000A9F9002859D00128B2D101256D42B0E7D4
:10C16000012300259946AB465F463B0B0093002315
:10C17000019300980199A26DE36D12184B412000C4
:10C18000FDF734F90028E8D10722012338053A40A9
:10C19000C00D9340221868321278E16A9446023941
:10C1A0005A46674601321F408A423DD3002F04D0D1
:10C1B000002D43D000239B46D6E75B469D1C0332EF
:10C1C00000D97EE7A06DE16D1A0B002312184B41D8
:10C1D0002000FDF70BF90028BFD1594607220B05B7
:10C1E0000A400121080090400200DB0DE31868338B
:10C1F0001878104200D063E742401A70534621710C
:10C20000002B00D00DE10233F3714146CB6A8A69FD
:10C21000023B4D619A4201D8013A8A6141460122AE
:10C220004B7913434B714CE7002FC6D0AA4205D07F
:10C230005B00DBB2002B19D09346B1E7002540E745
:10C2400063699946012B02D9634500D221E1534627
:10C25000012B00D1B0E63D00D146674501D33468DB
:10C26000F5E6012F00D82BE73468F1E68023013092
:10C270009B00984200D3EEE1231868331B78934665
:10C280009C4601238CE7042F00D019E732697369BB
:10C290001000F179184300D18AE0B768002F00D16F
:10C2A00086E0EF1B022900D0EDE001204042C117DB
:10C2B00080185941CB05400A181862890023490AA1
:10C2C000F9F73EFEB84200D2FAE600D1EBE66B1C6D
:10C2D000013300D0E7E640E7EB0902930023039324
:10C2E00002980399226C636C12184B412000FDF7F1
:10C2F0007DF8002800D030E7FE2269215200AB0013
:10C300001340E318953A595CFF3A9A5C09021143CD
:10C310006A229A5C12040A436B215B5C1B0613437E
:10C320001B011A09002B3FD0012A00D0BBE60125D2
:10C33000C7E66B085B195A0A069200220792069814
:10C3400007990093226C636C12184B412000FDF793
:10C350004DF8002800D000E70022009B0992591CEC
:10C36000DB05DB0DE31868331B7800910A934B0A59
:10C37000089308980999226C636C12184B412000AD
:10C38000FDF734F8002800D0E7E600990A9ACB05BB
:10C39000DB0DE31868331B781B0213432F424ED189
:10C3A0001B051A0D002BBFD14346DB6A9C46B9E63C
:10C3B000002900D084E6F369002B00D073E6EB0976
:10C3C0000C9300230D930C980D99226C636C12183A
:10C3D0004B412000FDF70AF8002800D0BDE6FE2200
:10C3E00069215200AB001340E318953A595CFF3ABB
:10C3F0009A5C090211436A229A5C12040A436B2177
:10C400005B5C1B0613435B005A08002B8CD1CBE707
:10C41000D1464B46023A9D1E954200D2A3E6002526
:10C42000A1E6F379022B3AD052460132F369AA42CF
:10C4300009D10222002B00D05A1CF261E5E61B094B
:10C4400000D02EE6B0E7002B01D10133F361524654
:10C45000D01A411C2A00012B00D0821C012900D8CF
:10C460002EE63068C36A994200D329E6FDF71AF830
:10C47000002800D06FE6F369013BF361002BE6D1A1
:10C480000123F361C1E6032995D1B369BB4292D977
:10C490001DE75D1C3468654500D3D8E5D8E54A46FC
:10C4A000531CAB4200D1B0E6B368D31AB361032387
:10C4B000F371B9E7042B00D002E63869796902000C
:10C4C000FB790A4300D18BE0BA68002A00D187E0EB
:10C4D000AA1A0092022B00D0B6E001225242D317D2
:10C4E00012184B41500A7289D905081892B2590A9C
:10C4F0000023F9F725FD009A824200D9E0E500D13A
:10C5000093E50234013400D127E62C0058E5EB090D
:10C5100012930023139312981399326C736C1218B0
:10C520004B413000FCF762FF002800D015E6FE22E8
:10C5300069215200AB001340F318953A595CFF3A59
:10C540009A5C090211436A229A5C12040A436B2125
:10C550005B5C1B0613431B011A09002B3CD0012A0C
:10C5600000D05FE50125ACE56C086419630A0A9305
:10C5700000230B930A980B99326C736C12184B4181
:10C580003000FCF733FF002800D0E6E5E305DB0DC3
:10C59000F3186833621C1C780023510A0F930E9124
:10C5A0000E980F990292326C736C12184B41300046
:10C5B000FCF71CFF002800D0CFE5029AD305DB0D65
:10C5C000F31868331B78009A1B022343154236D0B8
:10C5D0001B09834200D023E55C46E36A9C46A1E543
:10C5E000002B00D06CE5FB69002B00D01DE5EA09AB
:10C5F0001492159314981599326C736C12184B4160
:10C600003000FCF7F3FE002800D0A6E5FE226921E9
:10C610005200AB001340F318953A595CFF3A9A5C0C
:10C62000090211436A229A5C12040A436B215B5C83
:10C630001B0613435B005A08834290D1CCE71B05CD
:10C640001A0D002B8BD1C7E7032BCCD1BB69009A05
:10C650009A42C8D255E7934686E5C046F0B5DE4615
:10C6600057464E464546E0B58DB005910021040081
:10C670000768FEF705FB061E29D1A26BE36B0021BC
:10C68000894668318C4602920393BC443A6E7B6EB5
:10C69000614692469B46089109900298039950453D
:10C6A00001D1594521D03979002900D0ABE00123CF
:10C6B000787808990093029A039B03F03BF80028CE
:10C6C0000DD001225242D3173A667B660126300014
:10C6D0000DB0F0BCBB46B246A946A046F0BD029ADA
:10C6E000039B92469B463A667B66216C38780978B4
:10C6F00004283DD0E5293ED000293CD000239946AE
:10C70000256880232978266B0439481E81415B48BF
:10C71000494201405B052036C9188E4205D30022EC
:10C720000023A263E3630726D1E7A06BE16B03005C
:10C7300002900391039A1343F5D0F105CB0D98466F
:10C74000002910D102980399012200238018594131
:10C7500002900391A063E163616B002912D12889E3
:10C7600071098142DBD2683545442663256494E72C
:10C7700049B20029C2DB01239944059B9945BFD1E9
:10C78000099EA4E76889730A01380342EBD12000AF
:10C79000FCF732FF8246012868D9431C96D0EB6A29
:10C7A000984216D3616B2000FFF7EAFB011E824618
:10C7B000B9D001285AD0431C00D187E72800FCF7E4
:10C7C0000DFD002800D081E70422E3791343E371D3
:10C7D000EB6A5246023B6263023A9A4248D2002315
:10C7E00068890021FAF792F92A6D6B6D801859411A
:10C7F00002000B0002900391A263E3633B6E9A4632
:10C800007B6E9B46AFE701237878524600930899E8
:10C810005B4602F0C9FF002800D057E73B6B387138
:10C820000693386E796E002305000E0007933A6C6C
:10C830007B6CAD1A9E410A900B912A003300069D35
:10C84000079E9E4200D032E7954200D82FE7FB7842
:10C85000022B00D02BE72A00330012184B41012194
:10C8600078780091089902F09FFF20E702262EE7D2
:10C870000022002302920393BEE7C046000020F08E
:10C88000F0B54546DE4657464E464F23E0B5C35CFD
:10C8900005009C465F2362469FB09A4300D021E387
:10C8A00003680021D86801930388002B04D001316C
:10C8B0004B00C35A002BFAD1019B1F78042F00D1E3
:10C8C00014E308AB984644239946A94443464A4694
:10C8D000D0CAD0C36346DB0700D44AE14F234022CD
:10C8E000EA544E3B9B4606AB9A4663460493019B33
:10C8F00080242E0001274D46844699466402059106
:10C900002A00414609C909C20B8813808B789370AD
:10C910005B46052B00D858E163461B885A46002B1E
:10C9200076D06046AC46BF493D0052001D40AD1870
:10C9300002305A08254200D04D406D003A4052194D
:10C940009D08224200D04A403D405200AA18DD080E
:10C95000224200D04A403D405200AA181D092242FE
:10C9600000D04A403D405200AA185D09224200D042
:10C970004A403D405200AA189D09224200D04A4038
:10C980003D405200AA18DD09224200D04A403D40F5
:10C990005200AA181D0A224200D04A403D405200CF
:10C9A000AA185D0A224200D04A403D405200AA180F
:10C9B0009D0A224200D04A403D405200AA18DD0A9A
:10C9C000224200D04A403D405200AA181D0B22428C
:10C9D00000D04A403D405200AA185D0B224200D0D0
:10C9E0004A4052003D40AD189A0B254200D04D40C0
:10C9F0006D003A405219DB0B224200D04A405200EF
:10CA00009A18224200D04A400388002B8CD16546F8
:10CA10000F231340180030301109392801D937335A
:10CA200018005346D871002900D1D1E00F230B40E4
:10CA300019003031100A392901D93733190053460A
:10CA40009971002800D1E1E00F2303401900303133
:10CA5000120B392901D93733190053465971002A6D
:10CA600000D13AE213003033DBB2392B01D9130085
:10CA70003733524613717E23D37003224423F35C71
:10CA8000202B00D1CBE04523F35C202B00D122E208
:10CA90004623F35C202B00D126E2032A00D1B1E02B
:10CAA0004723F35C202B00D1ACE0042A00D1ABE09B
:10CAB0004823F35C202B00D1A6E00523062A05D1EC
:10CAC0004923F35C203B591E8B41053351465046A8
:10CAD000895C8018E9544078991C8C46E9184870A4
:10CAE000062B2CD0901C062A00D176E0D91C02918E
:10CAF0005146085C61466854052B20D0D01C052A9D
:10CB000000D171E0191D8C465146085CD91C68544F
:10CB1000042B14D0032A00D06DE052466046D2792F
:10CB2000591D2A54032B0AD02022981D6A54022B27
:10CB300005D008222021121A2818FAF77BF83000B5
:10CB4000FEF724FB002809D101239B445B46642B9C
:10CB500000D10DE34B46DB689C46D1E6049BA94619
:10CB60009C46350005990600042826D14F236246CD
:10CB7000EA5463469B0757D401212800FFF76EFD56
:10CB8000061E1AD1AA6BEB6B0198FCF72FFC061E50
:10CB900013D120220021286CFAF74CF80B224946C9
:10CBA000286CFAF74DF84F23E95C2A6C373B0B40B1
:10CBB000137301230026019A137130001FB0F0BCDB
:10CBC000BB46B246A946A046F0BD52463033D371AB
:10CBD00052467E239371062250E761461A32D81CD2
:10CBE0006A54052BA5D1AAE71B32D91C181D6A541B
:10CBF000042B9ED1A3E720226146581D6A54032BC3
:10CC000097D19CE7032361E704235FE77E23524625
:10CC100053714423F35C0522202B00D033E700231B
:10CC200054E7C046211001000C310C000D212000FA
:10CC3000F9F748F9411C82462800FFF70FFD061E50
:10CC4000BBD10C2C9ED05346296B5B012800C91A1E
:10CC5000FEF716F8061EB0D14423EA5CFF24530801
:10CC6000D2019B184522AA5C57469B18DAB252089B
:10CC7000DB01D2184623EB5CD218D3B25B08D20199
:10CC80009B184722AA5C9B18DAB25208DB01D21823
:10CC90004823EB5CD218D3B25B08D2019B1849221F
:10CCA000AA5C9B18DAB25208DB01D2184A23EB5C6B
:10CCB000D218D3B25B08D2019B184B22AA5C9B18F6
:10CCC000DAB25208DB01D2184C23EB5CD218D3B293
:10CCD0005B08D2019B184D22AA5C9B18DAB252085D
:10CCE000DB01D3184E22AA5C9B180293B44B9846E2
:10CCF0002AE0DC701C715C719C71DC711C725C72CE
:10CD00009C729C73DC731C745C749C74DC741C7566
:10CD10005C759C75DC751C765C761C775C779C7703
:10CD2000DC775946402211438B465A461A7001233C
:10CD3000019A28001371FCF733FD061E00D03CE772
:10CD4000013F002F00D11DE7AA6BEB6B0199080092
:10CD50008A46FCF74BFB061E00D02EE75346D968E7
:10CD60002B6C029A18739876D87620005A730F228B
:10CD700038400138DA72420012189200121850003E
:10CD80000E5ABB46B4465E70360A9E700126764245
:10CD9000B4446646B6B24645ABD8013252008E5A0C
:10CDA000B446DE70360A1E7101267642B4446646E9
:10CDB000B6B246459FD88A185688B4465E71360A80
:10CDC0009E7101267642B4446646B6B2464594D872
:10CDD0009688B446DE71360A1E7201267642B44445
:10CDE0006646B6B246458AD8D688B4465E72360ADA
:10CDF0009E7201267642B4446646B6B2464500D9D4
:10CE00007FE71689B4469E73360ADE7301267642A2
:10CE1000B4446646B6B2464500D974E75689B4466E
:10CE20001E74360A5E7401267642B4446646B6B273
:10CE3000464500D969E79689B4469E74360ADE7481
:10CE400001267642B4446646B6B2464500D95EE74E
:10CE5000D689B4461E75360A5E7501267642B444FC
:10CE60006646B6B2464500D953E7168AB4469E7563
:10CE7000360ADE7501267642B4446646B6B24645A9
:10CE800000D948E7568AB4461E76360A5E760126F1
:10CE90007642B4446646B6B2464500D93DE7968A26
:10CEA000B4461E77360A5E7701267642B44466465B
:10CEB000B6B2464500D932E7D28A160A9A77013AC5
:10CEC00092B2DE77424500D92BE709184A8B002A37
:10CED00000D02AE725E70123F8E552467E231371A7
:10CEE0000422CBE5062668E60223EFE50E310800B2
:10CEF0000F21F8F7E7FF811C04002800FFF7AEFBC5
:10CF0000061E00D059E62B6B013464011B1B2B65F8
:10CF1000EB791F4200D1A7E0BB43EB71032B32D06A
:10CF2000EB69002B15D06C6BE21A511C012B00D160
:10CF300020E10232012940D92868C36A99423CD2D3
:10CF4000FCF7B0FA00281CD1EB69013BEB61002B28
:10CF5000EAD1AB68002B00D186E0FF222B6808AC39
:10CF600008932B6AA96A0A936B6A2000E3719343C2
:10CF70000C9300231C910D930F93FDF781FE002865
:10CF800020D0060019E6AF69002F00D1F7E0A968AC
:10CF9000CF19012911D92868C36A8B420DD94C1CBD
:10CFA0002200FCF77FFA0028EBD1BC4200D1E6E07A
:10CFB00028682100C36A8B42F1D80226FDE5C046ED
:10CFC000FDFF00002000FDF7F9FA0028D9D100216B
:10CFD000019F7B8958022A696B6912184B413820DE
:10CFE00039692A616B610A543920170A0F543A20B3
:10CFF00002920393029B170C0F54180E6B463B22B0
:10D000001B7B885401328B54039B0132180A8854CD
:10D01000180C013288541A0E3F232820019FCA544D
:10D0200029693B696A690F0A195401301F540F0CB2
:10D0300001301F54090E013019542C21100A5A5482
:10D0400001315854100C01315854120E01315A5408
:10D050000122EB79019F13432122396920008B546F
:10D06000FDF77EFF00288CD1019B3F221C69002127
:10D07000671C3800DD68F9F7DDFD8523C0222370C9
:10D08000653BE2540023C1219C468B46A2399A4657
:10D0900089466146BC462700340000205646A24619
:10D0A0000C00BF3A403302925A46FA540022591CEF
:10D0B0007A540194B8460400029A0233049612E0AE
:10D0C0000288002A12D0019F16000137F8B24746A5
:10D0D000FE546646110AF154494644000233019059
:10D0E000281919420CD02819002AE9D100264746F0
:10D0F0000021FE546646F154494602331942F2D1EA
:10D10000804602922200100042461188049E019C33
:10D11000002901D00136C7E753462200B2461E005F
:10D120002323FA54534602337B7028883C0000289E
:10D1300023D0FF260F000235FBF738FE7B08FF03E4
:10D1400082B2DB1930401B189FB27F08DB03023527
:10D15000FF18AB1E120A1888BF18BFB20028EBD107
:10D160003E003B0A2422A65401320026A35424E5A3
:10D17000072622E501225242DCE60023F2E70023E3
:10D18000EB71CDE670B582B001900091002900D11D
:10D19000F0E00B0003E001333A2800D16BE018788F
:10D1A0001F28F8D8744B1C782300744998008C46CB
:10D1B0000B00095800294BD000251D50704B1D68ED
:10D1C0008D4200D16CE01D69A94200D16EE01D6A5C
:10D1D000A94200D170E01D6BA94200D172E01D6C24
:10D1E000A94200D174E01D6DA94200D176E01D6E08
:10D1F000A94200D178E01D6FA94200D17AE08025D4
:10D200005D59A94200D17CE090255D59A94200D129
:10D210007FE0A0255D59A94200D182E0B0255D598B
:10D22000A94200D185E0C0255D59A94200D188E01E
:10D23000D0255D59A94200D18BE0E0255D59A94276
:10D2400000D18EE0F0255D59A94225D000230B7056
:10D25000019B002B04D00021197061465C700B50BB
:10D260000020002A01D102B070BD0022684601A949
:10D27000FCF732FCF7E730246442A4460878844483
:10D280006046C4B20B20092CEDD802318B42EAD1A2
:10D290006346012BE7DC88E7F02500265E51D5E7E1
:10D2A00000251D601D69A94200D090E700251D6181
:10D2B0001D6AA94200D08EE700251D621D6BA942A0
:10D2C00000D08CE700251D631D6CA94200D08AE7C1
:10D2D00000251D641D6DA94200D088E700251D654D
:10D2E0001D6EA94200D086E700251D661D6FA9426C
:10D2F00000D084E700251D6780255D59A94200D034
:10D3000082E7802500265E5190255D59A94200D014
:10D310007FE7902500265E51A0255D59A94200D0E7
:10D320007CE7A02500265E51B0255D59A94200D0BA
:10D3300079E7B02500265E51C0255D59A94200D08D
:10D3400076E7C02500265E51D0255D59A94200D060
:10D3500073E7D02500265E51E0255D59A94200D033
:10D3600070E7E02500265E51F0255D59A94200D006
:10D370006CE791E70B2076E7AC3B0020F436002009
:10D38000FC360020F0B55746DE464E464546E0B531
:10D39000A1B0040017000791002800D1C0E03F238E
:10D3A00009A91A4007A89146FCF796FB051E09D06B
:10D3B00000232360280021B0F0BCBB46B246A9463A
:10D3C000A046F0BD8C20099EC0000A96FBF7C6FC63
:10D3D000B3468246002800D1AEE080239B001B1894
:10D3E000F060336107990AA8FEF702F9061E00D023
:10D3F0008FE04F2304AA1832D35C7F2B00D991E031
:10D40000CB4E169A306894460A9B0C99002800D19E
:10D4100094E00022984200D122E23069002800D135
:10D4200077E1984200D125E2306A002800D172E10C
:10D43000834200D128E2306B002800D16FE18342A3
:10D4400000D12BE2306C002800D166E1834200D18C
:10D450002EE2306D002800D163E1834200D131E239
:10D46000306E002800D15EE1834200D134E2306F9B
:10D47000002800D15EE1834200D137E2802030589D
:10D48000002800D151E1984200D139E29020305873
:10D49000002800D150E1984200D13DE2A020305850
:10D4A000002800D14AE1984200D141E2B020305832
:10D4B000002800D144E1834200D145E2C020305829
:10D4C000002800D13EE1834200D149E2D02030580B
:10D4D000002800D138E1834200D14DE2E0203058ED
:10D4E000002800D132E1834200D151E2F0203058CF
:10D4F000002870D0984200D131E11C233B40002A23
:10D500006BD112251226002B11D05046FBF72AFCB6
:10D510004EE71C223A420AD0042811D00500F4E755
:10D52000092547E71C23062506263B42EDD1504638
:10D53000FBF718FC35003BE711253BE701226CE7C0
:10D540007B4E3368002B00D12FE13369002B00D1D3
:10D550002BE1336A002B00D127E1336B002B00D184
:10D5600023E1336C002B00D11FE1336D002B00D180
:10D570001BE1336E002B00D117E1336F002B00D17C
:10D5800013E18023F358002B00D10EE19023F358D0
:10D59000002B00D109E1A023F358002B00D104E1B6
:10D5A000B023F358002B00D1FFE0C023F358002B29
:10D5B00000D1FAE0D023F358002B00D1F5E0E023AE
:10D5C000F358002B00D1F0E0F023F358002B00D1EA
:10D5D000EBE0122599E71C233B4004AA927F002B25
:10D5E00000D189E01123134200D08DE07B0700D5E4
:10D5F0002CE13B0700D5E2E001215F464945894126
:10D600003A6E7B6E226563651A9B4942A3650AA840
:10D610009846FBF727FCE062002800D11BE13A782E
:10D62000042A00D170E24346997EDB7E1B020B4345
:10D63000032A06D14246117D527D12020A4312048A
:10D6400013434146A3604B7F0A7F1B0213438A7F2B
:10D6500012041A43CB7F1B0613432361002363612B
:10D6600000235A46E3652260D2884F46A2803022CA
:10D67000A7540132A35400220023A264E364A263EE
:10D68000E36360239C468022A4440021604692000C
:10D69000E046F9F7CFFABB0600D4D6E1216962690A
:10D6A0000B0002910392134300D1CEE1A368A16362
:10D6B000E2639C465B465B895B020493002305930F
:10D6C000039B059A934200D887E161462000FBF74F
:10D6D00093FF8446012800D866E1029A039B0498D0
:10D6E0000599121A8B410292039363460133E7D1E5
:10D6F00063462364012559E1D3064AD4BB0700D40D
:10D700007AE7D20700D477E75046FBF72BFB0725D3
:10D710004EE6012288E601228DE6012299E60122E9
:10D7200090E601229CE60122A1E60122AEE6C04677
:10D73000FC3600200122A1E60122AFE60122B5E677
:10D740000122BBE60122C1E60122C7E6F022B2585F
:10D75000002A00D13FE7934200D03CE70122F423A6
:10D76000F3588B4200D0C8E6F823F358634500D045
:10D77000C3E60F233E223A4210D180221B01F31848
:10D78000DB68520093420ED004AB9B7FDB0600D4D3
:10D7900032E75046FBF7E6FA042509E61C2310257C
:10D7A0003B4200D0B1E61026C1E60AA8FFF768F8B0
:10D7B000002800D088E14A4608231A4391465B4678
:10D7C0001B78042B00D144E102F046F8020A94468B
:10D7D0001A9B010CDA73020E987319745A741A9B0F
:10D7E0009875604619765A76D8751A9BDA7E997EB6
:10D7F00012020A4390465A461278032A07D15A7DEC
:10D80000197D12020A434146120411438846202220
:10D81000DA72002259461A9B9A76DA760978032939
:10D8200001D11A755A7500221A9B1A775A779A777E
:10D83000DA7701235A4613714346002B00D04AE1A0
:10D8400040234A461A43D3B29946D5E65046FBF7E1
:10D8500089FA0825ACE55046FBF784FA0225A7E5CE
:10D860007068884200D0D8E5B068604500D0D4E543
:10D8700000237FE77069884200D0D5E5B069604534
:10D8800000D0D1E5012375E7706A814200D0D2E56E
:10D89000B06A844500D0CEE502236BE7706B81420D
:10D8A00000D0CFE5B06B844500D0CBE5032361E722
:10D8B000706C814200D0CCE5B06C844500D0C8E5E6
:10D8C000042357E7706D814200D0C9E5B06D8445EF
:10D8D00000D0C5E505234DE7706E814200D0C6E556
:10D8E000B06E844500D0C2E5062343E7706F8142E5
:10D8F00000D0C3E5B06F844500D0BFE5072339E70A
:10D9000084203058884200D0C0E5882030586045D7
:10D9100000D0BBE508232DE794203058884200D082
:10D92000BCE598203058604500D0B7E5092321E7D1
:10D93000A4203058884200D0B8E5A820305884454B
:10D9400000D0B3E50A2315E7B4203058814200D057
:10D95000B4E5B8203058844500D0AFE50B2309E783
:10D96000C4203058814200D0B0E5C82030588445EA
:10D9700000D0ABE50C23FDE6D4203058814200D026
:10D98000ACE5D8203058844500D0A7E50D23F1E65A
:10D99000E4203058814200D0A8E5E8203058844582
:10D9A00000D0A3E50E23E5E620640225E36A013BEF
:10D9B0000F2B00D9A9E580201B01F118CA6840008F
:10D9C000824200D1B0E0002A04D0013ACA60002AA5
:10D9D00000D09AE50022F25097E51F00049A059BBB
:10D9E0009F4203D10299914200D96EE663462364B7
:10D9F000029BDB0529D05F466246FB6A023A023B86
:10DA00009A42D2D200237889190080B2F9F77EF8C1
:10DA10003A6D7B6D8018594103000B43C5D0039BC1
:10DA2000029FDB059C467A0A039F62447B0A121818
:10DA30004B415946A264E364487801210091414674
:10DA400001F078FE002800D054E65046FBF78AF932
:10DA5000B0E45F463B692100984618002760FBF759
:10DA60008DFC43461E22981C0021F9F7E3F8386923
:10DA700000211A222630F9F7DDF820223B691A71BD
:10DA80003A69029201F0E8FE029A030A5372030C0B
:10DA90009372012121231072000ED0723A690AA8F4
:10DAA000D154FDF75DFA071E10D1A168002900D1FD
:10DAB000C6E602002000FEF777F85A46A368013B4D
:10DAC0005361002800D1BBE605001EE55046FBF778
:10DAD00049F93D006CE4536E126E41460292039385
:10DAE0000AA80022FEF760F8071EEFD1029A039BF6
:10DAF0005F463800FBF77AFC4346013B7B61002818
:10DB000000D19DE6050000E50C9BFB3223620E9BD5
:10DB10002100934304AAD27F3869134363621E9B9A
:10DB2000A362FBF72BFC9BE50022CA6052E7C046CC
:10DB3000F0B545464E46DE465746E0B51D0000238B
:10DB40008BB00400884616002B60002809D00368BB
:10DB5000002B06D01A78002A03D08188DA889142F7
:10DB600008D0092738000BB0F0BCBB46B246A94626
:10DB7000A046F0BD587801F0BBFD01220242F0D171
:10DB80003123E75C002FEDD11100013BE35C19402C
:10DB900008911A4200D1C9E0A26BE36B2069616968
:10DBA000801A99418F4201D1864264D8002ED9D083
:10DBB0002168B1468A4609970795D10570D1554627
:10DBC000D905500A081806006D89590A013D2E40F2
:10DBD000B346284251D05646226CF36A023A023BC1
:10DBE0009A4258D27589002328000021F8F78EFF49
:10DBF000776D366D36184F4133003B434BD0594655
:10DC0000002304910593049A059BB6185F414B4687
:10DC10005A0A934653D08B18AB4201D96B1A9B46D4
:10DC2000534658785B463200009341463B0001F072
:10DC300081FD002875D13023E35C7F2B00D991E072
:10DC40005B465E024B46079A9D1B1368C4469B19B0
:10DC5000136000230296039302980399A26BE36B6F
:10DC600012184B41B444A946E046A263E363002D79
:10DC7000A3D1099F76E7060098E71A433AD1A26834
:10DC8000012A08D9531C4CD05646F36A2264023B41
:10DC9000023A9A42A6D3312302220227E25461E7D4
:10DCA000250060358023C90D9B005E1A4E4500D9C2
:10DCB0004E46320040466918F8F7C2FFC2E7A26C30
:10DCC000E36CB24234D030212500615C60357F299D
:10DCD00039D85346587801233200009329003B007D
:10DCE00001F028FD00281CD1A26BE36BA664E76459
:10DCF000D105D7E7E66D002E1FD07568002DCAD07C
:10DD0000236804365A890023F8F71AF904E0083624
:10DD1000401B3568002DBED0A842F8D27268821828
:10DD2000AEE731230122089FE2541BE7072719E7DA
:10DD3000BB42C8D125006035D6E72000216CFBF737
:10DD40005BFC02009CE701215046407800912900CD
:10DD500001F02AFD0028E4D130217F23625C1340CA
:10DD60006354B6E7A26CE36C921BBB41984200D0AF
:10DD700066E7934500D863E74346250052029818AA
:10DD80008022603529009200F8F75AFF58E7C04614
:10DD9000F0B54E464546DE465746E0B51D00002329
:10DDA0008BB00400894616002B60002809D0036858
:10DDB000002B06D01A78002A03D08188DA88914295
:10DDC00007D009200BB0F0BCBB46B246A946A0461E
:10DDD000F0BD587801F08CFCC007F2D43123E05C30
:10DDE0000028EFD1013BE35C9A0700D4FFE02768ED
:10DDF0003A78042A04D0A26B91198A4200D9D643FA
:10DE0000002E00D186E0A26BE36B8346AA46D005C4
:10DE100000D089E0D905500A0818590A8C4601003B
:10DE20007D89013D29400591284211D11A4300D036
:10DE3000ABE0A068002800D100E1012800D18AE011
:10DE4000431C00D1CEE0A3682064002B00D1A06069
:10DE50003023E35C7F2B00D9B1E0226CFB6A023AED
:10DE6000023B9A4200D376E07B890021984600234A
:10DE70004046F8F74BFE3A6D7B6D80185941030020
:10DE80000B4368D00023059A09930892089A099BCE
:10DE900012184B41750A06920793002D60D0059A1F
:10DEA00041465319434500D98D1A78784946069A58
:10DEB000079B009501F078FC8446002800D091E093
:10DEC000A26CE36C06980799121A8B419C4500D10D
:10DED000A0E06D0252461368CC465B191360002324
:10DEE0000295039302980399A26BE36B12184B41BE
:10DEF0006169AC44E146A263E3632069761B8B420F
:10DF00000FD80CD020616161002E00D07FE7302354
:10DF10005846E35C402213433022A35452E7824226
:10DF2000F0D910001900EDE760239C46A444E046B8
:10DF30008023C00D9B001D1AB54200D935002A0070
:10DF400049464044F8F77CFE30228021A35C4942D8
:10DF50000B43A354BEE7312302220220E25431E7EF
:10DF6000A16C0698A26BE36B814242D06169994231
:10DF70006CD860208446A444E046994263D0069859
:10DF80000799A064E164D005D2E7E36D002B39D096
:10DF90005D68002DBBD004330693236861465A891F
:10DFA0000023F7F7CDFF069B04E00833401B1D68F4
:10DFB000002DACD0A842F8D25B68C01826E06021E2
:10DFC000A26CE36C8C460121A444787800916146F0
:10DFD00001F0EAFB002805D130217F23625C134069
:10DFE00063543AE7312301220120E254EAE6072094
:10DFF000E8E6E16C07988142B8D160218C46A444E0
:10E00000E046BCE72000216CFDF7BAFF002800D0F5
:10E0100013E77CE7954200D85BE760214B468C46CE
:10E02000520299188022A44492006046F8F708FE34
:10E0300030227F23A15C0B40A3544AE7002120003B
:10E04000FDF79EFFE2E72169914298D960239C4643
:10E050000123A444787861460093069A079BE04622
:10E0600001F068FB0028BDD1A26BE36B87E7C046D7
:10E07000F0B5D6464F464646C0B5040098B00028D5
:10E0800009D00368002B06D01A78002A03D08188B3
:10E09000DA88914207D00925280018B0E0BCBA46BA
:10E0A000B146A846F0BD587801F022FB012101429B
:10E0B000F1D1402230261500A35D1D401A42EBD05D
:10E0C00020685BB28046002B3FDB01F0C5FB434676
:10E0D0001B788146042B47D0226D636D4046FBF7C9
:10E0E00085F9002800D083E02021A36DDA7A0A4365
:10E0F000DA72A2682168100A9A76D876097803291C
:10E1000003D1110C120E19755A752269110A59772B
:10E11000110C997749461A77120EDA770A0ADA75DE
:10E120000A0C1A760A0E5A76002299759A74DA74D5
:10E130004246012310001371FBF790FB302240216F
:10E14000A35C05008B43A354A6E74078A26CE36C64
:10E1500000912100603101F027FB002848D17F2386
:10E16000A25D1340A355B0E7E379032B42D0E369E6
:10E17000002B16D0226C1600F21A511C012B55D020
:10E180000232012950D92068C36A99424CD2FBF768
:10E1900089F9051E00D07FE7E369013BE361002BAD
:10E1A000EAD18C20C000FAF7D9FD1125824600285B
:10E1B00000D171E7802342469B001B18D060136199
:10E1C0006A462368A16A0293236A02A80493636AD9
:10E1D0001691D373FF229343069300230793099369
:10E1E000FCF74EFD051E24D05046FAF7BBFD53E761
:10E1F000012551E7A369002B00D18EE0A168CF185B
:10E20000012911D92068C36A8B420DD94E1C3200F6
:10E21000FBF748F9051E00D03EE7BE427DD02068DE
:10E220003100C36A8B42F1D8022535E70122524200
:10E23000A7E702A8FCF7C2F9051ED5D14646202162
:10E24000326913790B4313710122E3793169134366
:10E2500021228B543421A3683269180A53540131A6
:10E260005054180C0131505438201B0E01315354B6
:10E270002169336962691954080A070039201F545B
:10E28000080C07003A20090E1F54013019543C2194
:10E29000100A5A5401315854100C01315854282096
:10E2A000120E01315A542169336962691954080AFE
:10E2B000070029201F54080C07002A20090E1F54AC
:10E2C000013019542C21100A5A5401315854100CA1
:10E2D00001315854120E01315A54494633690A0A21
:10E2E0005A730A0C9A730A0E1973DA73336902A807
:10E2F0005D7533691D745D749D74DD74FCF730FECB
:10E30000051E00D070E74046FBF7A8FA30224021F6
:10E31000A35C05008B43A35466E70023E37126E763
:10E3200070B50400FFF7A4FE002800D070BD002CDB
:10E3300009D02368002B06D01A78002A03D0A188C0
:10E34000DA88914201D00920F0E7587801F0D0F93D
:10E3500001220300100018401A42F4D1E36A013B85
:10E360000F2B14D880250C491B01CA189446D2687B
:10E370006D00AA420DD0002A04D06546013AEA6039
:10E38000002A01D10022CA5000232360CEE70220D8
:10E39000CCE76246D060F5E7FC360020F0B5D64603
:10E3A0004F464646C0B5A6B00190022203A901A877
:10E3B000FBF792FB041E06D0200026B0E0BCBA4654
:10E3C000B146A846F0BD8C20039BC0001093FAF71D
:10E3D000C5FC061E13D08022039B92001218D86041
:10E3E00001991A6110A8FDF703F9041E05D004284D
:10E3F00007D03000FAF7B6FCDEE70824F9E711246D
:10E40000DAE76A464F234032D35C02349B06F0D4ED
:10E41000039B002104A80493FDF7B2FD071E08D159
:10E4200001F01AFA07240022390004A8FDF7BCFB0A
:10E43000DFE7012871D0431C6BD001F00DFA3900E1
:10E4400080460398FAF7CAFE002864D1039C257819
:10E45000042D34D020000A2220216930F8F7EAFB8D
:10E4600068232E224146E2540B331E3AE2540B330A
:10E47000E1546F320B0AA3540B0C0132A3540B0E60
:10E480000132A354822383222000E7543B0AA35481
:10E49000129B883099461B0A9A46032D41D02100D1
:10E4A00020226831F8F7CCFB89232E22E2544A4619
:10E4B0001933E25452460133E2540123237110A868
:10E4C000FEF7DEF9041EAED14246039B110A8C46CC
:10E4D000140C110E1A78042A3FD04046209A9075E9
:10E4E00060465176D0751476209A390A9776D1769F
:10E4F0001978032903D1390C1175390E5175102182
:10E50000209AD17201221A711800FBF7A7F90400B2
:10E510006FE701F0A1F9012485E701F09DF9043CC2
:10E5200081E721003B0C073AA3543B0E0132A35470
:10E5300068315D3AF8F784FB89232E22E2544A467B
:10E5400051461933E2540133E1541100073B120CD8
:10E55000E2540A0E0133E254AFE745461A691573D7
:10E560006546D1733421557394731A693C0A575424
:10E57000013154543C0C013154543C0E013154547B
:10E5800038245A89196908555400250039240D5535
:10E59000D40925003A24D20B0D5501340A555A8965
:10E5A0001969133C0855540029300C54D409013022
:10E5B0000C54D20B01300A5421221969283888548E
:10E5C0001B69113A1A7110A8FCF7CAFC039B041EC0
:10E5D00000D00EE798E7C04610B54368196918687F
:10E5E000FAF772F910BDC04610B5436802491868C1
:10E5F000FAF76AF910BDC046801A0600F0B5012589
:10E600002A00836883B0D0279A40FF266B463F06D6
:10E610007A61DE714368040018686B460122D91DD7
:10E620000BF022FFA36801229D406B46BD61DE71A5
:10E63000636818686B46D91D0BF016FF03B0F0BD78
:10E6400010B5040082B0406800F07EF80123A26893
:10E650009340D022120693616A46FF23D371636808
:10E66000012218686B46D91D0BF0FEFE02B010BDEA
:10E670000123826810B59340D02282B01206536104
:10E680006A46FF23D3714368040018686B46012271
:10E69000D91D0BF0E9FE606800F05CF802B010BD17
:10E6A00010B540680BF008FF10BDC04610B584B02F
:10E6B0006A460B000F24D371FF236C44D11D2370D5
:10E6C0002200FE3B40680BF0F7FE207804B010BD3E
:10E6D00001238168D0228B40F0B51206576885B0BF
:10E6E000FF21536106000A22FA2401A81F400025D9
:10E6F000F8F7A0FAF6F790FEA40024184D41002D7B
:10E7000002DA01240F4D64420A23002201A9706835
:10E710000BF0D2FEF6F780FE22002B00121A8B417E
:10E72000002BF1DC01D1002AEED10123B268934025
:10E73000D0221206002F02D0536105B0F0BD9361C4
:10E74000FBE7C046FFFFFF7F10B53C300BF0C4FE77
:10E7500010BDC04610B53C300BF03EFE10BDC046AB
:10E76000F8B55C4D040028000BF0B6FE3023E35CE6
:10E77000002B00D083E03C229446E36BA444674620
:10E78000002B00D1A1E038000BF0A6FE2369002B7E
:10E7900001D1514B23612000012200213430F6F7D2
:10E7A000B7F94E492068FAF707F8022123684C4868
:10E7B0005A681818016018680A4005314840C83185
:10E7C00001408020400118180160464960685B18CC
:10E7D0001A600121F5F7F4FE0121A068F5F7F0FEBB
:10E7E0000121E068F5F7ECFE237E002B5ED10022CC
:10E7F00001216068F5F7FCFE012001F05DF8E061A1
:10E80000012001F059F8E169374ECA023240374E13
:10E810002062B4462668C302664550D0344E324367
:10E8200088263603B44662622F4A13406246134379
:10E8300001221343A36213008B409C462D4B824060
:10E840001B78002B20D00C232B4963612B4B0C2011
:10E8500019602B4B1A6062462A4B1A602A4B1B78B0
:10E86000002B20D08022F6F713F860690121F5F71C
:10E87000D3FF302301223800E2540BF0ADFD280015
:10E880000BF0AAFD0120F8BD0B3363611F491B4B40
:10E890000B2019601E4B1A6062461E4B1A601A4B01
:10E8A0001B78002BDED1F5F7C9FFDEE7617EA0689B
:10E8B000F5F7C2FEA17EE068F5F7BEFE97E7164EBB
:10E8C000324398263603B446ADE73800F6F760F9D0
:10E8D00059E7C0460024002080969800A0860100D9
:10E8E0000430000004200000FF7F00FF000004400F
:10E8F00011000800B03B0020650300209C3B002075
:10E900001424005014340050811E002021030020E4
:10E910000424005004340050110009002C22F0B5EA
:10E920004746CE46944680B5C36A84440400E04618
:10E9300083B0002B00D1BDE040460BF0CDFD2000A0
:10E94000FFF77EFEE369DB074CD4F6F765FD0600B2
:10E950000F1E11DA0126FF212000584F7642FFF7E3
:10E96000A5FE00280ED1F6F757FD32003B00121A23
:10E970008B41002B00DC85E0FF212000FFF796FE95
:10E980000028F0D003236F469946BE1D4D23009307
:10E99000002305213B71380000F07EFE01233D007D
:10E9A000400018437871297820000135FFF77EFE7A
:10E9B000B542F8D11025FF212000FFF777FE43B2C2
:10E9C000002B64DA013D002DF5D1FF285FD14B46C5
:10E9D000013B9946002BD9D10122E3691343E3613E
:10E9E000002555E000232000A362FFF7FDFD200075
:10E9F000FFF76EFEF6F710FD06000F1E10DA012677
:10EA0000FF2120002D4F7642FFF750FE00280DD148
:10EA1000F6F702FD32003B00121A8B41002B43DD5A
:10EA2000FF212000FFF742FE0028F1D003236F46AC
:10EA30009946BE1D40230093002305213B713800F9
:10EA400000F02AFE01233D00400018437871297828
:10EA500020000135FFF72AFEAE42F8D11025FF2134
:10EA60002000FFF723FE43B2002B10DA013D002DFA
:10EA7000F5D1FF280BD14B46013B9946002BD9D14C
:10EA8000002505E0002B02D1002A00D074E7012503
:10EA900040460BF0A1FC2000FFF7EAFD280003B080
:10EAA000C0BCB946B046F0BD002B99D1002AB7D101
:10EAB0000025EDE76046F6F76BF83DE7FFFFFF7FC7
:10EAC000F0B5DE4657464E464546E0B580460F0057
:10EAD00091469B4687B00C2900D091E048464023E0
:10EAE000FF213B43020E1202DBB209041343014033
:10EAF000020A12060B4313439A4603234446039328
:10EB000004AB9E1D5B46002B00D096E053464A4660
:10EB1000049304AB18001A71052100F0BDFD012318
:10EB20004000184304AB1D005871297820000135BE
:10EB3000FFF7BCFDAE42F8D10C2F00D1CEE010257E
:10EB4000FF212000FFF7B2FD43B2002B05DA013DA3
:10EB5000002DF5D1FF2800D1B4E0109BA0460400A1
:10EB6000002B00D0186003072BD40423034200D0ED
:10EB700026E1830702D4C30600D41AE1994D0D2F74
:10EB800000D1E0E000DDDAE0082F00D0B1E00223A0
:10EB900042469362FF214046FFF788FDFF210406AD
:10EBA0004046FFF783FDFF2106044046FFF77EFD48
:10EBB0002643FF2104024046FFF778FD304304431B
:10EBC00008E0172F00D0F9E0430700D5FCE08307E9
:10EBD0000CD5844D109B002B00D01C60280007B082
:10EBE000F0BCBB46B246A946A046F0BDC306F0D471
:10EBF000602505406B1E9D417B4B6D421D40E9E742
:10EC0000F6F70AFC0025794C464624184D41002DA4
:10EC10000BDA0124764D644207E0F6F7FDFB220093
:10EC20002B00121A8B41002B46DDFF213000FFF72D
:10EC30003DFD0028F1D0B04650E777230493002330
:10EC400004AA13710521100000F026FD01234000E5
:10EC5000184304AB1D005871297820000135FFF7D7
:10EC600025FDB542F8D11025FF212000FFF71EFD3C
:10EC700040B2002802DA013D002DF5D1F6F7CCFBB9
:10EC800000235A4A801859410090019100292ADB3B
:10EC9000FF212000FFF70AFD002800D036E7F6F735
:10ECA000BBFB009A019B121A8B41002BF0DC00D0B9
:10ECB0002CE7002AECD129E7002BBCD1002AB4D1E3
:10ECC000B0460BE7039B013B0393002B00D019E7F1
:10ECD000109B002B00D01860464D7FE7FF212000DD
:10ECE000FFF7E4FC2BE70122414B524200920193D3
:10ECF000CEE70C2F00D06DE7F6F78EFB00273B4EDA
:10ED000036184F41002F02DA0126394F7642FF2193
:10ED10004046FFF7CBFC002800D05BE7F6F77CFB12
:10ED200032003B00121A8B41002BF0DC00D051E77F
:10ED3000002AECD14EE700250D2F00DC24E73A2F06
:10ED400000D127E746E70402FF214046FFF7AEFC6B
:10ED50000443E30700D5284DA30700D5274D6307DB
:10ED600000D5254D230700D5234DE30600D5224DC0
:10ED7000A30600D5214D630600D51A4D230600D504
:10ED8000194D80235B0023405A4253415B421D4092
:10ED9000A30500D5134D230500D5194DE30400D577
:10EDA000104DA30400D5104D630400D412E70E4D9E
:10EDB00010E76023034209D00B4DE0E6104D0DE74C
:10EDC000082F01D1424693620E4D07E70D2FB2D1B5
:10EDD0000402FF214046FFF769FC0025044300D1EF
:10EDE000F8E6B6E76EECFFFF75ECFFFF80841E00CF
:10EDF000FFFFFF7F73ECFFFF6DECFFFF72ECFFFF87
:10EE00006FECFFFF76ECFFFF0023F0B587B0002228
:10EE1000092100930500FFF753FE002803D00020CE
:10EE2000002107B0F0BDF6F7F7FA0027514E36186B
:10EE30004F41002F0BDA01264F4F764207E0F6F7DD
:10EE4000EBFA32003B00121A8B41002B3FDDFF2111
:10EE50002800FFF72BFCFE28F1D102AE3400FF2181
:10EE60002800FFF723FC06AB207001349C42F6D14A
:10EE7000FF212800FFF71AFCFF2104022800FFF7FA
:10EE800015FC102104433000A4B200F019FC8442A8
:10EE9000C5D1012233789911DB0911405B000B4386
:10EEA0001AD0012BBBD10020002209270124072101
:10EEB000D308FB1AF35C11400B412340934001320D
:10EEC0001843162AF3D1013000218002A9E7002B54
:10EED000A5D1002ABBD1A2E71300F079347A034010
:10EEE000A51115409B002B431500B179E4110D408D
:10EEF000AD022B4308256400234384002C402343A8
:10EF0000083584002C402343103584002C402343D3
:10EF1000203584002C402343FF244511ED012C4073
:10EF2000802523436D0084002C40C0112343400200
:10EF300003431000747AB57A20404000ED09054380
:10EF40008802802109010840184304237179640074
:10EF50001C400B330B409A402C4301300234D31732
:10EF6000A0400021F7F7D2FDCB05400A1818490A46
:10EF700057E7C04680841E00FFFFFF7FF0B5DE46E6
:10EF80004E46454657468046E0B51D002C231400EA
:10EF900000274344180083B09B4689460BF09CFA37
:10EFA0004046FFF74DFB43460C9E5B6A36196F41A6
:10EFB000BB4200D293E000D18CE04346DB699B0763
:10EFC00000D08CE043469B6A032B01D063021C00F7
:10EFD0000C9B012B6DD90023220012214046009387
:10EFE000FFF76EFD041E44D10C9B9A460027424E4B
:10EFF000F6F712FA8019794104000D1E0BDA01248C
:10F000003E4D644207E0F6F707FA22002B00121A81
:10F010008B41002B3BDDFF214046FFF747FBFE28DD
:10F02000F1D180234A46002140469B00FFF738FB80
:10F03000002830D0FF214046FFF738FBFF210502B2
:10F040004046FFF733FB8021284384B289004846BD
:10F0500000F036FB84421ED180239B00994401239B
:10F060005B429A445346002BC2D10C9B012B38D1F2
:10F07000002458460BF0B0F94046FFF7F9FA20009B
:10F0800003B0F0BCBB46B246A946A046F0BD002B7B
:10F0900001D1002ABFD10C9B012B01D1184CE8E70C
:10F0A000002300220C2140460093FFF709FD144C79
:10F0B000DFE700232200112140460093FFF700FD07
:10F0C000041ED6D101239A460C9B002B00D08DE75D
:10F0D0000024CEE743461B6AB34200D36DE7094CD8
:10F0E000C7E75346009300230C211A004046FFF760
:10F0F000E7FC0400BDE7C04680841E00FFFFFF7FE1
:10F1000070ECFFFF75ECFFFFF0B5DE465746464654
:10F11000C0B586B003930E9B06009A462C239846F2
:10F12000804440460F0002920BF0D6F93000FFF702
:10F1300087FA029C039D52460023A4185D41716A20
:10F14000A94200D2D4E000D1CEE0F3699B0700D001
:10F15000CEE0B36A032B02D0029B5B0202935346BC
:10F16000012B00D17CE000250123524617213000FD
:10F170000095FFF7A5FC3000FFF740FA00231921A6
:10F180003000029A0095FFF79BFC041E56D1FC212B
:10F190003000FFF78BFA802300229B0039003000FB
:10F1A000FFF77EFA80213800890000F089FA040018
:10F1B000010AC9B23000FFF779FAE1B23000FFF777
:10F1C00075FAFF213000FFF771FA00258346F6F744
:10F1D00023F9484C24184D41002D0BDA0124464DEB
:10F1E000644207E0F6F718F922002B00121A8B414F
:10F1F000002B30DDFF213000FFF758FA0028F1D056
:10F200001F235A461340052B08D180239B00FF186B
:10F2100001235B429A445346002BB8D1FD213000B4
:10F22000FFF744FA3000FFF7E9F905AB009300223D
:10F2300000230D213000FFF743FC040040460BF093
:10F24000CBF83000FFF714FA200006B0E0BCBB4654
:10F25000B246A846F0BD002BD2D1002ACAD1CFE7D2
:10F26000002318213000029A0093FFF729FC041EA6
:10F27000E4D1FE213000FFF719FA802300229B0021
:10F2800039003000FFF70CFA80213800890000F0C7
:10F2900017FA0400010AC9B23000FFF707FAE1B219
:10F2A0003000FFF703FAFF213000FFF7FFF90025D8
:10F2B000F6F7B2F80F4C24184D41002D02DA012464
:10F2C0000D4D6442FF213000FFF7F0F90028A9D16D
:10F2D000F6F7A2F822002B00121A8B41002BF1DC6A
:10F2E000A0D1002AEED19DE7336AA34200D32CE7D8
:10F2F000024CA3E780841E00FFFFFF7F75ECFFFF39
:10F30000F0B5C646050000B5C36A040086B02C35CA
:10F31000002B00D1D4E028000BF0DEF8227BE3695B
:10F32000002A0CD00121D0222069120681405268A7
:10F330000A40511E8A4161698A4200D06FE0022270
:10F340009343E361DB072CD500232000A362FFF782
:10F3500077F92000FFF748F92000FFF7B9F90A27ED
:10F3600005AE00230022002120000096FFF7A8FB35
:10F37000059B012B1DD028000BF02EF82000FFF775
:10F3800077F900215D48F6F751F828000BF0A4F852
:10F39000013F2000FFF754F9002FE2D12000FFF7D2
:10F3A00067F928000BF018F8E06906B080BCB84691
:10F3B000F0BDD522002308212000009652000593BD
:10F3C000FFF77EFB002836D1A36A022B6ED0002304
:10F3D00001223B2100932000FFF772FB0023002253
:10F3E0003A2120000096FFF76BFB0028D6D1059B41
:10F3F000DB0262D5A36A023B5A4253419F07F6F7EC
:10F400000BF800233E4A80185941029003910029CD
:10F410001DDA01223B4B52420292039317E0032272
:10F420001343E36100233848A362F9F7A7F9E369BE
:10F430009A07B6D486E7354B9842AFD1C7E7F5F7C0
:10F44000EBFF029A039B121A8B41002B3CDD012338
:10F450003A00292120000096FFF732FB0122059B8C
:10F4600080461A42EBD1002827D1002B33D1A36A62
:10F47000022B33D0A2622000FFF7C6FC206261623B
:10F48000084300D18AE70023802210212000009346
:10F490009200FFF715FB002800D07FE72000FFF760
:10F4A0009BF80122E3699343E36177E7D522059B4B
:10F4B00052001B051B0D934289D00423A3626DE704
:10F4C0002800F5F765FB26E7002B01D1002ABED105
:10F4D0004346002BF1D10423A362CCE70023002292
:10F4E0003A2120000096FFF7EBFA002800D055E7FC
:10F4F000059B5B00BFD50323A362BCE7A086010088
:10F5000080841E00FFFFFF7F14AC011076ECFFFF2C
:10F5100010B5027BC369002A0CD00169D0220C000F
:10F520000121A140120652680A40511E8A414169D8
:10F530008A4204D102229343C361012010BD0322F9
:10F540001343C361002383620248F9F717F90020CF
:10F55000F4E7C04614AC0110F8B5050004002C35E2
:10F5600028000AF0B9FF2000FFF76AF82000FFF733
:10F570004BFC0F00060028000AF02EFF2000FFF7CA
:10F5800077F830003900F8BDF0B5DE4657464E46F4
:10F590004546E0B53A4B83B018009B460AF09CFF05
:10F5A000384B01931B78002B59D1374B00269846D6
:10F5B000364B9946364B9A4610E0237E002B38D1C5
:10F5C00001252B00A068D02783403F067B61F5F71B
:10F5D00043F8A36801369D407D627D61F4F744F9EC
:10F5E000B0422BD93000F4F741F9A9234246012556
:10F5F0009B00C561C2504A460433C2505246043390
:10F60000C250AC22234B92008350037B0400002B9A
:10F61000D3D00069F5F720F8002201212069F4F722
:10F62000E7FF23699D40D0231B069D62237E002BAC
:10F63000C6D0617EA068F4F7FFFFC1E7002507E0B0
:10F640002800F4F71DF9FFF78BF8041E13D00135DD
:10F65000F4F714F9A842F3D80123019A137058461D
:10F660000AF0BAFE0124200003B0F0BCBB46B2464B
:10F67000A946A046F0BD58460AF0AEFEF3E7C046E4
:10F6800008240020AF3B002001F3001009F1001016
:10F690007DEF00101DE9001010B500290BDD0300FF
:10F6A00041180020054C1A78400050400133205C7E
:10F6B0009942F8D110BD0020FCE7C04618CB0110DC
:10F6C00030B500290FDD020044180020074D1178E5
:10F6D000030A4B405B00EB5A00025840013280B2F3
:10F6E000A242F4D130BD0020FCE7C04618C9011089
:10F6F00010B5F4F7BBF8041E03D0FFF709FF207F15
:10F7000010BD0420FCE7C04610B50400FFF73CFF25
:10F7100000280AD02000F4F7A9F8002807D0A92370
:10F720009B00C3589847C0B210BD0320FCE70420DB
:10F73000FAE7C046F0B583B00F0014001D00F4F7DF
:10F7400095F800281ED0089B22000093AB239B0055
:10F75000C35839001E002B00B0470E4A03009042E8
:10F7600013DA0D4A90420DDA0C4A022093420AD075
:10F770000B4A0130934206DA0A4A9B18012B02D940
:10F78000023800E0042003B0F0BD5A1E9341D8B205
:10F79000F9E7C04677ECFFFF75ECFFFF72ECFFFF67
:10F7A00073ECFFFF90130000F0B583B00F0014005E
:10F7B0001D00F4F75BF800281ED0089B2200009380
:10F7C000AA239B00C35839001E002B00B0470E4AE5
:10F7D0000300904213DA0D4A90420DDA0C4A0220DF
:10F7E00093420AD00B4A0130934206DA0A4A9B1828
:10F7F000012B02D9023800E0042003B0F0BD5A1EEC
:10F800009341D8B2F9E7C04677ECFFFF75ECFFFFF4
:10F8100072ECFFFF73ECFFFF9013000070B50C005B
:10F820001500F4F723F8002813D0012C09D0032C7D
:10F8300003D0631E9C41A00070BD012300202B60FB
:10F84000FAE7FFF789FE03C5084343425841C0B2B7
:10F85000F2E70420F0E7C04610B582B0082200218C
:10F860006846F7F7E7F968466C4600F035F8002877
:10F870001FD0F021A278490452050A4007212388AD
:10F88000615644335B061343CA0F5218F82192069F
:10F89000D20E1343E278490312040A4013436279FB
:10F8A000A079D206120C1343FC224001D200104072
:10F8B000184302B010BDC04600B5054B83B001002F
:10F8C000009300220B230348F4F724FF03B000BD8C
:10F8D0002CAC0110A23B0020114B10B5DA68920746
:10F8E0001CD5D9699B690A0C9C464B015B0F0371BF
:10F8F0001F231A4042713F220C0A14400A40C27171
:10F9000062461202120D028062461205120F8270C8
:10F91000624613408471C370012010BD0020FCE7D3
:10F9200000C005400123026810B51A4205D1427893
:10F93000002A04D14370012010BD0020FCE7042000
:10F9400000F0BEF9040000F025F82000014A024949
:10F9500000F0DCFA65F900103CCC011001230360D3
:10F960007047C04610B50400024B036000F052FA25
:10F97000200010BD50CC011010B50400044B0360F2
:10F9800000F048FA20000421F7F760F9200010BDCC
:10F9900050CC0110014B03607047C04650CC0110A1
:10F9A00010B50400024B036000F0C6F8200010BD43
:10F9B00098CC011010B50400044B036000F0BCF8B3
:10F9C00020000C21F7F742F9200010BD98CC01105F
:10F9D000F0B583B01E00089B05000F001400934291
:10F9E0000AD0A868089A036800921D6A22003300B2
:10F9F0003900A84703B0F0BD310000F061F80028DD
:10FA0000EFD00620F6E7C046F0B50E0085B019002D
:10FA1000040017001D0000F053F8002814D10A9BC1
:10FA20000C9A93422BD0A0680D9A036803920C9A0B
:10FA3000310002920B9A01920A9A0092DC693A0014
:10FA40002B00A04705B0F0BD0D9B0A9A1F711A60EC
:10FA5000002E0DDB0A9B0C9A9B19D31A5A1E934158
:10FA600004225B4293430D9A063393710020E9E729
:10FA70000236FBD101230D9A00209371E2E72000AA
:10FA80000B9900F01DF80028CDD00D9B00205F7170
:10FA9000D8E7C046F8B507000C0015001E0000F0BE
:10FAA00083F8002806D1B8682A00036821009F69FE
:10FAB0003300B847F8BDC0467047C04600207047C5
:10FAC00010B5814211D0406803782A2B0BD04968C9
:10FAD0000B782A3B5A425341C9180AF025F9434290
:10FAE0005841C0B210BD0020FCE70120FAE7C04633
:10FAF000002370B51500102284B000930193039386
:10FB000003686C469E6902926B462A68B0470623DA
:10FB1000227900201340062B02D1009B01302B607C
:10FB200004B070BD009B05209A1A53425A415242BC
:10FB3000104001307047C04610B50400024B03600E
:10FB4000FFF7BAFF200010BD0CCD011010B5040066
:10FB5000044B0360FFF7B0FF20000821F7F776F8A9
:10FB6000200010BD0CCD011070B516001D00069AC6
:10FB7000049B040093420ED029002000FFF7A0FF51
:10FB8000002806D0079B049A1E711A600123079A69
:10FB90009371002070BD0599FFF792FF0028EBD00C
:10FBA000079B5E71F5E7C04670B515001C00FFF7B6
:10FBB00087FF002804D00823E360023B25602371FF
:10FBC00070BDC046F8B505000C0017001E00FFF719
:10FBD00077FF002807D1032E05D823683A002900B3
:10FBE00020005B699847F8BD1D4930B54A68083860
:10FBF000002A26D005684419A24222D8536826D08C
:10FC000004318C46002B07D127E059680432944612
:10FC10001A0000290AD00B009C42F6D81DD1536867
:10FC200019685B686D18536063461B681A689918F9
:10FC3000884209D05B680560436063461B68586072
:10FC400001E04260486030BD52191A60FBE712685B
:10FC50004360521902604860F5E71300E6E7C046CA
:10FC6000103800200300082130B5093303D80F30C5
:10FC7000072301009943114A50680432002804D137
:10FC800013E0021D406800280FD003688B42F8D3B0
:10FC9000106803685C1AA446446825006446072C73
:10FCA00004D803602B001360083030BD4318604651
:10FCB0005D60186010680160F5E7C04610380020EC
:10FCC00070B580300500F6F785FF041E07D080224E
:10FCD00000212000F6F7AEFF2000803070BD280024
:10FCE000FFF7C0FF041EF2D100F0B0F8074B8038D8
:10FCF0009A68DB6810B5D318984201D2824202D3C9
:10FD0000F6F78CFF10BDFFF76FFFFBE71038002000
:10FD1000F0B5C646002300B5394D88B039486B6050
:10FD2000AB60EB6008F0E2FA0C220400002102A8AC
:10FD3000F6F780FF08230293334B039309230593BF
:10FD4000324B069304230793002C15D0304E2378B2
:10FD500030003A3B5A425341E4180F22210009F087
:10FD6000F7FD002802D1E37B2E2B16D020003A218C
:10FD700009F074FE041EEAD1079C402C00DD4024EB
:10FD8000049B002B00D106333E335C43A400EC609F
:10FD900018D108B080BCB846F0BD103402AF3A6844
:10FDA0009046002A05D02100786809F0D1FD00288E
:10FDB00003D14346E35C3D2B0FD00C3708ABBB426D
:10FDC000EDD1D3E72000F6F705FFA860002815D095
:10FDD0000023686004604360DBE740460130201880
:10FDE000002201A908F0EAFF019C23783A2B01D0F8
:10FDF000002BBBD10028B9DBB860B7E7E860C8E7E3
:10FE0000103800204CAC011060AC01106CAC01103B
:10FE100078AC01107047C0467047C0460048704734
:10FE200088AC01100048704798AC011010B5040070
:10FE30000421F6F70BFF200010BDC04610B5804727
:10FE400008F044FA07F0D2FD08F040FA024B10B572
:10FE50001868FFF7F3FFC046881E002010B58047E2
:10FE6000FFF7F4FF024B10B51868FFF7F7FFC04625
:10FE7000841E0020014B18687047C046881E002071
:10FE8000014B18687047C046841E002010B5012839
:10FE900012D80B00283B1A68501E1860012A00D0A7
:10FEA00010BDDB6858310C00002B01D008009847CA
:10FEB0002000FFF71BFFF3E728394869FFF7BEFF73
:10FEC00070B505000026803DEA602E60A960040040
:10FED000FFF7D6FF2861FFF7CDFF23004722583BED
:10FEE00068611A7007325A7007329A7022004323F1
:10FEF000553A13705370183B9370D370024B513CBA
:10FF0000280026702B6370BD8DFE001070B50400B4
:10FF10000D00160007F0F0FD4368320001332900A0
:10FF200043602000FFF7CCFF01230360283004006A
:10FF30000AF0CAFA200007F059FDFFF787FFC04614
:10FF400010B507F0D9FD4268046801324260002C08
:10FF50000CD02022A25C472A0AD000220260203462
:10FF600020000AF0A1FA200007F040FDFFF76EFF25
:10FF7000263AA25C4E2AF0D12C3AA25C552AECD14A
:10FF8000323AA25C432AE8D11F3AA25C432AE4D168
:10FF90001E3AA25C2B2AE0D1053AA25C2B2ADCD1C6
:10FFA000043AA25C012AD8D8626952426261D6E75B
:10FFB00070B53C4B82B01A78002A42D101221A70E7
:10FFC00008F0CCF8002832D04468002123782A3B7E
:10FFD0005A425341E41801235B420022019320005E
:10FFE00001AB07F0BFFB304D01212B680600DB6839
:10FFF00030222E4809F04CFB2B68D968019B002B5E
:020000041001E9
:1000000011D0200009F024F92B680222DB680121BD
:10001000274809F03DFB019B002B02D13000F6F789
:10002000FDFDFFF78DFF300009F012F9ECE71E4BE4
:100030002D221B6801211F48DB6809F029FB08F00D
:1000400045F9194B1D221B680121DB681A4809F08C
:100050001FFB08F03BF90C00012919D107F0C6FC81
:1000600003689B6898472B6806000B222100134801
:10007000DB6809F00DFB2B683000D96809F0E8F85F
:100080002B680A20D96809F05DF807F0E9FCD6E78B
:1000900007F0ACFC07F0E4FCD1E707F0E1FC07F067
:1000A000D9FBC046AD3B0020AC220020CCAC0110F7
:1000B00000AD011004AD0110ACAC011034AD011065
:1000C00070B504001E00502947D8342930D829299A
:1000D00008D90B002A3BDBB2082B36D823489B00FB
:1000E000C3589F460A2932D9080001230B38C0B2F1
:1000F00083401F4803422CD11E48034206D11E48AC
:10010000034222D0002A20D0002E1ED06369A069AD
:1001100083421ADA98002569C01880002818002543
:1001200001334560856063610170C260066170BD26
:10013000080001233538C0B283401048034208D17B
:100140000F480342DED14F29E0D00020EFE7042919
:10015000D8D9002ADAD10020E9E70B00523BDBB204
:100160000C2BF6D807489B00C3589F46D0CD0110F2
:10017000FE1F005F00C07F00010080000711C70163
:10018000F82E000AF4CD0110F0B5C64600B5C368DC
:1001900006001C786E2C24D0303CE3B2092B2AD800
:1001A000002398460025154F0BE0F368A80040197E
:1001B0005A1C4000F26025185C78303CE3B2092BF1
:1001C0000BD80A21381BF5F755FEA842EDDA0125B8
:1001D0006D42280080BCB846F0BD4346002BF7D1E5
:1001E000F7E75A1CC2605C78303CE3B2092B02D8B6
:1001F00001239846D6E70025EBE7C046FFFFFF7FC7
:1002000010B5040000290AD0682916D02000FFF795
:10021000BBFFE3681A785F2A0DD0002010BDC368C9
:100220001A78002AF9D05A1CC2601B78682B04D0B7
:10023000762BF2D1EAE70133E3602000FFF7A4FF59
:10024000E3681A785F2AE8D101330120E360E5E72B
:1002500010B5C36804001A785F2A18D15A1CC2600E
:100260005A785F2A04D0FFF78FFFC043C00F0FE01A
:100270000233C360FFF788FF00280ADB092806DD88
:10028000E36800201A785F2A02D10133E36001207D
:1002900010BD0020FCE7C04670B505000C1E23D041
:1002A0008E2080214000C900A368012B1CDC2A5845
:1002B0008A4219DC0133A3602378422B25D8232BF3
:1002C00013D85A1E222A0FD8254A9B00D3589F467E
:1002D000A2225200AB580133AB508E26802276000A
:1002E000AB591201934222DD70BD1E000122243E53
:1002F000F6B2B2401B4E3242EFD1920725D1342BD9
:10030000F2D12469002CCFD1EEE7453BDBB2192BAB
:10031000EAD801229A401300134A1342DDD1134A4E
:10032000134202D118221A42DED0E468EAE7013310
:10033000AB512800E168FFF7AFFF28002169FFF704
:10034000ABFFAB59013BAB51CEE7E3681B78052B04
:10035000C3D19C225200AB580133AB50BDE7C0461D
:1003600028CE0110EC7DFE7FC16F00020610040054
:1003700003000020002B07D109E0DA68002A06D02C
:100380001B690130002B02D01A78302AF5D0704753
:10039000002806D109E0002908D0006901390028A9
:1003A00003D00378302BF6D000207047C068FCE7FC
:1003B000F0B51500C64652684B1CAC689B18070088
:1003C0000E0000B5A34213D8EC68002C0DD16B6869
:1003D00028683200C0183900F6F732FC2B686A68CA
:1003E0009B199C546B689B196B6080BCB846F0BD30
:1003F000EA68002AF9D1002C02D1022B0DD902346F
:100400006400A342FCD821002868F6F7F5FB80467B
:10041000002804D02860AC60D6E70224F3E72868FF
:10042000F6F7FCFB43462B606B60AB600123EB608F
:10043000DBE7C04603780200722B11D0562B0FD099
:100440004B2B0DD00020442B0BD150780300773B71
:10045000012B05D9202398434F384342584100E0EF
:100460000120704780235B00C35870B504000D0065
:10047000FF2B08D0591C80225200A150E554822342
:100480005B00E55470BD0022C25486235B00C25855
:10049000043BFF21C358984794225200A3580121DE
:1004A0000133A3500023E6E788235B00C358002BE9
:1004B00014D05B681869CB68002B0CDB002806D1D0
:1004C00008E0002B08D00069013B002802D0027828
:1004D000302AF6D000207047C068FCE701221933AB
:1004E000FF33C2500020F6E770B506000C1E17D08F
:1004F000114D2378342B02D89B00EB589F46433B89
:10050000DBB21C2B03D80D4ADA40D20708D43000E6
:10051000E168FFF7E9FF002803D12469002CE8D146
:10052000002070BD21003000FFF7BEFF0028F7D08B
:100530000378302BF4D1F4E7B8CE0110E30C0010AF
:10054000F8B5050008000C0009F06AFC00282FD05F
:1005500080235B00EB5827180BE01A008021531C06
:1005600049006B50AE54822201345200AE54BC425A
:100570001ED02678FF2BF0D10022EA5486235B00A0
:10058000EA58043BEB58FF21280098479422520078
:10059000AB5801340133AB508023283A5B00FF3A5B
:1005A000EA5004332E70EE54A74201D02678D5E7E6
:1005B000F8BDC04610B5C26804001378542B24D18E
:1005C000531CC36052785F2A21D06E2A1DD0FFF7DA
:1005D000DBFD431C19D49C46E3681A785F2A14D1CA
:1005E0000133E3606269A3699A420EDA0023910045
:1005F00020698918890040184360836001320533FF
:10060000626103706346C36000E0002010BD0022F9
:100610009446E5E7F0B589B00A0005001D4901A838
:10062000F7F7ACFE01A809F0FBFB002830D08023CF
:1006300001AC5B00EB5827180BE01A008021531C1B
:1006400049006B50AE54822201345200AE54BC4279
:100650001ED02678FF2BF0D10022EA5486235B00BF
:10066000EA58043BEB58FF21280098479422520097
:10067000AB5801340133AB508023283A5B00FF3A7A
:10068000EA5004332E70EE54A74201D02678D5E705
:1006900009B0F0BD40AD0110F0B5C64600B504008C
:1006A000FFF772FD051E45DDE7686368DB1B9842B6
:1006B0003EDCA2683B18E360520702D51A78242A70
:1006C0003AD0A36966699846092D23DD08223800CF
:1006D0002A4909F03DF9002806D13B7A2E2B33D068
:1006E0005F2B31D0242B2FD0464521DAB30020696F
:1006F0009B199B00C018002301364360836066612C
:100700000023C7604360836003700561A06280BC02
:10071000B846F0BD9E420BDAB30020699B199B00DE
:10072000C01800230136436083606661002FE7D163
:100730000020EBE70020EAE70133E360A369666984
:100740009846092DC2DCE5E77B7A4E2BCCD1E36AD3
:1007500016335B1BE3624645EADAB30020699B1956
:100760009B00C018002301366661436083600370FC
:10077000034BC36015230361C8E7C04644AD0110B5
:1007800050AD0110F0B5C64600B5C36804001A7834
:10079000532A24D15A1CC2605A78002A0ED09A1CBF
:1007A000C2605A785F2A48D01300303BDDB2002087
:1007B000092D21D91500413D192D1DD9A068082307
:1007C00005001D4018423AD100293AD1504B1D0076
:1007D000C435187890423DD01C33AB42F9D1002586
:1007E000280080BCB846F0BD511CE16012785F2A39
:1007F0001BD018001300303BDBB2092B0BD8C30011
:100800001B189B009B18303B9842E8D8E26811788F
:100810000029E4D0E8E71300413B192BDFD8C300DF
:100820001B189B009B18373BEEE70133226A9A4264
:10083000D5D9E2699B009D58D2E70023F6E7012154
:10084000C4E70121E3681B78433BDBB299426D4169
:100850002900BBE75A69A569944660466269002889
:1008600012D0954252DD9000266980188000301821
:1008700000269F6901324660866018366261067004
:1008800066460761C660A06200293AD0D868196937
:10089000E36A5B18E362954236DD930025699B1895
:1008A0009B00ED18002301326B60AB60183362616E
:1008B0002B70E8602961E3681A78422A00D08FE73C
:1008C000A26A16000133E3602000FFF7E5FE2A006C
:1008D00003004E212000FFF7F3FBE36805001A78C0
:1008E000422AEFD0A662002800D178E7236A626A24
:1008F000934200DB73E7E269990001338850236279
:100900006EE758689968C3E70025D4E70020BAE786
:1009100068D50110F8B5C36804001A780E00572A8C
:1009200009D024E0E2699900013388502362E3682A
:100930001A78572A1BD15A1CE2605A785525502A3A
:1009400002D10233E360013520003768FFF7A4FECF
:100950003A00030029002000FFF7B2FB30600028B6
:1009600004D0236A626A9342DCDB0020F8BD0120D8
:10097000FCE7C046F0B5CE46474680B5C5680400E2
:1009800085B02800FFF756FD00280ED12B78552B97
:1009900056D8402B00D879E0413BDBB2142B00D96C
:1009A00074E0B84A9B00D3589F460022200001A95A
:1009B00001F0A8F9051E39D0E36820001B78462B0A
:1009C0003BD0FFF7D7FF286000282FD003781F3BCC
:1009D000012B05D8019AC368C2602A6801922B6076
:1009E000019E002E22D0236A626A93421EDAE269D7
:1009F000990001338E50236219E00123256B2000FA
:100A0000236300F0C3FE256302000023452120007C
:100A1000FFF756FB051E019008D0E3681A78002AFC
:100A200004D05A1CE2601B78452B24D000263000ED
:100A300005B0C0BCB946B046F0BD00F089FBC2E7C6
:100A4000613BD9B2192921D801228A408E4E324207
:100A500000D06DE2142919D10135E5602000FFF7BF
:100A60001BFE0023020029212000FFF729FB0500BF
:100A70000190002DDAD0236A626A9342D6DAE269E5
:100A800099008D500133019E2362D0E7012120009F
:100A900001F0A4FA0600CAE70135E5602000FFF77F
:100AA00069FF0023020026212000FFF709FB050053
:100AB0000190DEE76B1CE3606B78002BB6D0AB1CBB
:100AC000E3606B78463BDBB2302BAFD86F4A9B00BC
:100AD000D3589F46200000F03BFB05000190C8E77B
:100AE0000135E5602000FFF745FF002302002321C8
:100AF0002000FFF7E5FA05000190BAE70135E5604F
:100B00002000FFF737FF0023020024212000FFF719
:100B1000D7FA05000190ACE72000FFF74BFDE6682F
:100B2000019033780500492BA3D1636B002B00D0D3
:100B300036E2002800D179E7236A626A934200DB3B
:100B400074E7E26999000133885023623278002308
:100B5000493A012A05D801362000E66001F08AF9F9
:100B600003002A0004212000FFF7AAFA05000190E3
:100B70007FE70135E5602000FFF78EFDE3680500A3
:100B80001A78492A00D1F1E12000FFF7F3FE2B008B
:100B9000020022212000FFF793FA0500019068E788
:100BA0000135E5602000FFF7E5FE00230200272164
:100BB0002000FFF785FA050001905AE70135E5604E
:100BC0002000FFF7D7FE0023020025212000FFF7B9
:100BD00077FA050001904CE76E1CE6606A785F2AA0
:100BE00000D1C1E1303A092A00D9CCE13100080036
:100BF0000131E1600B78303B092BF8D96269A369B8
:100C00009A4200DB12E7431B9C46930025699B1820
:100C10009B00ED18002301326B60AB60626162469D
:100C2000002A00DC02E7EE600E006B60AB602B7008
:100C30002A6143785F2B00D0F8E601362000E66099
:100C4000FFF798FE2A0003002B212000FFF738FA57
:100C5000050001900DE70135E5602000FFF78AFEF1
:100C6000051E00D1E2E62000FFF784FE031E00D13E
:100C7000DCE62A002C212000FFF722FA0500019073
:100C8000F7E6C0468CCF0110FF7BEC03E0CF0110EC
:100C90002000FFF779FAE36802001D78622D00D189
:100CA000A2E1782D03D05F2D00D0BFE60025616959
:100CB000A0690133814200DBBFE11420484326696B
:100CC0000131361800207060B06061615F213170C1
:100CD000DE493282F160B574DD49E36001A8F7F7BF
:100CE0004DFB691E8D4101A809F09AF8F368E26A8C
:100CF0005B689B185B191818E06298E66369A26943
:100D0000934200DB92E69A00D2180133636100231C
:100D100026699200B6187360B3603370CD4BF360F0
:100D20000E23336183E66369A269934200DB7DE6AB
:100D30009A00D21801336361002326699200B61825
:100D40007360B3603370C44BF360042333616EE6A9
:100D50006369A269934200DB74E19A002669D218A4
:100D60009200B618002201337260B26063612823DA
:100D70003370BA4BF360E36A0433E36257E66369A6
:100D8000A269934200DB5DE19A002669D2189200C5
:100D9000B618002201337260B26063612823337099
:100DA000AF4BF360E36A0933E36240E6AB785F2B55
:100DB00000D133E16369A269934200DB36E69A0011
:100DC0002569D2189200AD18002201336A60AA602A
:100DD0006361442320002B70FFF7D6F9E860E368D5
:100DE0001A785F2A00D021E60133E3602000FFF784
:100DF000C1FD2A0003002E212000FFF761F9050044
:100E0000019036E66369A269934200DB1AE19A0019
:100E10002669D2189200B618002201337260B260BF
:100E20006361282333708F4BF360E36A0733E36217
:100E3000FDE56369A269934200DB03E19A0026693C
:100E4000D2189200B618002201337260B26063615A
:100E500028233370844BF360E36A0833E362E6E5EA
:100E60002000FFF787FD002302004D212000FFF73F
:100E700027F905000190FCE56369A269934200DB54
:100E8000E0E09A002669D2189200B61800220133D9
:100E90007260B260636128233370744BF360E36A5D
:100EA0001133E362C3E56369A269934200DBC9E0E1
:100EB0009A002669D2189200B61800220133726097
:100EC000B260636128233370694BF360E36A0833CF
:100ED000E362ACE56369A269934200DBB2E09A0089
:100EE0002669D2189200B618002201337260B260EF
:100EF0006361282333705F4BF360E36A0A33E36274
:100F000095E56369A269934200DB9BE09A0026693C
:100F1000D2189200B618002201337260B260636189
:100F200028233370544BF360E36A0933E3627EE5B0
:100F30009A00D31851499B005918A26963699342DA
:100F400079DA9A002669D2189200B61801337060D7
:100F5000B0606361282333704B68E26A0135D318AF
:100F6000F160E362E56062E5002566E60133E36077
:100F7000200000F07FFF2A00030004212000FFF77B
:100F80009FF8050000E60123266B2000236300F094
:100F9000FDFB2663051E00D148E5E668337849E687
:100FA000636920009946236A9846E36A1F00731C10
:100FB000E36000F05FFFE2681278492A06D04B46F2
:100FC00063614346E6602362E76252E5002D00D18B
:100FD0002CE5236A626A934200DB27E5E269990007
:100FE00001338D502362BBE5102800D01EE501338C
:100FF000E360A2696369934224DA14225A432669A2
:101000000133B61800227260B26063612823337026
:10101000E06A1B4B0F30F360E06208E503355E3B8E
:10102000266BE5602000236300F0B0FB2663051EFD
:1010300000D0D4E6FAE4C368FFDE0549E36001A806
:10104000F7F79CF90023DB68FFDEC04674DD011072
:1010500040AD011070AD011068AD011010DD011040
:10106000D4DC011024DD011038DD011060DD011039
:101070004CDD0110FCDC0110E8DC0110CCDA0110C1
:1010800088DD011070B504000023E26882B001938E
:1010900013781C4E01AD002B1DD02E3BDBB2242B50
:1010A00005D89B00F3589F465378452B13D020005A
:1010B000FFF760FC002814D0020000232F2120003D
:1010C000FEF7FEFF286000280BD0E268103013788E
:1010D0000500002BE1D10198002802D00369002B04
:1010E00001D002B070BDC26811782829F9D1D26848
:1010F000117C0929F5D1E16A52688A1AE262C3605B
:10110000EFE7C046A4D0011070B5C36804001A7898
:101110004A2A1AD0002910D02000FFF72BFC051E08
:1011200011D02000FFF7AEFF00280CD003002A00EA
:101130002A212000FEF7C4FF70BD20000025FFF724
:10114000A1FF0028F2D10020F6E70133C360E3E7F6
:10115000836870B504005B030DD48023C26B1B0150
:101160009A420CD8531CC363C368002019784629DF
:1011700007D0E26304E0C3681A78462A01D0002051
:1011800070BD5A1CE2605A78592A01D10233E360DB
:1011900001212000FFF7B8FFE3681A001B78522BEB
:1011A0001ED04F2B09D0452B17D00020A3685B031E
:1011B000E6D4E26B013AE263E2E72021E36A03331B
:1011C0001600551CE362020000232000E560FEF7D4
:1011D00077FF73782A00452BE7D1531CE360E5E7DE
:1011E000E36A1F210233EBE770B5C36804001A7885
:1011F0000D00542A10D15A78742A22D00ED86E2AA3
:1012000017D0702A08D10233C360FFF7EDFF5D21CC
:10121000021E09D101232B60002070BD792AFBD169
:101220005A2100220233C36000232000FEF748FF4A
:10123000F3E70233C360FFF79DFB021EEAD05B2198
:10124000F2E70233C36000F00BF8021EE2D0E3685D
:1012500019784529DED10133E3601731E4E7C04650
:10126000002370B582B005000E00019301AC02E0CE
:1012700020601030040031002800FFF7B5FF00287F
:10128000F6D10198002805D002000023592128003A
:10129000FEF716FF02B070BDF0B5C64600B5C368D4
:1012A00080461E78002E22D05A1CC2605A781E78C2
:1012B0009446002A1ED1492500213D4F6A1AD30FBA
:1012C0009B185B105B181A01BA1814682078B0429A
:1012D00007D00AD91D00A942F0D1002080BCB84631
:1012E000F0BD6078604546D0F4D8591CF3E7002380
:1012F0009C46E0E79A1CC2605B789C46762E17D02D
:10130000632ED8D1762BD6D1036B456B5A4253410D
:101310004363FFF72FFB43465B6B002B41D002007A
:10132000002336214046FEF7CBFE43465D63D5E7FA
:101330001D00303DEBB2092BBDD8FFF7ADF9434698
:1013400042465B69926901009342C6DA40469A00C0
:101350000069D2189200801844460022013342608E
:10136000826063610029B8D03423426082600370D8
:10137000C5600161B2E7434641465B6989698B42BA
:10138000ABDA404699000069C9188900401800216D
:1013900041608160414601334B613323C260037079
:1013A0009CE7020035214046FEF78AFEBDE7C046B5
:1013B0002CD60110F0B5CE46474680B585B088469C
:1013C00001A904000192FFF7A5FA061E00D1CBE0A7
:1013D000E2681378462B00D187E01A00303A0026E5
:1013E000092A00D889E01A00613A192A29D8226B03
:1013F00017006F2B00D1B9E02000FFF74DFF2763E6
:10140000051E00D1DBE00378332B7AD1C268E36A92
:10141000916807335B18E36213681A786C2A70D1FD
:101420005A78692A6DD19B78002B6AD12000FFF78A
:1014300033F92A00030038212000FEF741FE0500A1
:101440005FE0442B00D19BE01A00433A012A00D808
:1014500091E14C2B00D17AE0552B00D084E0E36879
:101460005A786C2A00D105E1742A00D07CE01A7801
:10147000552A00D0A3E05A1CE2605A78019D742AD4
:1014800000D09CE09A1CE2609B785F2B00D16EE15B
:101490006E2B00D171E12000FEF776FE013000D501
:1014A0008DE0E26813785F2B00D088E00132E260C3
:1014B0006369A269934200DB81E09A002569D21832
:1014C0009200AD18002201336A60AA6063614A236A
:1014D0002B70236A626AE860934200DB6FE0E26986
:1014E000990001338D5023620BE0531CE360537865
:1014F0001A00303A092A00D975E72000FFF7CCF826
:101500000500019B002B05D02A0057212000FEF783
:10151000D7FD0500E3681A78422A52D0002E0ED17A
:101520004246002A05D02B0001212000FEF7C8FD0D
:101530000500280005B0C0BCB946B046F0BD2A0081
:10154000002351212000FEF7BBFD0500E8E7E3681A
:1015500020000133E360FFF79FF8051E04D0200050
:10156000FEF776FE0028CCD10025E2E7E3685A7842
:101570006E2A00D040E70233E360002323633BE799
:10158000E3685A78432A00D1C0E0A26A002A08D052
:101590001178002901D0182903D1E16A10690918CE
:1015A000E1621978432920D0442908D1597830398B
:1015B000C9B2052903D87448890041588F460025CF
:1015C0009FE7A26A17000133E3602000FFF764F889
:1015D0002A0003004E212000FEF772FDE36805009B
:1015E0001A78422AEFD0A76298E75978492900D1A2
:1015F000ACE0080031380428E1D830390F0002335C
:10160000E3606369A1698B42D9DA99002569C91839
:1016100089006D18002101336960A9606361002AA7
:10162000CDD007236960A9602B702F732A6168E70A
:1016300002200233E360A16963698B42BFDA99003B
:101640002569C91889006D18002101336960A960F6
:101650006361002AB3D008236960A9602B702873E6
:101660002A614EE70520E4E70420E2E70320E0E7F3
:101670000120DEE71A78552AA1D15A1CE2605A7877
:101680006C2A9CD10233E3600023200003A903935A
:10169000FFF7E6FD039B050081461F1E8FD120004A
:1016A000FFF7F0FC00288AD0002D62D02861E368A3
:1016B0001A78452A83D15A1CE2605B785F2B0ED0E2
:1016C0006E2B00D17BE72000FEF75EFD431C00D5AA
:1016D00075E7E2681F0013785F2B00D06FE70132D7
:1016E000E2606369A269934200DB68E79A002569BA
:1016F000D2189200AD18002201336A60AA606361BB
:1017000048232B704B462F61EB60FAE60233E3600F
:101710000023994608E038614B46002B00D14EE784
:10172000E3681A78452A0ED02000FEF7B5FF0023A3
:101730000200542120004F46FEF7C2FC8146002FD4
:10174000E9D10500E8E70133E360DAE65A1CE2601C
:101750009A7811003139042900D930E70333303A3F
:101760002000E3601700FFF705F9A26A49E70020AF
:101770009CE681469BE7E36807E7002D00D1CDE6B4
:101780002B000025C0E6C04638D10110F8B5C2686C
:10179000040013784C2B00D1D7E0542B00D1D8E0B3
:1017A000732B20D0662B5FD019003039092943D91B
:1017B0006F2B3CD0692B00D1CFE0742B00D1E5E03A
:1017C000752B17D10132C260FEF766FF05002000BD
:1017D00000F050FB2A00030040212000FEF770FCBF
:1017E00005002800F8BD5378722B00D137E1702B2B
:1017F00000D157E12000FFF74FFD051E78D0037898
:10180000332B5FD0342B00D1CBE0352B70D1E36884
:101810001A785F2A00D11EE22000FFF7B7FF03000D
:101820002A0038212000FEF74BFC0500D9E7537849
:101830006E2BDFD10232C260002200212000FFF7B0
:10184000B9FD051E54D0E3681A78492AC9D101337D
:10185000E360200000F00EFB2A00030004212000BA
:10186000FEF72EFC0500BCE75378702BC2D1931C09
:10187000C3609378542B00D110E15F2B00D1D8E0E6
:101880006E2B35D0FEF780FC411C31D4E3681A780A
:101890005F2A2DD10133E360B74B994228D0023043
:1018A0006369A269934223DA9A002569D2189200EB
:1018B000AD18002201336A60AA6063610623E86004
:1018C0002B708EE7C168E36A8A680868023A9B1841
:1018D000E36203780600732B0CD14278742A09D195
:1018E0008278002A06D12000FFF744F8030097E72A
:1018F000002576E7CA681700022A62D000DDDDE025
:10190000002A56D0012AF3D13278702A00D194E00F
:101910006D2A00D191E00027732B00D09AE07378F4
:10192000502B00D096E0B378002B00D092E020003E
:1019300000F0A0FA0300002F00D171E71A003A214D
:101940002000FEF7BDFB03006AE700F079FF050009
:1019500047E7FEF72FFE050043E753786C2B00D0D6
:1019600048E700250232C2601378002BC0D05378BC
:10197000002BBDD04521200000F08CF92A00030087
:1019800032212000FEF79CFB05002AE753786C2BE0
:1019900000D02FE70232C260FEF7ECFFE2680500DC
:1019A000E2E7C368012B00D136E7032BA0D0002B60
:1019B0009ED12A00002337212000FEF781FB05007D
:1019C0000FE771783278632900D11CE1662A00D1D3
:1019D0003CE1642B00D030E17378692B00D02CE11E
:1019E000B378002B00D028E1002200212000FFF76F
:1019F000E1FC07003378632B00D0BFE072786C2ADB
:101A000000D0BBE0B278002A00D0B7E0452120002A
:101A100000F040F9060033003A003A212000FEF7BA
:101A20004FFB2A00030039212000FEF749FB050087
:101A3000D7E60332C260012032E77178914200D0CC
:101A400069E7E26811785F2900D065E70132E2605A
:101A5000337860E72000FFF799FE03006BE7931CE3
:101A6000C360836B002B0AD09378552B00D9C5E057
:101A7000422B00D9ABE0303B092B00D8AEE0200070
:101A8000FEF778FF010000222000FFF793FCE368D7
:101A900005001A78492A00D0A3E6D8E60332C260CE
:101AA0000020FDE60232C260FFF770FE0023020054
:101AB0004D212000FEF704FB050092E6032A00D02A
:101AC00016E7712B26D17278752A23D1B278002AB5
:101AD00020D12000FFF75AFE06002000FFF756FE37
:101AE00007002000FFF752FE031E00D100E73A0076
:101AF0003D212000FEF7E4FA320003003C212000E3
:101B0000FEF7DEFA2A0003003B212000FEF7D8FA98
:101B1000050066E6642B05D17378582B02D1B378A3
:101B2000002BD6D03378662B00D19CE06E2B00D0F2
:101B3000DEE67378772B02D0612B00D0D8E65F21E8
:101B4000200000F0A7F806002000FEF713FFE3686E
:101B500007001A78452A00D195E0702A00D186E066
:101B6000692A00D0C4E65B786C2B00D0C0E6200068
:101B7000FFF70CFE0300BAE7FFFFFF7F642B4FD196
:101B80007278742A4CD1B278002A49D1E3681A7865
:101B9000672A57D0732A02D15B78722B48D0002273
:101BA00000212000FFF706FCE36806001A78492AA6
:101BB00000D030E70133E360200000F05BF9320031
:101BC000030004212000FEF77BFA060023E7304AD9
:101BD000433BDBB2DA40D20700D450E701235B423B
:101BE0000021A363200000F08FF9E36801001A7858
:101BF000452A00D047E70133E36044E7613B192BF6
:101C000000D93CE7EAE711007239012903D90F3105
:101C1000012900D9DAE62000FEF7ACFE0700E9E66C
:101C2000702B05D17378742B02D1B378002BADD013
:101C30002000FFF7ABFD0600EDE62000FFF7A6FD54
:101C40000700D7E65B78732BA9D1F1E72000FFF7F7
:101C500023FB0700CEE60133E3604521200000F0BE
:101C600019F80300DCE52000FFF716FB34E75A788B
:101C7000692A00D03CE60233E3604521200000F0F1
:101C800009F8030033E70133E36000232FE7C04680
:101C900001020400F0B5C646002300B582B00193EE
:101CA000C36804001A780E008A4223D0036B012710
:101CB000984601AD0EE0020000232F212000FEF720
:101CC000FFF9286000280DD0E36810301A7805006D
:101CD000B2420BD020002763FFF758FD4346236331
:101CE0000028E8D102B080BCB846F0BD01330198AD
:101CF000E360F7E7013300222F21C3600023FEF7E2
:101D0000DFF9EFE7F0B5DE464E464546574604009C
:101D10001000E0B583B0030001920122E5688B4614
:101D20002E781B211340024200D01E21CAB29246D7
:101D30001A22002B00D01D22D2B291461922002B6C
:101D400000D01C22D3B298465F461DE0562E39D0F3
:101D50004B2E3DD06B78002B2BD0AB1CE3606B7807
:101D6000782B3BD06F2B5AD1E36A52210933E362BF
:101D7000002300222000FEF7A3F93860002818D0C5
:101D80000C300700E5682E782800FEF753FB00288A
:101D90002AD06B1CE360722ED8D1E36A4146093326
:101DA000E362002200232000FEF78AF93860002851
:101DB000E6D10027380003B0F0BCBB46B246A946C6
:101DC000A046F0BDE36A49460933E3620023D0E749
:101DD000E36A51460633E3620023CAE7E36A4F2110
:101DE0001133E3620023C4E7019B002BE2D1462EAE
:101DF000E0D15F45DED01D241C211E3008E01B2AE7
:101E000035D0192A00D119700C339B469F42D1D08E
:101E10005B461B681A781A2AF1D11C70F4E74F2B25
:101E200013D1E36A256B0933E362012320002363A6
:101E3000FFF7ACFC2563031EBBD0E268117845298F
:101E4000B7D10132E2600D3193E7772BB1D1E36A6C
:101E500020000633E362FFF715F9031EA9D0E268FC
:101E600011784529A5D10132E2600E3181E7187061
:101E7000CAE7C046F0B5C36804001A7883B0452AA3
:101E80003AD0836A01AD1E000023019310E00200E6
:101E9000002330212000FEF713F9286000280CD021
:101EA000E2681378452B0BD010300500512B0CD075
:101EB000200000F053FD0028E9D1002003B0F0BD60
:101EC00001980132E260A662F8E701230132256B36
:101ED0002000E2602363019FFFF758FC2563002880
:101EE00005D003003A005E212000FEF7E9F8E26821
:101EF0001378452BE5D0E0E7013300223021C360A1
:101F00000023FEF7DDF8D9E7F8B505000E00002440
:101F10002027EB681978442918D0492949D0542939
:101F200053D04D2938D0532956D128005239FEF7C5
:101F300029FC021E3FD00378553B012B0BD9002C06
:101F400039D1EB6814001978442914D15B78002248
:101F5000BB43542B32D021002800FFF72BFA04009A
:101F6000002C28D0EB681A78452A25D0002E16D1EF
:101F700019784429EAD04929D1D101332800EB60EE
:101F8000FFF778FF002816D0030022000421280064
:101F9000FEF796F80400E3E70133EB60B9E72A6A3D
:101FA000696A8A4207DAE9699000013244502A627C
:101FB000DEE7002CE1D100242000F8BD002CFAD18E
:101FC0002800FEF7D7FC0400CAE7002CF3D1280054
:101FD000FEF7F0FA0400C3E70022BCE7F0B5CE46F6
:101FE000474680B5C268040013780E0083B0552BB5
:101FF00000D179E022D84E2B00D185E0532B64D15B
:1020000053780027742B00D1BFE000212000FEF799
:10201000B9FB051E00D175E00378553B012B56D95D
:10202000002F00D06EE0E2681378492B00D19AE0CF
:10203000280003B0C0BCB946B046F0BD5A2B44D10D
:10204000531CC3605378472B02D0542B00D097E029
:10205000200000F0E1F90700002F53D0E3681A7860
:10206000452A4FD15A1CE2605A78732A00D119E1EF
:10207000642A00D1A7E000212000FFF7AFFF051E72
:1020800000D12EE1022203789343482B04D0200094
:10209000FEF7DEF8002835D03B78032B00D1F9E0BD
:1020A0002B003A0002212000FEF70AF80500002E5E
:1020B000BED0002D26D0236A626A934222DAE269FA
:1020C000990001338D502362B2E7002500272A00D2
:1020D00039002000FFF76EF9E26805001378492BFC
:1020E0000AD0002EA4D0E4E700220021FFF762F915
:1020F0000500002EDDD19BE7002803D0236A616A2A
:102100008B4226DB002593E7531CC3605378482B92
:1021100000D1AEE0012201A9FFF7F4FD051EF1D0C8
:10212000E3681A78522A00D1B0E04F2A00D185E046
:1021300001212000FFF7E8FE28600028E2D0E368D4
:102140001A78452ADED10133019DE360002EB0D11B
:102150006EE7E1699800013345502362117800234E
:102160004939012905D801322000E260FFF782FEDB
:1021700003002A0004212000FDF7A2FF0500B0E7BC
:10218000002100F0B5F8070066E7931CC360816981
:1021900043698B420FDA9900C91801330069636102
:1021A0000023890041184B608B600B704E4B0F0071
:1021B000CB6003230B61E36A00250333E36293786A
:1021C000532B84D121E79A1CE2609B785F2B00D1CE
:1021D00084E06E2B96D02000FDF7D6FF431C91D4EF
:1021E000E268994613785F2B8CD1013200212000E0
:1021F000E260FFF7F3FE804600280AD0022203784F
:102200009343482B05D02000FEF722F8002800D188
:1022100078E76369A269934263DA9A002569D21864
:102220009200AD18002201336A60AA6063614923FD
:102230002B704B462B614346EB602DE72021E26A71
:1022400003320133E262E360002200232000FDF745
:1022500037FF070001212000FFF756FE2860002805
:1022600000D14FE7002F00D169E7019B0197FB6088
:1022700065E7C36A02320533C260C36200220023ED
:102280002121FDF71DFF01AD0700E3E7E26A1F21F1
:102290000232D6E73B691A782A2A00D000E70022EA
:1022A000DA60FDE602332000E360FDF7D1FF00288D
:1022B00000D127E76369A269934212DA9A00D21823
:1022C00001336361002325699200AD186B60AB6038
:1022D0002B70064BEB600E232B61DDE60023994645
:1022E00083E70025D8E6C04690AD011080AD01100F
:1022F000F8B50E0000210500FFF770FE041E4DD05A
:10230000002E18D0AB68DB0715D423784F2B3CD0B8
:1023100038D81A001C3A052A37D9022B09D122696C
:10232000002A3BD013784F2B34D030D81C3B052BE0
:1023300030D92000F8BDEB681B78002BF9D0452B75
:10234000F7D022001378042B32D029D8022B02D1E7
:102350001269002AF6D100212800FEF7D5FE071EDB
:102360001CD0002E02D12378022B36D0EB681A78CD
:10237000512A3BD022003B0003212800FDF7A0FE9C
:102380000400D6E7523B012BD3D8E468BDE7523BAB
:10239000012BCED8D2682261002AC3D10024C8E71D
:1023A0004F2B03D014D81C3B052BD4D8D268D0E7D0
:1023B000D368002B0AD01978082913D80629CAD85F
:1023C0000139012902D81B69002BF4D10121C3E78F
:1023D000523B012BBFD8D268BBE703782A2BC5D16B
:1023E000C660C3E736394B1E9941B5E70133EB6050
:1023F00001232E6B28002B63FFF7C8F92E630028FA
:1024000007D003003A005E212800FDF759FE0700BF
:10241000B0E70027AEE7C046C16AF0B50B00143341
:1024200083B0C362C36804001A78542A16D0472ABE
:1024300020D15A1CC2605A78002A1BD09A1CC26054
:102440005A78562A00D981E0402A13D9413AD2B2AB
:10245000152A0FD8CF4992008A5897465A1CC26055
:102460005A78002A06D09A1CC2605B78413BDBB2E6
:10247000352B02D9002003B0F0BDC74A9B00D358CA
:102480009F460021FFF7AAFD002302001321200030
:10249000FDF716FEEFE79A78002A00D1ACE0DA1CCF
:1024A000C2609A78DB786E2A00D1A7E1472B02D070
:1024B000542B00D0A0E02000FFF7AEFF0200002365
:1024C0004B212000FDF7FCFDD5E70021FFF786FD3D
:1024D0006269A36906009A4200DB93E091002369D8
:1024E000891889005918002301324B608B604433EE
:1024F000626120000B700D00FDF746FEE8602B00C6
:10250000320016212000FDF7DBFDB4E7002301A90E
:102510000193FEF7FFF90028ADD001980028AAD05A
:102520000200002358212000FDF7CAFDA3E79B7895
:10253000472B5CD0542B5AD00021FFF7D9FE020064
:10254000002317212000FDF7BBFD94E7722A00D07D
:1025500090E7FDF719FE012800DC8BE7E3681A78A5
:10256000002A00D186E75A1CE2601B7816005F2B18
:1025700000D07FE70022471E3378002B00D179E797
:10258000242B00D00AE17378532B00D12DE15F2B6F
:1025900000D128E1242B00D06CE79C46E3686169F8
:1025A0009E1CA369994200DB22E188002369401840
:1025B00080001B1800200131586098606161432140
:1025C00019706146023FD960E660002A00D108E137
:1025D00042212000FDF774FD021E00D14AE7002FC2
:1025E000CADC002341212000FDF76AFD43E72000FB
:1025F000FFF712FF0200A3E700212000FFF778FE9B
:1026000002005CE700257AE77621FDF7F9FD002856
:1026100000D12FE7E3681B78472B00D1FCE0542B57
:1026200000D1F9E000212000FFF762FE0200002344
:1026300010212000FDF744FD1DE76821FDF7E0FDB6
:10264000002800D116E7E3681B78472B00D1E8E0AB
:10265000542B00D1E5E000212000FFF749FE0200E5
:1026600000230F212000FDF72BFD04E70A31C16292
:10267000FEF780F9002302000A212000FDF720FD6B
:10268000F9E60021FFF7AAFC002302001521200033
:10269000FDF716FDEFE60F31C162FEF76BF900237F
:1026A000020009212000FDF70BFDE4E60021FDF703
:1026B000A7FD002800D1DDE600212000FDF7A0FDE8
:1026C000002800D1D6E6E3681B78472B00D1B2E0A2
:1026D000542B00D1AFE000212000FFF709FE0200DB
:1026E000002311212000FDF7EBFCC4E60021FFF7D9
:1026F00075FC0023020014212000FDF7E1FCBAE67E
:10270000FEF738F90023020012212000FDF7D8FC63
:10271000B1E6FEF72FF9002302000C212000FDF79F
:10272000CFFCA8E6FEF726F9002302000D212000C9
:10273000FDF7C6FC9FE6FEF71DF905002000FDF73A
:1027400023FD002800DA95E6E3681A785F2A00D0B6
:1027500090E60133E3602000FEF70CF9E36A020023
:102760000533E3620B212B002000FDF7A9FC82E674
:1027700000F0F4F80023020031212000FDF7A0FC56
:1027800079E6FEF7F7F8002302000E212000FDF79E
:1027900097FC70E650D10110A8D101100021735CA4
:1027A000002B04D0242B02D00131B942F7D160694B
:1027B000A36998421EDA830025691B189B00EB1859
:1027C000002501305D609D606061002900D151E607
:1027D0001D70E068DE605D609D60196146187F1ABB
:1027E000F2E61A00FBE62E23D7E62F239C46D5E619
:1027F000E6603FE6E3685B18E3603BE6472B15D0F5
:10280000542B13D00021FFF773FD020000234C214D
:102810002000FDF755FC2EE62000FFF7FDFD02002D
:1028200005E72000FFF7F8FD020019E72000FFF799
:10283000F3FD0200EAE72000FFF7EEFD02004FE79C
:10284000F8B5C268040013784C2B33D1531CC36015
:1028500051785F294DD05A2912D15A1CE2605B7819
:10286000472B3FD0542B3DD000212000FFF740FDE7
:102870000500E3681A78452A1CD10133E3601AE0A9
:10288000FEF778F8051E15D0E3681F000378282BA3
:1028900013D03A783E216E2A51D0452A55D07B1C60
:1028A00006E0E360180001335A1E1278452A27D04B
:1028B000002AF6D100252800F8BDC3681A7C002A3A
:1028C00003D0E26A5968521AE2622349186807F095
:1028D0002BFA3A780028DDD1452A3AD06E2A2ED03C
:1028E0003E21DCE72000FFF797FDE36805001A783A
:1028F000C1E7931CC360927800255A2ABBD1ACE78C
:10290000C01B6269A3699A4221DA93009B189B005D
:102910009C4600262369013263445E609E606261CA
:10292000002814DD5E609E601E70DF6018612A0062
:102930002000FDF7C5FBE36805001A789BE77B1CC8
:10294000E3607A783F211F00A7E70020D9E7002342
:10295000EDE77B1CE360AEE794AD011070B5C26893
:10296000040013784C2B19D007D8493B012B18D8F9
:102970000132C260FFF77EFA70BD582B11D10132CF
:10298000573B056BC2600363FEF700FFE3682563F6
:102990001A78452A09D10133E360EDE7FFF750FFCC
:1029A000EAE72000FDF7E6FFE6E70020E4E7C0469F
:1029B000F0B54E46DE4657464546E0B504001600E3
:1029C00099B0002A11D08C235B00C558002D10D17E
:1029D00011785F2937D8E24A8B00D3589F4681454A
:1029E00003D0882352465B00E2508C2301225B0017
:1029F000E25019B0F0BCBB46B246A946A046F0BDB5
:102A00008A2308A95B00C258C15000238946089256
:102A10008B601133FF33C3584E60CB60F2681121D5
:102A2000200003F06FF94B469B68002B01D102F0A8
:102A3000B6F88A23089A5B00E250002DD9D052469E
:102A4000043BE250D5E78C2301225B00E250D0E743
:102A50008A2252008058031E01D103F0A7F8844651
:102A600008009A68002A09D15A68127811001939A9
:102A7000022906D8904201D102F0F7FB1B68002B17
:102A8000EFD18A2308AA5B00E250002360460A9334
:102A90001133FF33E3589146089009960B93BDE735
:102AA0001121F26803F02EF9A3E7F268002A01D1A0
:102AB00002F061FA112103F025F93378562B01D188
:102AC00002F05DFAF3682E25002B0ED080235B0008
:102AD000E358FF2B01D102F075FE591C80225200F1
:102AE000A150E55482235B00E55411212000326996
:102AF00003F008F97DE7F268002A02D0112103F003
:102B000001F93369002B00D173E780256D0061590D
:102B1000FD2901D902F0B6FB20009249FDF710FD16
:102B2000802394255B00E3586D0011212000326959
:102B30009846675903F0E6F86359BB4200D058E75E
:102B400080235B00E358434500D052E78022023BDC
:102B50005200A3504DE78A2308AD5B00C258C55010
:102B600000230A931133FF33C358089211213269AD
:102B70000B93099603F0C6F80A9B002B01D102F0D3
:102B800082FA8A23089A5B00E25032E7F3681A78E7
:102B9000282A01D002F0C7F9DB681D7C062D01D977
:102BA00002F0DEFA002D05D033691B78002B01D12D
:102BB00002F088FF80235B00E358FF2B01D102F075
:102BC00080FD5A1C80277F00E2512822E254822394
:102BD0005B00E25411212000F26803F093F8E359FE
:102BE000FF2B01D102F05AFD591C80225200A15046
:102BF000D73AE25482235B00E25433783F2B01D171
:102C000002F046FD082D01D102F033FD1121200014
:102C1000326903F077F8ECE690235B00E358F06844
:102C20001A0099460378002A04D10025052B01D10A
:102C300002F05BFD242B01D102F00FFA8A22520030
:102C4000A158043AA258944632789A4201D102F02F
:102C500035FB252B01D102F0CAF88A2308AA5B00B4
:102C6000E250002391460A931300624608910996A8
:102C7000DA60D3E6F268112103F044F820003A4903
:102C8000FDF75EFC36693378492B01D102F044FC34
:102C900032001121200003F035F8AAE6F368356907
:102CA0001F001B78332B01D102F07BF9352B01D1AA
:102CB00002F0FEF93A00112103F0D4FF2A0011219D
:102CC000200004F037FA94E61121F26803F01AF8B4
:102CD00080235B00E358FF2B01D102F06CFC591CF0
:102CE00080225200A150C03AE25482235B00E25499
:102CF00011212000326903F005F87AE6F26836699E
:102D0000002A02D0112102F0FDFF80235B00E3586E
:102D1000FF2B01D102F02DFB5A1C80256D00625162
:102D20007B22E25482235B00E25411213200200016
:102D300002F0E8FF6359FF2B01D102F007FB591C99
:102D400080225200A150833AE25482235B00E25475
:102D50004FE680235B003700C358044D17E0C046A0
:102D600080D20110B0AD0110B4AD0110FCAF011064
:102D70001A008021531C49006350A654822252003D
:102D8000A654D74A0135AA4201D101F035FD2E786B
:102D9000FF2BEDD10022E25486235B00E258043B76
:102DA000E358FF212000984794225200A358013590
:102DB0000133A3508023283A5B00FF3AE2500433EA
:102DC0002670E654C64BAB4201D101F015FD2E78BA
:102DD000CFE780235B003700C358C24D0EE01A00D6
:102DE0008021531C49006350A65482225200A654ED
:102DF000BD4A0135AA4201D101F0B5FC2E78FF2B66
:102E0000EDD10022E25486235B00E258043BE358F4
:102E1000FF212000984794225200A3580135013326
:102E2000A3508023283A5B00FF3AE2500433267017
:102E3000E654AD4BAB4201D101F095FC2E78CFE7C3
:102E400080235B003700C358A84D0EE01A00802194
:102E5000531C49006350A65482225200A654A44A2F
:102E60000135AA4201D101F077FC2E78FF2BEDD17C
:102E70000022E25486235B00E258043BE358FF2122
:102E80002000984794225200A35801350133A350E3
:102E90008023283A5B00FF3AE25004332670E65460
:102EA000934BAB4201D101F057FC2E78CFE7802342
:102EB0005B003700C3588F4D0EE01A008021531C71
:102EC00049006350A65482225200A6548A4A013512
:102ED000954201D101F039FC2E78FF2BEDD1002273
:102EE000E25486235B00E258043BE358FF212000B4
:102EF000984794225200A35801350133A3508023F0
:102F0000283A5B00FF3AE25004332670E6547A4BCD
:102F1000AB4201D101F019FC2E78CFE780235B0092
:102F20003700C358754D0EE01A008021531C49002C
:102F30006350A65482225200A654714A0135AA4217
:102F400001D101F0FBFB2E78FF2BEDD10022E254E2
:102F500086235B00E258043BE358FF21200098479A
:102F600094225200A35801350133A3508023283AFC
:102F70005B00FF3AE25004332670E654604BAB42EC
:102F800001D101F0DBFB2E78CFE780235B00370017
:102F9000C3585C4D0EE01A008021531C4900635059
:102FA000A65482225200A654574A0135AA4201D1A2
:102FB00001F0BDFB2E78FF2BEDD10022E2548623D9
:102FC0005B00E258043BE358FF212000984794221D
:102FD0005200A35801350133A3508023283A5B00E7
:102FE000FF3AE25004332670E654474BAB4201D11E
:102FF00001F09DFB2E78CFE780235B003700C3589C
:10300000424D0EE01A008021531C49006350A65423
:1030100082225200A6543E4A0135AA4201D101F053
:103020007FFB2E78FF2BEDD10022E25486235B003C
:10303000E258043BE358FF212000984794225200B5
:10304000A35801350133A3508023283A5B00FF3A8F
:10305000E25004332670E6542D4BAB4201D101F00F
:103060005FFB2E78CFE780235B003700C358294DE4
:103070000EE01A008021531C49006350A65482229E
:103080005200A654244A0135AA4201D101F041FB65
:103090002E78FF2BEDD10022E25486235B00E2580C
:1030A000043BE358FF212000984794225200A35884
:1030B00001350133A3508023283A5B00FF3AE250E8
:1030C00004332670E654144BAB4201D101F021FBCE
:1030D0002E78CFE780235B003700C3580F4D2EE0DA
:1030E00018B00110D4AD0110F2AD0110C4AE011042
:1030F000D7AE0110B4AE0110C3AE011098AE0110EE
:10310000B2AE011084AE011095AE011080AE011078
:1031100095AE01106CAE01107CAE011058AE0110DE
:103120001A008021531C49006350A6548222520089
:10313000A654E54A0135AA4201D101F0E3FA2E78FE
:10314000FF2BEDD10022E25486235B00E258043BC2
:10315000E358FF212000984794225200A3580135DC
:103160000133A3508023283A5B00FF3AE250043336
:103170002670E654D44BAB4201D101F0C3FA2E784D
:10318000CFE7D249FDF7DCF911212000F26802F007
:10319000B9FD2EE4CE49FDF7D3F9F26820001121E4
:1031A00002F0B0FD2000CB49FDF7CAF91121200043
:1031B000326902F0A7FD1CE4C749FDF7C1F91121EE
:1031C0002000F26802F09EFDFFF713FC80235B00F5
:1031D0003700C358C14D0EE01A008021531C49002E
:1031E0006350A65482225200A654BD4A0135AA4219
:1031F00001D101F0BFFA2E78FF2BEDD10022E2546D
:1032000086235B00E258043BE358FF2120009847E7
:1032100094225200A35801350133A3508023283A49
:103220005B00FF3AE25004332670E654AC4BAB42ED
:1032300001D101F09FFA2E78CFE780235B003700A1
:10324000C358A84D0EE01A008021531C490063505A
:10325000A65482225200A654A34A0135AA4201D1A3
:1032600001F049FA2E78FF2BEDD10022E25486239B
:103270005B00E258043BE358FF212000984794226A
:103280005200A35801350133A3508023283A5B0034
:10329000FF3AE25004332670E654934BAB4201D11F
:1032A00001F029FA2E78CFE790235B00C3581D1E4A
:1032B00001D001F091FDF168FDF716F9002801D168
:1032C00001F08AFD00210378302B01D001F0D4FFFA
:1032D000C368002B01D101F0CFFF00690131002844
:1032E000F1D1F368894698462E0092235B00E650A0
:1032F000424611212000013602F004FD4E4501D165
:10330000FFF777FB80235B003700E358774D0EE033
:103310001A008021531C49006350A6548222520097
:10332000A654734A0135AA4201D101F0C8F92E789A
:10333000FF2BEDD10022E25486235B00E258043BD0
:10334000E358FF212000984794225200A3580135EA
:103350000133A3500123283AA3500433FF332670CE
:10336000E654634B9D4201D101F0A9F92E78FF3A52
:10337000CFE780235B003700C3585E4D0EE01A0094
:103380008021531C49006350A65482225200A65447
:10339000594A0135AA4201D101F0F3F92E78FF2BE9
:1033A000EDD10022E25486235B00E258043BE3584F
:1033B000FF212000984794225200A3580135013381
:1033C000A3508023283A5B00FF3AE2500433267072
:1033D000E654494BAB4201D101F0D3F92E78CFE747
:1033E00080235B003700C358444D0EE01A00802153
:1033F000531C49006350A65482225200A654404AEE
:103400000135AA4201D101F0FEF92E78FF2BEDD152
:103410000022E25486235B00E258043BE358FF217C
:103420002000984794225200A35801350133A3503D
:103430008023283A5B00FF3AE25004332670E654BA
:103440002F4BAB4201D101F0DEF92E78CFE780237C
:103450005B003700C3582B4D0EE01A008021531C2F
:1034600049006350A65482225200A654264A0135D0
:10347000AA4201D101F0B9FB2E78FF2BEDD1002239
:10348000E25486235B00E258043BE358FF2120000E
:10349000984794225200A35801350133A3500123C9
:1034A000283AA35004322670A654174A954201D1F7
:1034B00001F0BEFF01222E78D0E780235B003700A9
:1034C000C358124D33E0C0466AAE011048AE011039
:1034D00024AE011040AE011018AE01100CAE011068
:1034E00017AE011040AF01105AAF0110B0AD01107E
:1034F000B2AD011028B0011036B0011044AF011078
:103500005AAF01101CB0011023B00110F4AD01102E
:103510001A008021531C49006350A6548222520095
:10352000A654C84A0135AA4201D101F013FB2E78F6
:10353000FF2BEDD10022E25486235B00E258043BCE
:10354000E358FF212000984794225200A3580135E8
:103550000133A3508023283A5B00FF3AE250043342
:103560002670E654B74BAB4201D101F0F3FA2E7846
:10357000CFE7F568002D01D001F09AFCB249FCF7C5
:10358000DFFFFFF736FA9023F1685B00C3584A1C4F
:103590008846934201DC01F053FC88235B00C3584A
:1035A0005B68DB68002B01D1FFF71FFA0A0005E01A
:1035B0001B69013A002B01D1FFF717FA002AF7D156
:1035C0001A785D2A05D1DB68002B01D1FFF70DFACF
:1035D0001A785A3A022A01D801F078FD8C23012288
:1035E0005B00E2504246994908A8F4F7C7FE08A8D4
:1035F00006F016FC002801D1FFF7FBF9802308AD87
:103600005B00E3582F180DE01A008021531C49007D
:103610006350A654822201355200A654AF4201D114
:10362000FFF7E7F92E78FF2BEED10022E254862334
:103630005B00E258043BE358FF21200098479422A6
:103640005200A35801350133A3508023283A5B0070
:10365000FF3AE25004332670E654AF4201D1FFF73F
:10366000C8F92E78D1E71121F26802F04BFB8023D4
:103670005B00E358764D0EE01A008021531C490090
:103680006350A65482225200A654724A01359542D4
:1036900001D1FFF7AEF92E78FF2BEDD10022E254D5
:1036A00086235B00E258043BE358FF212000984743
:1036B00094225200A35801350133A3508023283AA5
:1036C0005B00FF3AE25004332670E654614B9D42A2
:1036D00001D1FFF78EF92E78CFE780235B0037000A
:1036E000C3585D4D0EE01A008021531C4900635001
:1036F000A65482225200A654584A0135AA4201D14A
:1037000001F072F92E78FF2BEDD10022E2548623CE
:103710005B00E258043BE358FF21200098479422C5
:103720005200A35801350133A3508023283A5B008F
:10373000FF3AE25004332670E654484BAB4201D1C5
:1037400001F052F92E78CFE780235B003700C35891
:10375000434D0EE01A008021531C49006350A654CB
:1037600082225200A6543F4A0135AA4201D101F0FB
:1037700034F92E78FF2BEDD10022E25486235B0032
:10378000E258043BE358FF2120009847942252005E
:10379000A35801350133A3508023283A5B00FF3A38
:1037A000E25004332670E6542E4B9D4201D101F0C5
:1037B00014F92E78CFE733691A783C2A01D0FFF745
:1037C00014F91B691B783D2B01D0FFF70EF932006D
:1037D000112103F055FD002801D0FFF70AF932004E
:1037E0001121200003F0B2FE002801D0FFF701F9FB
:1037F0003369F568DE681B691B49DF681B69019343
:10380000EB68186806F090FA002801D002F037FA49
:1038100032002000112103F08DFC2A00200011212C
:1038200003F020FA3A002000112103F083FC20006D
:103830000E49FCF785FE11212000019A03F07AFC65
:10384000FFF7D7F80BAE0110CCAF011040AD01105F
:1038500044B001104CB001105CB0011064B0011014
:10386000D8AE0110EEAE011080AF011084AF011090
:1038700033691B783A2B01D0FFF7B7F8F268D368A9
:103880001B685978632901D101F06EFF32001121C4
:10389000200003F0F5FC002801D0FFF7AAF8320061
:1038A0001121200003F052FE002801D0FFF7A1F8FB
:1038B000F3681A78332A01D102F065F9DB68CF4941
:1038C0001868884606F030FA3369DA68002804D1AF
:1038D0001378032B01D102F08DF91121200003F0A0
:1038E00029FCF568C649EB681B6818001F0006F044
:1038F0001BFA002801D102F066F94146380006F0B3
:1039000013FA002801D002F06EF93369112120006A
:103910001A6903F00FFCF3681A78332A01D0FFF715
:1039200068F8DB689A68012A01D0FFF762F85B68E3
:103930001B783E2B01D0FFF75CF829212000FCF713
:1039400091FDFFF756F83269002A01D1FFF751F8CF
:103950008023F5685B00C35857190DE01A008021D9
:10396000531C49006350A654822201355200A654CC
:10397000BD4201D1FFF73DF82E78FF2BEED100229A
:10398000E25486235B00E258043BE358FF21200009
:10399000984794225200A35801350133A350802345
:1039A000283A5B00FF3AE25004332670E654BD42E9
:1039B00001D1FFF71EF82E78D1E7F1684A68002A96
:1039C00001D101F064F880230D685B00B046C35854
:1039D00057190DE01A008021531C49006350A6546A
:1039E000822201355200A654AF4201D101F04EF8B7
:1039F0002E78FF2BEED10022E25486235B00E258A2
:103A0000043BE358FF212000984794225200A3581A
:103A100001350133A3508023283A5B00FF3AE2507E
:103A200004332670E654AF4201D101F02FF82E780E
:103A3000D1E71121F26803F015F9FEF7DAFF8023D0
:103A40005B003700C3586F4D0EE01A008021531CF5
:103A500049006350A65482225200A6546A4A013596
:103A6000AA4201D101F07DF82E78FF2BEDD1002282
:103A7000E25486235B00E258043BE358FF21200018
:103A8000984794225200A35801350133A350802354
:103A9000283A5B00FF3AE25004332670E6545A4B52
:103AA0009D4201D101F05DF82E78CFE780235B00C5
:103AB0003700C358534D0EE01A008021531C4900B3
:103AC0006350A65482225200A6544F4A0135AA429E
:103AD00001D100F09FFE2E78FF2BEDD10022E254A1
:103AE00086235B00E258043BE358FF2120009847FF
:103AF00094225200A35801350133A3508023283A61
:103B00005B00FF3AE25004332670E6543E4B9D4280
:103B100001D100F07FFE2E78CFE7F6683B4DB36809
:103B2000B0461F0080235B00C3580EE01A008021BE
:103B3000531C49006350A65482225200A654344AB2
:103B40000135954201D100F06CFE2E78FF2BEDD1AE
:103B50000022E25486235B00E258043BE358FF2135
:103B60002000984794225200A35801350133A350F6
:103B70008023283A5B00FF3AE25004332670E65473
:103B8000234BAB4201D100F04CFE2E78CFE78023CF
:103B90005B003700C3581F4D0EE01A008021531CF4
:103BA00049006350A65482225200A6541A4A013595
:103BB000AA4201D100F089FE2E78FF2BEDD1002220
:103BC000E25486235B00E258043BE358FF212000C7
:103BD000984794225200A35801350133A350802303
:103BE000283A5B00FF3AE25004332670E6540A4B51
:103BF0009D4201D100F069FE2E78CFE778AF011029
:103C00007CAF011068AF011071AF01105CAF011003
:103C100064AF0110BCAF0110C6AF0110A4235B005C
:103C2000C258C650343B1700C2581121904600229A
:103C3000C250F26802F066F882235B00E35C3C2B22
:103C400001D101F03EFC80235B00E358FF2B01D142
:103C500001F024FC591C802282255200A1506D00E5
:103C6000C43AE254625511212000326902F04AF848
:103C7000635D3E2B01D101F00BFC80235B00E35818
:103C8000FF2B01D101F0F1FB591C80225200A15001
:103C9000C23AE25482235B00E25442461033E250BF
:103CA0003433E750FEF7A5FE80235B00C358FF2B9B
:103CB00001D101F012FB591C80225200A150823A1E
:103CC000E25482235B00E25411212000326902F0A9
:103CD00019F8FEF78EFE1121326902F013F8FEF793
:103CE00088FE80235B003700C358EA4D0EE01A00BF
:103CF0008021531C49006350A65482225200A654CE
:103D0000E54A0135AA4201D100F0DCFC2E78FF2BF8
:103D1000EDD10022E25486235B00E258043BE358D5
:103D2000FF212000984794225200A3580135013307
:103D3000A3508023283A5B00FF3AE25004332670F8
:103D4000E654D54B9D4201D100F0BCFC2E78CFE764
:103D500080235B00C358D14D0EE01A008021531C14
:103D600049006350A65482225200A654CC4A013521
:103D7000AA4201D1FEF73DFE2E78FF2BEDD10022A5
:103D8000E25486235B00E258043BE358FF21200005
:103D9000984794225200A35801350133A350802341
:103DA000283A5B00FF3AE25004332670E654BC4BDD
:103DB000AB4201D1FEF71DFE2E78CFE780235B00DA
:103DC000C358FF2B01D101F009FC5A1C8021490086
:103DD00062503C22E25482235B00E254F3680027E5
:103DE0001E1E0CD100F075FC32001121200001F0E4
:103DF00089FF36690137002E01D100F06AFC002FDF
:103E0000F2D080235B00B046E358A64D0EE01A00C6
:103E10008021531C49006350A65482225200A654AC
:103E2000A14A0135AA4201D100F046FC2E78FF2BB1
:103E3000EDD10022E25486235B00E258043BE358B4
:103E4000FF212000984794225200A35801350133E6
:103E5000A3500123283AA3500433FF332670E654BD
:103E6000914B9D4201D100F027FC2E78FF3ACFE71D
:103E7000F268112101F046FF11212000326901F0A2
:103E800041FFFEF7B6FD80235B00C358FF2B01D135
:103E900001F083FA5A1C8021490062505B22E254EF
:103EA00082235B00E254F2681121200001F02AFF16
:103EB000802336695B00E358002E01D100F03BFE01
:103EC0003700784D0DE01A008021531C49006350E3
:103ED000A65482225200A654734A0135954200D15D
:103EE000E7E32E78FF2BEED10022E25486235B001D
:103EF000E258043BE358FF212000984794225200E7
:103F0000A35801350133A3500123283AA3500433A9
:103F1000FF332670E654644BAB4200D1C9E32E78E0
:103F2000FF3AD1E78A2149004358F5689B460023B0
:103F30004350002D01D101F018F888235B00C358CD
:103F4000002000228146B4469A4608AB1A605246C9
:103F5000DA604A465D600132986091462A781E0018
:103F600063504F2A01D100F05FFF01D900F053FFE9
:103F70001C277F42B84690444746052F01D800F0E1
:103F800053FF6646022A01D101F04EFB042A00D1FC
:103F90007CE332691121200001F0B4FE2B78042B60
:103FA00003D1069A0D33FF33E2504B4605AE1D0197
:103FB000AD196B68002B01D100F0F7FE103DAE4249
:103FC000F7D18A235A465B00E250FEF712FD3269B0
:103FD000002A01D1FEF70DFD8023F5685B00C35870
:103FE00057190DE01A008021531C49006350A65454
:103FF000822201355200A654BD4201D1FEF7F9FCE0
:104000002E78FF2BEED10022E25486235B00E2588B
:10401000043BE358FF212000984794225200A35804
:1040200001350133A3508023283A5B00FF3AE25068
:1040300004332670E654AF4201D1FEF7DAFC2E7845
:10404000D1E71121F26801F05DFE80235B00E358A7
:10405000FF2B01D101F066F95A1C80256D006251D9
:104060002822E25482235B00E254112120003269AD
:1040700001F048FE6359FF2B01D101F040F9591CB2
:1040800080225200A150D73AE25482235B00E254CE
:10409000FEF7AFFCACAF0110BAAF011050B0011089
:1040A00058B00110B0AD0110B2AD01101121F2688D
:1040B00001F028FE80235B003700E358D84D0EE066
:1040C0001A008021531C49006350A65482225200DA
:1040D000A654D44A0135954201D100F059FC2E78FE
:1040E000FF2BEDD10022E25486235B00E258043B13
:1040F000E358FF212000984794225200A35801352D
:104100000133A3508023283A5B00FF3AE250043386
:104110002670E654C34B9D4201D100F039FC2E7845
:10412000CFE71121F26801F0EDFD80235B00E35839
:10413000BD4D0EE01A008021531C49006350A65467
:1041400082225200A654B94A0135954201D1FEF7A8
:1041500050FC2E78FF2BEDD10022E25486235B0029
:10416000E258043BE358FF21200098479422520074
:10417000A35801350133A3508023283A5B00FF3A4E
:10418000E25004332670E654A84BAB4201D1FEF74F
:1041900030FC2E78CFE7F1684A68002A01D1FEF79B
:1041A00028FC80230D685B00C35857190DE01A00E6
:1041B0008021531C49006350A654822201355200CD
:1041C000A654AF4201D1FEF714FC2E78FF2BEED19E
:1041D0000022E25486235B00E258043BE358FF21AF
:1041E0002000984794225200A35801350133A35070
:1041F0008023283A5B00FF3AE25004332670E654ED
:10420000BD4201D1FEF7F5FB2E78D1E780235B009C
:104210003700C358864D0DE01A008021531C490019
:104220006350A65482225200A654824A0135954218
:1042300000D1A6E32E78FF2BEED10022E254862394
:104240005B00E258043BE358FF212000984794228A
:104250005200A35801350133A3508023283A5B0054
:10426000FF3AE25004332670E654724BAB4200D161
:1042700087E32E78D1E780235B003700C3586E4D6B
:104280000DE01A008021531C49006350A65482227D
:104290005200A654694A0135AA4200D133E32E7870
:1042A000FF2BEED10022E25486235B00E258043B50
:1042B000E358FF212000984794225200A35801356B
:1042C0000133A3508023283A5B00FF3AE2500433C5
:1042D0002670E654594BAB4200D114E32E78D1E757
:1042E00080235B003700C358554D0DE01A00802134
:1042F000531C49006350A65482225200A654514ACE
:104300000135954200D1F7E22E78FF2BEED1002245
:10431000E25486235B00E258043BE358FF2120006F
:10432000984794225200A35801350133A3508023AB
:10433000283A5B00FF3AE25004332670E654414BC2
:104340009D4200D1D8E22E78D1E78A2308AA5B00EB
:10435000C158C2500023914601220A931133FF3302
:10436000C3588B460B9301250B1E94460891099662
:1043700001D101F0F8FBC846824601961DE09A681B
:10438000002A17D1032D01D901F06CF942461E0015
:104390002901521891CE91C23668404616608A268D
:1043A000524676009259013542505246414491514D
:1043B00062469A601B68002B04D05A681278193A3A
:1043C000022ADCD95446019E11213269200001F0F5
:1043D00099FC8A235A465B00E2504B469B68002BAF
:1043E00001D0FEF706FB012D0FD9230034001E007B
:1043F000013D2B014B44112130005A6801F0B4FCFF
:10440000012DF5D1330026001C008A235B00320009
:1044100011212000E35802F01DFBFEF7EAFAC04626
:1044200070B001107AB00110C8AF0110CBAF01100D
:104430002CAF01103DAF01100CAF011021AF0110E6
:10444000F0AE011009AF0110F268002A1AD08A27D5
:104450007F00C35908AD089300230A931133FF333B
:10446000C3581121C5510B93099601F04BFC089BD1
:10447000E3510A9B002B01D0FEF7BBFA202120005C
:10448000FBF7F0FF8A235B00320011212000E35884
:1044900002F01CF8FEF7ADFA80235B00C358F56804
:1044A000FF2B01D101F026F8591C80225200A150A7
:1044B000E55482235B00E554FEF79BFA1121F26874
:1044C00001F020FC80235B003700E358E04D0DE055
:1044D0001A008021531C49006350A65482225200C6
:1044E000A654DC4A0135954200D1B8E22E78FF2B64
:1044F000EED10022E25486235B00E258043BE358ED
:10450000FF212000984794225200A358013501331F
:10451000A3508023283A5B00FF3AE2500433267010
:10452000E654CC4BAB4200D199E22E78D1E7112171
:10453000F26801F0E7FB80235B003700E358C64DCB
:104540000DE01A008021531C49006350A6548222BA
:104550005200A654C14A0135AA4200D11FE22E786A
:10456000FF2BEED10022E25486235B00E258043B8D
:10457000E358FF212000984794225200A3580135A8
:104580000133A3508023283A5B00FF3AE250043302
:104590002670E654B14BAB4200D100E22E78D1E751
:1045A00080235B003700C358AD4D0DE01A00802119
:1045B000531C49006350A65482225200A654A94AB3
:1045C0000135954200D101E22E78FF2BEED1002279
:1045D000E25486235B00E258043BE358FF212000AD
:1045E000984794225200A35801350133A3508023E9
:1045F000283A5B00FF3AE25004332670E654994BA8
:10460000AB4200D1E2E12E78D1E7F268964908A8E2
:10461000F3F7B4FE08A805F003FC002801D1FEF76B
:10462000E8F9802308AD5B00E3582F180DE01A006D
:104630008021531C49006350A65482220135520048
:10464000A654BD4201D1FEF7D4F92E78FF2BEED14E
:104650000022E25486235B00E258043BE358FF212A
:104660002000984794225200A35801350133A350EB
:104670008023283A5B00FF3AE25004332670E65468
:10468000BD4201D1FEF7B5F92E78D1E75246069228
:10469000882206AB5200A3502B6907951A785E2A30
:1046A00000D076E4DA682A613269DA601A00336190
:1046B00070E43E00FFF7F7FB4646FFF795FB3E0030
:1046C000FEF713FE11212000FA6801F01BFBFEF734
:1046D00090F980235B00E358591CFF2B01D100F0B7
:1046E00090FF80225200A150C23AE25482235B0024
:1046F000E254FEF77EF911212000FA6801F002FB76
:10470000FEF777F911212000FA6801F0FBFAFEF7B5
:1047100070F911212000FA6801F0F4FAFEF769F946
:1047200011212000FA6801F0EDFAFEF762F911217B
:104730002000FA6801F0E6FAFEF75BF9112120008B
:10474000FA6801F0DFFAFEF754F911212000FA6847
:1047500001F0D8FAFEF74DF911212000FA6801F0B6
:10476000D1FAFEF746F911212000FA6801F0CAFAE1
:10477000FEF73FF911212000FA6801F0C3FAFEF7B5
:1047800038F9FA683849013208A8F3F7F7FD08A8A4
:1047900005F046FB80235B00E358002800D105E2CA
:1047A00008AD2F180CE01A008021531C49006350FB
:1047B000A654822201355200A654AF4200D1F5E141
:1047C0002E78FF2BEFD10022E25486235B00E258C3
:1047D000043BE358FF212000984794225200A3583D
:1047E00001350133A3502670AF4201D100F0E4FF40
:1047F000283A2E78FF3AD7E711212000FA6801F015
:1048000081FAFEF7F6F811212000FA6801F07AFA31
:10481000FEF7EFF8112120003A6901F073FAFEF774
:10482000E8F8464675682B78613B192B01D800F0F3
:1048300023FC7B1EE95C3A00202900D11A00002AE3
:1048400001D1FEF7D6F880235B00E358AF181BE0D8
:1048500038B0011040B00110A8AD0110ADAD01108D
:10486000DCAF0110F9AF011040AD01101A0080213A
:10487000531C49006350A654822201355200A654AD
:10488000AF4201D1FEF7B5F82E78FF2BEED1002212
:10489000E25486235B00E258043BE358FF212000EA
:1048A000984794225200A35801350133A350802326
:1048B000283A5B00FF3AE25004332670E654AF42D8
:1048C00001D1FEF796F82E78D1E711212000FA6881
:1048D00001F018FA80235B00E358FF2B01D100F0B0
:1048E00094FD591C80225200A150D73AE2548223F1
:1048F0005B00E254FEF77DF811212000FA6801F018
:1049000001FAFEF776F8112120003A6901F0FAF970
:1049100080235B00E358E84D0CE01A008021531C13
:1049200049006350A65482225200A654E34A01353E
:10493000AA421FD02E78FF2BEFD10022E25486230B
:104940005B00E258043BE358FF2120009847942283
:104950005200A35801350133A3508023283A5B004D
:10496000FF3AE25004332670E654D44BAB4201D0F8
:104970002E78D3E711212000FA6801F0C3F9FEF781
:1049800038F811212000FA6801F0BCF9FEF731F87F
:10499000112120003A6901F0B5F9FEF72AF811213A
:1049A00020003A6901F0AEF980235B00E358FF2B49
:1049B00001D100F08CFD591C80225200A150A33A75
:1049C000E25482235B00E254FEF713F81121200029
:1049D000FA6801F097F9FEF70CF811212000FA6847
:1049E00001F090F9FEF705F811212000FA6801F0B6
:1049F00089F980235B00E358B14D0EE01A00802155
:104A0000531C49006350A65482225200A654AD4A5A
:104A10000135AA4201D1FDF7ECFF2E78FF2BEDD135
:104A20000022E25486235B00E258043BE358FF2156
:104A30002000984794225200A35801350133A35017
:104A40008023283A5B00FF3AE25004332670E65494
:104A50009C4BAB4201D1FDF7CCFF2E78CFE7112163
:104A600020003A6901F04EF980235B00E358FF2BE8
:104A700001D100F0B7FC591C80225200A150A33A8A
:104A8000E25482235B00E254FDF7B3FF4646102355
:104A9000F25E8D4908A8F3F771FC08A805F0C0F98B
:104AA000002832D0802308AD5B00B046E3582F18B1
:104AB0000BE01A008021531C49006350A654822247
:104AC00001355200A654AF421ED02E78FF2BF0D1F4
:104AD0000022E25486235B00E258043BE358FF21A6
:104AE0002000984794225200A35801350133A35067
:104AF0008023283A5B00FF3AE25004332670E654E4
:104B0000AF4201D02E78D5E74646B57C002D01D1C5
:104B1000FDF76FFF80235B00E358FF2B01D100F00E
:104B2000A8FF8022591C5200A150E55482235B004B
:104B3000E554FDF75EFFFF2B01D100F041FC591C4D
:104B400080225200A150A33AE25482235B00E25437
:104B5000FDF74FFF11212000FA6801F0D3F8FDF7AF
:104B600048FFA4235B00E358FA68002B06D0882096
:104B70004000255808A908952150099311212000CB
:104B800001F0C0F8A4235B00E358002B01D1FDF72E
:104B900030FF8823089A5B00E250FDF72AFF3200BD
:104BA0001121200001F0E0F8FDF743FFFF2B0AD0B0
:104BB000591C80225200A150833AE25482235B00A8
:104BC000E254FDF716FF0022E25486235B00E25810
:104BD000043BFF21E3582000984794225200A35839
:104BE00001210133A3500023E3E790225200A15892
:104BF000FD6802910021A15007911131FF316058E9
:104C000006AA3E0006906250002D04D0297859294A
:104C100001D100F0EAFD08A989462B4901228B4603
:104C2000902149006250FF2B54D05A1C80277F00EE
:104C3000E2512822E25482235B00E25411212A002F
:104C4000200001F05FF89023029A5B00E250069A80
:104C5000103BE2501D4DE35937000CE01A00802153
:104C6000531C49006350A65482225200A654184A8D
:104C70000135954241D02E78FF2BEFD10022E2542E
:104C800086235B00E258043BE358FF21200098474D
:104C900094225200A35801350133A3508023283AAF
:104CA0005B00FF3AE25004332670E654084BAB42F7
:104CB00023D02E78D3E7C04624AF011029AF0110CE
:104CC00068B001106EB0011040AD011024B00110A9
:104CD00026B001100022E25486235B00E258043B18
:104CE000E358FF212000984794225200A358013333
:104CF000A350283A0023FF3A98E74D463A695946AF
:104D000001322800F3F73AFB280005F089F88023E8
:104D10005B00E358002829D02F180BE01A008021EF
:104D2000531C49006350A654822201355200A654F8
:104D3000BD421BD02E78FF2BF0D10022E2548623F7
:104D40005B00E258043BE358FF212000984794227F
:104D50005200A35801350133A3502670AF4201D150
:104D600000F02DFD283A2E78FF3AD8E7FF2B0AD025
:104D7000591C80225200A150833AE25482235B00E6
:104D8000E254FDF736FE0022E25486235B00E2582F
:104D9000043BFF21E3582000984794225200A35877
:104DA00001210133A3500023E3E780225200A258DF
:104DB000FF2A01D100F005FE531C802149006350F9
:104DC0002023A35482225200A354112120002A68D8
:104DD00000F0CAFFFFF7F2F820001121F26802F09C
:104DE000A9F92000D849FBF7ABFBFDF702FEC2682A
:104DF00008918A2108AB490063505E60190099460A
:104E000000238B600B006146D960002A01D0FDF7BA
:104E100006FEFDF703FE52277F42B8469044474600
:104E2000012F01D9FFF7ADF8ED68002D00D19CE00E
:104E30004A461033042A00D197E03200FFF786F883
:104E4000002B00D1AEE180235B003700C358BF4D7B
:104E50000DE01A008021531C49006350A6548222A1
:104E60005200A654BA4A0135AA4200D1BBE12E78BD
:104E7000FF2BEED10022E25486235B00E258043B74
:104E8000E358FF212000984794225200A35801358F
:104E90000133A3508023283A5B00FF3AE2500433E9
:104EA0002670E654AA4BAB4200D19CE12E78D1E7A4
:104EB000A849FBF745FB2A00A74908A8F3F75EFAC3
:104EC00008A804F0ADFF80235B00E358002859D008
:104ED00008AD2F180BE01A008021531C49006350C5
:104EE000A654822201355200A654AF424AD02E78F1
:104EF000FF2BF0D10022E25486235B00E258043BF2
:104F0000E358FF212000984794225200A35801350E
:104F10000133A3502670BD4201D100F0A7FD283A0D
:104F20002E78FF3AD8E70025FDF744FE52390129D3
:104F300000D993E34B46042B16D0340010361022D0
:104F400021003000F1F77CFE8A2253465200BE5009
:104F50000022E3604B466560A260ED68013399462C
:104F60002461002D00D06DE33C008C2301225B0006
:104F7000E250FDF73EFD562901D0FDF7B6FD3A257A
:104F8000FDF7A4FDFF2B01D100F02DFD8022591C5F
:104F90005200A150833AE25482235B00E254FDF7B1
:104FA00028FDFB681E6833781A00613A612B05D131
:104FB00071780A00643A642900D1B2782978002A0D
:104FC00003D1032901D100F0B3FD3A2901D100F04A
:104FD000BEFD732B15D172785A2A01D000F015FD51
:104FE000B278002A01D000F010FD29002000FBF764
:104FF0007BFAFBF7BDF901002000FBF70BFBFDF787
:10500000F8FC3A001121200001F02CFE3378672BC8
:105010000CD17278732A09D1B278002A06D12A00FD
:105020001121200000F06EFEFDF7E3FC732B31D15F
:105030007278742A2ED1B278002A2BD12000282130
:10504000FBF710FA20002A00112100F05BFE292155
:105050002000FBF707FAFDF7CCFCEC3308AEE25872
:105060000433E158E65000230891B1467060B36004
:10507000F2600600FDF7D2FC20212000FBF7F2F9D8
:105080007568FFF7D6FB32001121200000F06CFE9E
:10509000FDF777FD6E2B01D0FDF710FE7378782BAE
:1050A00001D0FDF70BFEB378002BC7D0FDF706FE4D
:1050B0002821FBF7D7F920001121FA6800F022FE21
:1050C00029212000FBF7CEF9FDF7F8FD234B9200D4
:1050D000D558280004F0A4FE002801D1FEF782FA7A
:1050E00080235B00E3582F180DE01A008021531C29
:1050F00049006350A654822201355200A654AF42A3
:1051000001D1FEF76FFA2E78FF2BEED10022E25488
:1051100086235B00E258043BE358FF2120009847B8
:1051200094225200A35801350133A3508023283A1A
:105130005B00FF3AE25004332670E654AF4201D1DF
:10514000FEF750FA2E78D1E7C8AF0110CCAD0110B0
:10515000D1AD0110D4AF011040AD011058D50110F0
:10516000072D01D0FDF726FD33691A78002A01D0FA
:10517000FDF720FD1A69012A01D0FDF71BFD3E292C
:1051800001D0FDF717FDDB681B78302B01D100F053
:10519000A8FD312B01D0FDF70DFDEA49FBF7D0F951
:1051A000FDF727FC3100FBF77FF9002801D1FDF75F
:1051B0001CFC0378302B09D1F433E158002905DBBE
:1051C000FBF7E6F8002801D1FDF70FFC88256D00FC
:1051D00066590200336811212000635100F092FDEE
:1051E0006651FDF706FCFA68D749013208A8F3F7C3
:1051F000C5F808A804F014FE002801D1FDF7F9FB5A
:10520000802308AD5B00E3582F180DE01A008021C1
:10521000531C49006350A654822201355200A65403
:10522000AF4201D1FDF7E5FB2E78FF2BEED1002236
:10523000E25486235B00E258043BE358FF21200040
:10524000984794225200A35801350133A35080237C
:10525000283A5B00FF3AE25004332670E654AF422E
:1052600001D1FDF7C6FB2E78D1E711212000F268AD
:1052700000F048FDFDF7BDFB002901D0FEF731F835
:10528000FDF7B7FB0027862367545B00E258043B19
:10529000E3582000984794225200A35867510133E5
:1052A000A350FDF739FC8A235B00E158043BE35827
:1052B0009C463378302B01D0FDF7CFFC8A2308AA17
:1052C0005B00E25000230891914650600A9313005E
:1052D00062460600DA60FDF7A1FB0022C254862375
:1052E0005B00C258043BFF21C358984794225200E8
:1052F000A35801210133A3500023FEF7DDFC002257
:10530000E25486235B00E258043BFF21E35820006F
:10531000984794225200A35801210133A35000233F
:10532000FEF7AEFE0022E25486235B00E258043B07
:10533000E358FF212000984794225200A3580133DC
:10534000A350283A0023FF3AFEF787FE0022E254DA
:1053500086235B00E258043BFF21E3582000984776
:1053600094225200A35801210133A3500023FDF7DA
:10537000E7FC0022E25486235B00E258043BE3583A
:10538000FF212000984794225200A3580133A350D4
:10539000283A0023FF3AFDF7C0FC0022C2548623BE
:1053A0005B00C258043BC358FF2198479422520027
:1053B000A3580133A350283A0023FF3AFEF76BFDB0
:1053C000E65486235B00E258043BFF21E3582000AB
:1053D000984794225200A35801210133A35000237F
:1053E000FFF7AEFB0022E25486235B00E258043B49
:1053F000FF21E3582000984794225200A35801212E
:105400000133A3500023FFF737FB0022E254862329
:105410005B00E258043BFF21E358200098479422A8
:105420005200A35801210133A3500023FFF75AFA79
:105430009021002049006258FD6802926050079058
:105440001130FF303E00275806AA06972250002D43
:1054500003D02878592800D1C7E108AA91463A4AD2
:10546000635093460123FFF7E0FB0022E2548623BA
:105470005B00E258043BFF21E35820009847942248
:105480005200A35801210133A3500023FEF7FDFB76
:1054900020212000FAF7E6FFFEF7EFFB0022E2549E
:1054A00086235B00E258043BFF21E3582000984725
:1054B00094225200A35801210133A3500023FEF788
:1054C000CAFB20212000FAF7CDFFFEF7BCFB00222B
:1054D000E25486235B00E258043BFF21E35820009E
:1054E000984794225200A35801210133A35000236E
:1054F000FFF762FA0022C25486235B00C258043BC5
:10550000FF21C358984794225200A3580121013328
:10551000A3500023FEF7C9FF20000C49FBF710F849
:1055200032690949013208A8F2F728FF08A804F0F7
:1055300077FC002838D0802308AD5B00B046E358E4
:105540002F1811E0A4AF011040AD0110B8AD01104B
:105550001A008021531C49006350A6548222013551
:105560005200A654BD421ED02E78FF2BF0D100224F
:10557000E25486235B00E258043BE358FF212000FD
:10558000984794225200A35801350133A350802339
:10559000283A5B00FF3AE25004332670E654AF42EB
:1055A00001D02E78D5E746462000DE49FAF7C8FF3D
:1055B000F668FDF76DFB0022E25486235B00E2589B
:1055C000043BFF21E3582000984794225200A3583F
:1055D00001210133A3500023FDF782FB0022C254B6
:1055E00086235B00C258043BC358FF21984794228E
:1055F0005200A3580133A350283A0023FF3AFEF784
:10560000E5FB0022E25486235B00E258043BFF21C5
:10561000E3582000984794225200A35801210133F7
:10562000A3500023FFF75DF82D692B78492B00D19B
:1056300042E24B461A01082327005B4206A95B1889
:10564000B0469E182A784F2A00D173E411004F2AE1
:1056500000D96BE41C39052900D86BE446463C00B0
:10566000FEF794FC8C2354465B000132E250FDF7B8
:10567000C0F920005B21FAF7F5FE20001121326904
:1056800000F040FB5D212000FAF7ECFEFDF7B1F9D8
:105690002D212000FAF7E6FEFDF7B4FA0022E254CD
:1056A00086235B00E258043BFF21E3582000984723
:1056B00094225200A35801210133A3500023FDF787
:1056C00094FA0022E25486235B00E258043BE3583C
:1056D000FF212000984794225200A3580133A35081
:1056E000283A0023FF3AFDF76DFA3033FF33E558CF
:1056F000002D00DC8DE2043BE158002304E001337F
:105700000831AB4200D184E20A689042F7D1962377
:105710005B00E5582B1E04D1BDE15B68002B00D176
:10572000B9E11A68824203D0B242F6D19D42F4D068
:1057300001002000FAF7B8FE002801D1FDF755F965
:1057400003784D46302B01D0FDF774FAF433E1585D
:10575000002900DAA7E5FAF71BFE002801D1FDF7C2
:105760003EF90378FDF766FA1B78190072390129B2
:1057700004D9633B012B01D9FEF788F820001121E1
:1057800001F070FA20003C21FAF76CFE336920002A
:10579000DA68112100F0B6FA20006349FAF7D0FE6A
:1057A0003369200011211A6900F0ACFA2921200088
:1057B000FAF758FEFDF71DF90123FFF7F9F9012368
:1057C000FFF7D6FA0022E25486235B00E258043B3E
:1057D000FF21E3582000984794225200A35801214A
:1057E0000133A3500023FDF779F955603C212000D7
:1057F000FAF738FE08AA9146EB684C4A9A46934657
:10580000002B77D04A4B04950393059690214900CD
:1058100063585A1C6250002B00D0BBE05246112145
:10582000200000F06FFA80235B00E358FF2B00D1CB
:10583000B5E05E1C80225200A650E03AE25482237A
:105840005B00E25453461B785D2B03D15346DB6863
:105850009A461B7890225200A2585A3B013A019274
:10586000022B54D98C2301225B00E2505946484652
:10587000019AF2F783FD484604F0D2FA002832D0AC
:10588000802302005B004A444D461700E3580BE0BA
:105890001A008021531C49006350A654822201350E
:1058A0005200A654AF421ED02E78FF2BF0D100221A
:1058B000E25486235B00E258043BE358FF212000BA
:1058C000984794225200A35801350133A350012375
:1058D000283AA3500433FF332670E654AF4202D077
:1058E0002E78FF3AD5E753461B699A46002B8DD197
:1058F000049D059E3E212000FAF7B4FD90235B0035
:10590000E258203B2D69E3580132FFF789F9094A33
:105910009B009D58280004F083FA2B189846002815
:1059200016D1A3E7C8AD011074AF011040AD01104E
:10593000B0AD011058D50110330080225E1C52001A
:10594000A650E754822301355B00E754A8458DD06B
:105950002B781F00FF2EEFD10023A3550D33FF330B
:10596000E258043BE358FF2120009847942252005C
:10597000A35801350133A3500123283AA35004331F
:10598000FF332770E754A84500D16FE72B781F003D
:105990000123D2E720000399FAF7D2FD3EE7002267
:1059A000E25486235B00E258043BE358FF212000C9
:1059B000984794225200A35801260133A350002394
:1059C00038E7A35486235B00E258043BE358FF21E9
:1059D0002000984794225200A3580133A35001237A
:1059E0000022FFF7EAF900258622E5545200093328
:1059F000E358A258FF212000984794225200A35850
:105A00000133A3502B00FFF7C1FA732B01D0FFF72E
:105A1000F8FA7378502B01D0FFF7F3FAB378002B24
:105A200001D0FFF7EEFA002603E001362D69002DC4
:105A300078D02B78302B75D1EB68002B72D01A7888
:105A40004D2AF2D1D9682000FAF74EFD0023984282
:105A500007D109E0C268002A06D000690133002896
:105A600002D00278302AF5D0F618DFE70123FFF7DD
:105A70008DFA00268622E65452000933E358A258D4
:105A8000FF212000984794225200A3580133A350CD
:105A90003300FFF746F888235B00E25892464A68D5
:105AA0000100E2502000FAF7FFFC002801D1FCF7CA
:105AB00098FF0123994643E6ED68002D00D0B8E534
:105AC000FFF753FA3F2900D1F9E0023D11212000F0
:105AD0003269EDB200F016F9042D01D9FCF789FF07
:105AE000824BAD005B599F4620008149FAF728FDA3
:105AF000FCF77FFF20007F49FAF722FDFCF779FFD2
:105B00006C212000FAF7AEFCFCF773FF7521200032
:105B1000FAF7A8FCFCF76DFF20007749FAF710FDB3
:105B2000FCF767FF31002000FAF774FDFCF761FF16
:105B3000EA681178012901D0FFF74BFA2969097841
:105B40002A2901D0FFF745FA1500FFF742FA200095
:105B5000EA68293901F0EEFA3A001121200001F03B
:105B600081F8FCF746FF3269112100F0CBF88A2357
:105B70005A465B00E2504B469B68002B01D1FEF772
:105B800044FCFCF736FFDA689168012901D0FDF783
:105B900095FE526812783E2A01D0FDF78FFE200054
:105BA0002731FAF75FFCF368FDF788FE08AB089031
:105BB000A35009961A009860994688235B00E35821
:105BC000D360FCF72BFF20005B21FAF74BFC336915
:105BD000200011211A6900F095F85D212000FAF7E4
:105BE00041FCFDF798FE2A001121200001F03AF84F
:105BF000FDF78BFE13691B782A2B03D08C23012120
:105C00005B00E15011212000D26801F093FAFDF70A
:105C100068FE9C235B00E3589D422ADA98235B00D0
:105C2000E358EA009B189A21882249000135520066
:105C30006550A15801C3002948D03432A25835001C
:105C40009346A022520094460600A25828000EE077
:105C50009E256D006559D700ED1967460132E25166
:105C60004F686F601D6009682B0000292BD0934599
:105C7000EEDC8C2301225B00E250FCF7BAFE200030
:105C80001E49FAF75DFCF368002B08D011212000B3
:105C9000320001F04FFA20212000FAF7E3FB3A002E
:105CA0001121200000F02EF8019A002A01D1FCF702
:105CB000A0FE1121200001F03DFAFCF79AFE1239F6
:105CC000FAF7D0FB01E702003000160000220100C5
:105CD0001A602000FAF7E8FB002800D030E5FCF756
:105CE00084FE0749FAF72CFCFCF783FE00D4011070
:105CF00094AF011090AF011098AF011088AF011060
:105D00009CAF0110F0B50400150083B0002A24D028
:105D10005368012B21DC8E21802249004158D2009A
:105D200091421ADC8E26962701336B6076008359E8
:105D30007F0001338351C3592A0001936B4611211F
:105D4000C3510095FCF734FE019BE3516B68013BA6
:105D50006B60A359013BA35103E08C2301225B003C
:105D6000E25003B0F0BDC046F8B513780400033B21
:105D7000DBB21500502B18D8D14A9B00D3589F4650
:105D800011212000EA68FFF7BDFF80235B00E35884
:105D9000FF2B00D1E3E2591C80225200A150D73AD8
:105DA000E25482235B00E254F8BD2A001121200056
:105DB000FFF7A8FFF8E780235B00C358C14D0CE054
:105DC0001A008021531C49006350A65482225200BD
:105DD000A654BD4A0135AA42E6D02E78FF2BEFD15A
:105DE0000022E25486235B00E258043BE358FF2183
:105DF0002000984794225200A35801350133A35044
:105E00008023283A5B00FF3AE25004332670E654C0
:105E1000AD4B9D42C8D02E78D3E780235B00C3589A
:105E2000AA4D0CE01A008021531C49006350A6546F
:105E300082225200A654A64A0135AA42B4D02E7836
:105E4000FF2BEFD10022E25486235B00E258043B93
:105E5000E358FF212000984794225200A3580135AF
:105E60000133A3508023283A5B00FF3AE250043309
:105E70002670E654964BAB4296D02E78D3E780231B
:105E80005B00C358934D0DE01A008021531C49005C
:105E90006350A65482225200A6548F4A0135AA426A
:105EA00000D181E72E78FF2BEED10022E254862329
:105EB0005B00E258043BE358FF21200098479422FE
:105EC0005200A35801350133A3508023283A5B00C8
:105ED000FF3AE25004332670E6547F4BAB4200D1C8
:105EE00062E72E78D1E780235B00C358FF2B00D1F7
:105EF00057E2591C80225200A150DA3AE254822320
:105F00005B00E25450E780235B00C358734E0CE003
:105F10001A008021531C490063500431A754675470
:105F20006F490136B14200D101E232781700FF2BF0
:105F3000EED10022E25486235B00E258043BE35892
:105F4000FF212000984794225200A35801360133C4
:105F5000A3508023283A5B00FF3AE25004332770B5
:105F6000E7545F4BB34200D185E2337801221F0032
:105F7000CFE780235B00C258FF2A00D16AE2531C9E
:105F8000802149006350E039A15482225200A1547B
:105F9000544D0DE01A008021531C49006350A65453
:105FA00082225200A654504A0135AA4200D1FBE693
:105FB0002E78FF2BEED10022E25486235B00E258BC
:105FC000043BE358FF212000984794225200A35835
:105FD00001350133A3508023283A5B00FF3AE25099
:105FE00004332670E654404BAB4200D1DCE62E78F9
:105FF000D1E780235B00C358FF2B00D119E2591C65
:1060000080225200A150E03AE25482235B00E25425
:10601000112120002A69FFF775FEC5E680235B0089
:10602000C358FF2B00D1F3E1591C80225200A1502C
:10603000D63AE25482235B00E254B5E61121EA68C5
:10604000FFF760FEB0E680235B00C358A0E7802323
:106050005B00C358254D0DE01A008021531C4900F8
:106060006350A65482225200A654214A0135AA4206
:1060700000D199E62E78FF2BEED10022E254862340
:106080005B00E258043BE358FF212000984794222C
:106090005200A35801350133A3508023283A5B00F6
:1060A000FF3AE25004332670E654114B9D4200D172
:1060B0007AE62E78D1E780235B00C3580D4D29E0A6
:1060C00014D401107CB0011085B0011088B001100B
:1060D00091B0011094B001109AB00110BCB0011041
:1060E000C2B00110C4B00110C6B00110C8B0011098
:1060F000D1B00110D4B001101A008021531C490006
:106100006350A65482225200A654DE4A01359542BD
:1061100000D149E62E78FF2BEED10022E2548623EF
:106120005B00E258043BE358FF212000984794228B
:106130005200A35801350133A3508023283A5B0055
:10614000FF3AE25004332670E654CE4B9D4200D114
:106150002AE62E78D1E782235B00C35C282B00D08F
:106160000FE1EA6811212000FFF7CCFD80235B00DE
:10617000E358C54D0DE01A008021531C49006350BF
:10618000A65482225200A654C04A0135954200D13D
:106190000AE62E78FF2BEED10022E25486235B0024
:1061A000E258043BE358FF21200098479422520014
:1061B000A35801350133A3508023283A5B00FF3AEE
:1061C000E25004332670E654B04BAB4200D1EBE50D
:1061D0002E78D1E780235B00C358AD4E0DE01A0046
:1061E0008021531C49006350A75482225200A754B7
:1061F000A84A0136964200D1C2E532781700FF2B3B
:10620000EDD10022E25486235B00E258043BE358C0
:10621000FF212000984794225200A35801360133F1
:10622000A3508023283A5B00FF3AE25004332770E2
:10623000E754984BB34200D1A2E5337801221F0006
:10624000CEE780235B00C358934D0DE01A008021F8
:10625000531C49006350A65482225200A6548F4A10
:106260000135AA4200D19FE52E78FF2BEED1002206
:10627000E25486235B00E258043BE358FF212000F0
:10628000984794225200A35801350133A35080232C
:10629000283A5B00FF3AE25004332670E6547F4B05
:1062A000AB4200D180E52E78D1E780235B00C35854
:1062B0007B4E0BE01A008021531C490063500431CF
:1062C000A754675477490136B14230D0327817006D
:1062D000FF2BEFD10022E25486235B00E258043BFF
:1062E000E358FF212000984794225200A35801361A
:1062F0000133A3508023283A5B00FF3AE250043375
:106300002770E754674B9E4200D1B4E033780122F6
:106310001F00D0E7802149004258FF2A66D0531C55
:106320004350E0398154822252008154DEE52969CC
:10633000002900D138E5FF2B45D0023280267600B7
:10634000A2512822E25482235B00E2541121200052
:106350002A69FFF7D7FCA359FF2B00D01BE50022C9
:10636000E25486235B00E258043BFF21E3582000FF
:10637000984794225200A35801210133A3500023CF
:106380000AE580235B00C358FF2B00D18CE0591C29
:1063900080225200A150E03AE25482235B00E25492
:1063A000DFE60022E25486235B00E258043BFF2133
:1063B000E3582000984794225200A358012101334A
:1063C000A350002396E50022E25486235B00E258A6
:1063D000043BE358FF212000984794225200A35821
:1063E0000133A350283A0023FF3AA7E70023835440
:1063F0000D33FF33C258043BC358FF219847942202
:106400005200A3580133A350202323701F3B70E593
:106410000022C25486235B00C258043BFF21C358AC
:10642000984794225200A35801210133A35000231E
:10643000FBE50022C25486235B00C258043BFF21C7
:10644000C358984794225200A35801210133A35006
:106450000023D5E5002383540D33FF33C258043B9A
:10646000C358FF21984794225200A3580133A350E8
:106470000123002284E52B69002B00D194E4002243
:1064800001235AE7DFB00110E0B00110E3B00110C2
:10649000E4B00110EEB001109CB00110ADB00110DD
:1064A000B0B00110B9B001100022C25486235B00C5
:1064B000C258043BFF21C358984794225200A35866
:1064C00001210133A350002362E7C046F0B54646E0
:1064D000D6464F460400C0B590461E1E00D13AE194
:1064E0001A009E4B00279C469368002B17D15368D7
:1064F0001B78193BDBB2132B0ED8012561469D405A
:106500000D4200D072E0E02149010D4200D0C7E009
:10651000083B5D426B411F431268002AE4D18A2385
:106520005B00E2581121914600222000E250002336
:10653000320000F017F980235B00E258FF2A43D0B5
:10654000531C802149006350D839A1548222520043
:10655000A154002F00D072E043461A69002A03D0EC
:1065600011212000FFF7CEFB80235B00E358FF2BB7
:1065700018D0591C80225200A150D73AE2548223ED
:106580005B00E254043B320011212000FF3B00F08D
:10659000E9F88A234A465B00E250E0BCBA46B146BD
:1065A000A846F0BD0022E25486235B00E258043B7B
:1065B000FF21E3582000984794225200A35801215C
:1065C0000133A3500023D5E70023A3540D33FF3339
:1065D000E258043BE358FF212000984794225200E0
:1065E000A3580133A35001230022AAE782235B00B2
:1065F000E25C802149006358202A5ED1FF2B68D0DD
:106600005A1C80256D0062512822E25482235B00CF
:10661000E2541033E2581121914600222000E2504A
:106620000023320000F09EF86359FF2B6CD0292123
:106630005A1C6251E15482235B00E1547EE7484DCD
:10664000B2466F1D0BE01A008021531C49006350B5
:10665000A654822201355200A654AF421ED02E7895
:10666000FF2BF0D10022E25486235B00E258043B6A
:10667000E358FF212000984794225200A358013587
:106680000133A3508023283A5B00FF3AE2500433E1
:106690002670E654AF422FD02E78D5E756465BE7FA
:1066A00082235B00E25C033B1100FF3B99432829F6
:1066B0009FD180235B00E358A0E7FF2B38D05A1C02
:1066C0006250E039E15482235B00E1541300FF2B58
:1066D00096D10022E25486235B00E258043BE35843
:1066E000FF212000984794225200A3580133A35061
:1066F000283A0023FF3A84E743461A695646002A9F
:1067000000D02DE7012334E70022E25486235B000A
:10671000E258043BE358FF2120009847942252009E
:10672000A3580133A3502923283A2370FF3A07E7DF
:106730000022E25486235B00E258043BE358FF2129
:106740002000984794225200A3580133A3502023DD
:1067500023701F3B54E70027E1E6C04607620800AC
:10676000F0B00110F0B5D6464F464646C0B505001C
:10677000140088B0002A40D01E008C2388275B00BC
:1067800098467F0017E01C39052911D90121A16025
:10679000E9598946E168E9512A2B27D02B2B32D0C1
:1067A000022B38D011212800FFF7DEFA4B46EB51BF
:1067B0002468002C21D04346EB58002B1DD1A36840
:1067C000002BF5D162681378002EDFD14F2BEFD06C
:1067D00019004F2BD7D952390129E9D90121A160DC
:1067E000E9598946E168E9512A2BD7D14E46112152
:1067F00028002368FFF76AFEEE5108B0E0BCBA46F5
:10680000B146A846F0BD4E4611212800236800F08D
:1068100021F9EE51F1E78A277F00EB59D2689846BB
:1068200000231121EB512800FFF76CFA4346EB518E
:10683000844F8023BA1C904686225B0052004E464D
:10684000A2469146EB580BE01A008021531C4900E8
:106850006B50AC54822201375200AC5447451ED0D5
:106860003C78FF2BF0D10022EA544B46EA588423AF
:106870005B00EB58FF212800984794225200AB5848
:1068800001370133AB508023283A5B00FF3AEA50CE
:1068900004332C70EC5447451CD03C78D5E7544663
:1068A000626817693A78492A17D04F2A0FD00BD857
:1068B0001C3A052A0BD93A0011212800FFF722FAC9
:1068C00088235B00EE5098E7523A012AF3D8FF681C
:1068D0003A78EAE754460123E2E73C3A90465A4CBC
:1068E000FF32BA4691463700A0440BE01A008021DF
:1068F000531C49006B50AE54822201345200AE54F6
:1069000044451ED02678FF2BF0D10022EA544B4696
:10691000EA5884235B00EB58FF2128009847942213
:106920005200AB5801340133AB508023283A5B004E
:10693000FF3AEA5004332E70EE54A04501D0267879
:10694000D5E73E0057463A694049013201A8F1F7C0
:1069500015FD01A803F064FA80235B00EB580028C2
:1069600035D08046862201ACA0445200474691466D
:10697000B0460BE01A008021531C49006B50AE5406
:10698000822201345200AE54BC421ED02678FF2B26
:10699000F0D10022EA544B46EA5884235B00EB58BE
:1069A000FF212800984794225200AB58013401334C
:1069B000AB508023283A5B00FF3AEA5004332E7034
:1069C000EE54BC423AD02678D5E746465746204C8E
:1069D000BA46E21C904686225200914637000BE0F0
:1069E0001A008021531C49006B50AE54822201349E
:1069F0005200AE54A0451ED02678FF2BF0D10022C5
:106A0000EA544B46EA5884235B00EB58FF212800E8
:106A1000984794225200AB5801340133AB50802385
:106A2000283A5B00FF3AEA5004332E70EE54444596
:106A300001D02678D5E73E00574648E746465746F8
:106A40000123C4E7B4AD0110B8AD011040AD011091
:106A5000C8AD0110F0B5C646160004001A0000B516
:106A6000002B0AD0996800294AD01B68002BF9D165
:106A7000002311212000FFF775FE80235B00E358FF
:106A8000FF2B69D080215A1C49006250E039E15443
:106A900082235B00E154FF2A40D08021531C49002F
:106AA0006350A539A15482225200A154F268002AF1
:106AB00006D011212000FFF725F980235B00E35861
:106AC000FF2B0BD0591C80225200A150A33AE25454
:106AD00082235B00E25480BCB846F0BD0022E25441
:106AE00086235B00E258043BFF21E35820009847CF
:106AF00094225200A35801210133A3500023E2E75E
:106B00005B681B782B2B48D1002320001131FFF745
:106B100029FE80235B00E258FF2ABED10023A35444
:106B20000D33FF33E258043BE358FF212000984720
:106B300094225200A3580133A3508023283A5B00CB
:106B4000FF3AE2500432A53BFF322370A354F268AF
:106B5000002AAED10123B5E70022E25486235B0070
:106B6000E258043BE358FF2120009847942252004A
:106B7000A3580133A3508023273A5B00FF3AE25029
:106B8000344B5932238082235B00E254F268002A9E
:106B900000D08EE7033BFF3B94E780235B00370088
:106BA0009046E3582C4D0CE01A008021531C4900FC
:106BB0006350A65482225200A654284A01359542B9
:106BC0001FD02E78FF2BEFD10022E25486235B00EA
:106BD000E258043BE358FF212000984794225200DA
:106BE000A35801350133A3508023283A5B00FF3AB4
:106BF000E25004332670E654184BAB4201D02E7895
:106C0000D3E74246112100232000FFF7ABFD80218E
:106C1000490062583E00FF2A07D0531C63502921C7
:106C2000A15482225200A1542AE70023A3540D3319
:106C3000FF33E258043BE358FF2120009847942299
:106C40005200A3580133A350054B273A2380FF3A43
:106C500023E7C046205B0000C4AF0110C6AF01109F
:106C600029200000F8B513780400332B03D011213C
:106C7000FFF748F8F8BDD2689768002FFAD055683A
:106C8000CD33C3587F190BE01A008021531C4900F3
:106C90006350A654822201355200A654BD42E9D069
:106CA0002E78FF2BF0D10022E25486235B00E258BD
:106CB000043BE358FF212000984794225200A35838
:106CC00001350133A3508023283A5B00FF3AE2509C
:106CD00004332670E654AF42CCD02E78D5E7C046B8
:106CE000F0B557464546DE464E46E0B5EBB0037874
:106CF00000AF04009046F9605F2B00D13BE1082211
:106D00002000A64902F004FF002800D1C6E00022BE
:106D10000023934601223A655A42534146333B6170
:106D2000112399465B46023BDBB2C2467B613BE0E6
:106D30007B69012B00D999E00B239846A044434678
:106D40007B62E37A5F2B03D1237B5A2B00D195E042
:106D5000002A00D100E1404603F062F8002301223E
:106D60007360B360FA62002800D1F5E033704346E7
:106D70003061F36018200023320039693818F9F7C0
:106D80009FF90600404603F04BF8404478620378D0
:106D9000002B02D1002E00D002E13B6D013300D068
:106DA000E5E000233B65AD46200003F039F82318E9
:106DB000FB614B463B620023FB62BB633B647B642D
:106DC000BB64FB647B6580234200BC617C623A63E8
:106DD000F8631B019A4200D9C0E06D468300181881
:106DE000C000291A8D460733DB08DB00CB1A6E463C
:106DF0009D467B635B46BE62012B99D123785F2B56
:106E0000CBD163785A2BC8D1A31C7B62A378472BC4
:106E100002D0542B00D096E01823F818FBF7FCFAA8
:106E200006007A6A396A1378C907B1D50021884605
:106E30002E2BADD110003200BD607C60437819006C
:106E40006139192905D95F2B03D0303B092B00D9B3
:106E50009DE0851C2B7819006139192904D931313D
:106E6000092901D95F2B38D10135F3E71823F81828
:106E7000F9F780FD7B6A06001B7889E723000D3354
:106E80007B62637B472B01D0542B1DD11823F8184C
:106E9000FBF7C2FA7B6A060098466BE7237A2E2B33
:106EA00004D05F2B02D0242B00D030E7637A442B30
:106EB00000D137E1492B00D029E7A37A5F3B5A4242
:106EC00053415A00934625E718230021F818FBF791
:106ED0000FFA7B6A060098464CE72E2B11D16B788F
:106EE000303B092B0DD8AB78023519003039092910
:106EF000F3D86B780135190030390929F9D92E2BCF
:106F0000EDD0F96A3B6B7D62994223DA8B00BC6A53
:106F10005B189B00E318444601315C609C602E1AAC
:106F2000F962002E16DD5C609C601C70D8601E61EA
:106F3000182050213818F9F7C3F82B7802002E2BAF
:106F400021D128007AE718230121F818FBF7D0F99E
:106F5000060066E70023EBE700260BE70020BD46AE
:106F60006BB0F0BCBB46B246A946A046F0BDA946F0
:106F70000020CD46F3E743785A2B00D0BFE601222C
:106F800000239346C6E60600BD687C6800E77B6A7E
:106F90001600BD687C681B78FAE6C04644AD011057
:106FA000D0469A46A023182452465B001B19FA507B
:106FB00040228223504611195B00C919C854111987
:106FC0000C33C919C85011190433C919C850111903
:106FD0001033C919C85011190433C919C850F868B9
:106FE0001119203BC919C850404611190433C91959
:106FF000C850514610001219D2190C33A946350059
:107000002600D15090230534FF34115182195B00C2
:107010008619D219D150F2190C33D150F219043318
:10702000D150182281181600CA1951460433D15084
:107030008119CA1951460433D1508119CA195146D0
:107040000433D150C0210022002349008919C919F5
:107050000CC18319D8192900F9F71EF932008023D1
:107060004032D21912591B019A4204DA4023524687
:107070001833DB191A51402018269C23A2218219AB
:107080005B00D219D25883194900DB195B58841967
:1070900053438019C01943500020E4190431605053
:1070A0006C46002A00DC01226946D2008A1A954605
:1070B000002B00DC01236946DB001826CB1A402197
:1070C0009D46982388195B00C019C25008008A1990
:1070D00069460C33D219D15083192A0011210500B9
:1070E000D819FEF70FFE8023AA195B00D219D158D8
:1070F0000023AA19D219A54653540D33AA19FF33F8
:10710000D219A819D258C019043BC358A819C019DC
:1071100098478C23AA195B00D219D058CD46434218
:1071200058411CE7A37A5F2B00D0F0E5032200232F
:107130009346EFE5F0B5C64600B513780400150098
:1071400082B0012B03D9322B01D0062B40D16B68C2
:10715000012B35DC8E21802249006158D2009142FA
:107160002EDC012290468E26962701336B60760036
:10717000A3597F000133A351E3592A0001936B46C1
:107180001121E35120000095FBF712FC019BE35114
:107190006B68013B6B60A359013BA3514346002B35
:1071A00012D10133FF33E258FF2A2CD0511C802327
:1071B0005B00E150D73BA35482225200A35403E06A
:1071C0008C2301225B00E25002B080BCB846F0BDC7
:1071D000802149004358FF2B27D05A1C4250D839F0
:1071E000C15482235B00C1546B68012B06DC8E20E6
:1071F000802140002058C900884238DD8C230121BD
:107200005B00E150D0E70023A3540D33FF33E25875
:10721000043BFF21E3582000984794225200A358D2
:1072200001210133A3500022C1E70022C25486236A
:107230005B00C258043BFF21C35898479422520078
:10724000A35882210133A3508023283A5B00FF3AE0
:10725000E2504900D83B237063546B68012B09DC72
:107260008E20802140002058C900884202DC002284
:10727000904678E78C235B00E250012296E7C046F7
:10728000F8B5CE464746D36880B5DB6804001B6876
:1072900000201978662900D084E01269D168166947
:1072A0000F000021327889463D2A00D1C9E09222A0
:1072B0005200A158884601214942A1505B786C2BAD
:1072C00000D1C2E000D971E04C2B01D0522B64D127
:1072D00080235B00E358FF2B00D117E15A1C802567
:1072E0006D0062512822E25482235B00E254112196
:1072F00032002000FFF71EFF3A0011212000FFF7A7
:10730000B1FC63598B4D0DE01A008021531C4900DC
:107310006350A65482225200A654874A0135AA42DD
:1073200000D1C7E02E78FF2BEED10022E254862355
:107330005B00E258043BE358FF2120009847942269
:107340005200A35801350133A3508023283A5B0033
:10735000FF3AE25004332670E654774BAB4200D13B
:10736000A8E02E78D1E74E463A0011212000FFF721
:1073700079FC320011212000FFF7DCFE80235B0046
:10738000E358FF2B00D19CE0591C80225200A150F1
:10739000D73AE25482235B00E25492234246012012
:1073A0005B00E250C0BCB946B046F8BD722BF4D1C8
:1073B00080235B00E358FF2B00D194E05A1C80250A
:1073C0006D0062512822E25482235B00E2541121B5
:1073D00032002000FFF7AEFE3A0011212000FFF737
:1073E00041FC6359554D0CE01A008021531C4900A3
:1073F0006350A65482225200A654514A0135AA4233
:10740000CBD02E78FF2BEFD10022E25486235B00F5
:10741000E258043BE358FF21200098479422520091
:10742000A35801350133A3508023283A5B00FF3A6B
:10743000E25004332670E654414BAB42ADD02E7877
:10744000D3E73269F668914631E780235B00B146A5
:10745000E3583C4D0DE01A008021531C4900635055
:10746000A65482225200A654374A0135954200D1D3
:1074700079E72E78FF2BEED10022E25486235B00C1
:10748000E258043BE358FF21200098479422520021
:10749000A35801350133A3508023283A5B00FF3AFB
:1074A000E25004332670E654274B9D4200D15AE740
:1074B0002E78D1E73A0011212000FFF7D3FB4A468E
:1074C00058E70022E25486235B00E258043BFF2188
:1074D000E3582000984794225200A3580121013319
:1074E000A350002351E70022E25486235B00E258B8
:1074F000043BE358FF212000984794225200A358F0
:107500000133A350283A0023FF3A58E70022E254FF
:1075100086235B00E258043BE358FF212000984794
:1075200094225200A3580133A350283A0023FF3A73
:10753000D5E6C046C8AF0110CBAF011000B10110B5
:1075400004B10110F8B00110FCB00110F0B5022137
:10755000C6461378040000B500208B43392B02D0B7
:1075600080BCB846F0BDD368DB681F683B78642BED
:10757000F6D17B78692B13D01E318B43582BEFD17A
:107580001369DD681E6980235B00E358FF2B00D17F
:107590009CE05A1C8021490062505B22E2540EE0BC
:1075A0001369DD681E6980235B00E358FF2B00D15F
:1075B000C2E05A1C8021490062502E22E2548223EC
:1075C0005B00E25411212A002000FEF79BFB7B7830
:1075D000582B3ED0692B0ED080235B00E358FF2B45
:1075E00000D197E0591C80225200A150A33AE254E6
:1075F00082235B00E254022233789343392B14D068
:1076000080235B00E358FF2B72D0591C802252006C
:10761000A150C33AE25482235B002000E2541121BE
:107620003200FFF787FD01209AE7F368DB681B68EB
:107630001A78642AE4D15B78692B03D0443A9343E7
:10764000582BDDD1200032001121FEF75BFB012019
:1076500086E7A833B846E3583700404D0CE01A00DF
:107660008021531C49006350A65482225200A65424
:107670003B4A0135AA421FD02E78FF2BEFD10022C2
:10768000E25486235B00E258043BE358FF212000CC
:10769000984794225200A35801350133A350802308
:1076A000283A5B00FF3AE25004332670E6542C4B34
:1076B000AB4201D02E78D3E73E004746F268112155
:1076C0002000FEF71FFB36697B7883E7E0548623B2
:1076D0005B00E258043BE358FF21200098479422C6
:1076E0005200A3580133A350283A0023FF3A51E730
:1076F0000022E25486235B00E258043BFF21E3585A
:107700002000984794225200A35801210133A3502E
:1077100000237BE70022E25486235B00E258043B0F
:10772000FF21E3582000984794225200A3580121DA
:107730000133A350002356E7E05486235B00E25850
:10774000043BE358FF212000984794225200A3589D
:107750000133A350283A0023FF3A2BE708B1011068
:107760000DB10110F0B5C64600B50D0016001F00A2
:1077700084B0002846D0002901D0002A42D000233E
:107780006A462B490093019302930393FFF7A8FAEB
:10779000009C00283DD0039B002B1DD00123984660
:1077A000002C40D0002D2AD0200002F039FB336895
:1077B00098421ED22100421C2800EFF741FA200017
:1077C000EFF72CFA2C00002F01D000233B602000A3
:1077D00004B080BCB846F0BD029B9846002CE1D1B5
:1077E000A74204D0012B19D101235B423B60002446
:1077F000EDE72800EFF712FA43463360E3E7002E87
:10780000FAD1E0E7002FF2D003235B4200243B6073
:10781000DDE72000EFF702FA002FE8D002235B42F9
:1078200000243B60D3E7002FDED10024CFE7C04621
:10783000B103011010B5002809D0002907D0FFF7C7
:107840004FFA4342584101234042984310BD032060
:107850004042FBE71EB400F091F81EBC02F0F4FDBC
:10786000F0B5C64600B5984603780E0082B0472BA7
:107870001CD00020274C236801909B68200098476B
:107880000125002803D0019B01351B680193336853
:1078900021001F693000012301AAB847002825D123
:1078A0000025280002B080BCB846F0BD43784E2BBE
:1078B000DFD18378552BDCD1C378432BD9D1037921
:1078C000462B1CD0432BD4D143792B2BD1D1837998
:1078D0002B2BCED1C279012ACBD8002301930300F0
:1078E000203B1C68012A05D05830C4E74246019B62
:1078F0001360D6E72300783B20001C68BBE7437980
:107900004F2BB6D18379522BB3D1C079024C0028CA
:10791000B1D0AEE7B4CD011088CD011010B5040090
:1079200000F0EAF823002278203B472A05D082683D
:10793000002A20D18360012010BD62784E2AF6D142
:10794000A278552AF3D1E278432AF0D12279432A4A
:10795000EDD162792B2AEAD1A2792B2AE7D1E279FB
:10796000012AE4D8DA690132DA61012AE3D18268B6
:107970009A618360DFE7F8F769FAC04610B500F056
:10798000BBF88368002B2ED020229A5C472A04D0B3
:10799000002282602033180010BD263A9A5C4E2ADD
:1079A000F6D12C3A9A5C552AF2D1323A9A5C432AA3
:1079B000EED11F3A9A5C432AEAD11E3A9A5C2B2AEE
:1079C000E6D1053A9A5C2B2AE2D1043A9A5C012A64
:1079D000DED8DA69013ADA61002ADBD19A6982607D
:1079E00000229A61D6E7F8F731FAC04670B5050073
:1079F00000F082F82B002A780468203B472A04D044
:107A0000002C2BD10360200070BD6A784E2AF7D17C
:107A1000AA78552AF4D1EA78432AF1D12A79432A5F
:107A2000EED16A792B2AEBD1AA792B2AE8D1EA790F
:107A3000012AE5D85A69002A0DDB01325A614268F1
:107A4000013A42609C4201D01C61036028006C6ACC
:107A500002F002FDD7E701218A1AEFE7F8F7F6F9FD
:107A600010B500F045F80368002B09D020229A5C7D
:107A7000472A06D0002220330260180002F0CCFC16
:107A800010BD263A9A5C4E2AF4D12C3A9A5C552ABB
:107A9000F0D1323A9A5C432AECD11F3A9A5C432ADD
:107AA000E8D11E3A9A5C2B2AE4D1053A9A5C2B2A3B
:107AB000E0D1043A9A5C012ADCD85A69002A06DB34
:107AC000511E012A0AD04A1C0FD05961D8E7511C17
:107AD0000132FAD11A6902605961D1E71A6920337B
:107AE0000260180002F098FCCAE7F8F7AFF9C04648
:107AF00000487047043800200048704704380020D0
:107B0000F0B5C6461C0084460F00030000B550289F
:107B100023D00F2101400C2965D8344B89005B58D4
:107B20009F4651781378090219439378101D1B045E
:107B30000B43D1780906194300290AD07023654602
:107B40002B40102B00D1170063465AB2C919002AE6
:107B500008DB216080BCB846F0BDD01C4D3B98438B
:107B600002C8F6E70968F4E71000517813780902B3
:107B70001943937808301B040B43D1780906194345
:107B8000DAE75178137809021943901CD4E7517849
:107B900013780902194309040914901CCCE710005A
:107BA000002100257F23067801303340AB40194384
:107BB00073B20735002BF5DB1F2DBDD87606BBD57C
:107BC0000123AB405B421943B8E7100000210025B8
:107BD0007F26037801301E40AE405BB2314307354B
:107BE000002BF5DBA8E700F071FBC0469CDD01101F
:107BF00010B5FF2812D070230340302B15D005D8C4
:107C0000202B09D1080002F0DFFB08E0402B07D150
:107C1000080002F031FC02E0202B04D8002010BD47
:107C20000020502BFBD000F051FB080002F0FCFBC1
:107C3000F5E7C046F8B506000F0015000020002E3D
:107C400002D0300002F018FC28607C1C3F78FF2F27
:107C500026D168602378FF2B30D01023601C0021D0
:107C600000242B757F22037801301A408A405BB2D2
:107C700014430731002BF5DB0419EC6000210024CC
:107C8000037801306B757F22037801301A408A40F7
:107C90005BB214430731002BF5DB04192C61F8BDEE
:107CA00031003800FFF7A4FF220001002B1D38002F
:107CB000FFF726FF04002378FF2BCED1601C2B7525
:107CC0000024DAE7F0B55746DE464E464546002327
:107CD000E0B599B004930E9303338A4603920340B0
:107CE000012B00D1B3E0022B0ED15046039902F0D4
:107CF0008BFB002800D0A0E0082019B0F0BCBB46E8
:107D0000B246A946A046F0BD002B00D020E20833C1
:107D10001C000440034200D088E0012512AB05930B
:107D20005346039E1293059B0C22002100933000C2
:107D3000002302F061FB300002F0D6FB0790002820
:107D4000D3D00023039F049A2C43059D159338003C
:107D500007992B612A752A000694FFF76BFF159986
:107D6000040008912B7D390018002E690493FFF759
:107D70003FFF11AB09900093380099460F22002372
:107D8000002102F089FBB346119FB44235D2012392
:107D90009F43129B6E7D9846013F00213000FFF704
:107DA00027FF220001000FAB3000FFF7A9FE0021E2
:107DB00004003000FFF71CFF2200010010AB300070
:107DC000FFF79EFE002104003000FFF711FF2200A4
:107DD00001004B463000FFF793FE002100227F2474
:107DE000037801301C4094405BB221430732002BE2
:107DF000F5DB0F9B4344BB4221D9069BDB077AD5B9
:107E0000002600254B460D220093002100230398F5
:107E10000E9C02F041FB5246119B54621362130008
:107E20009662079A0620DA621D6366E711005046E3
:107E300002F0EAFA002800D15EE709205DE7109A17
:107E40009B18BB425FD804008345A6D8D5E708231A
:107E50001C0012AA04400592034201D002255FE7EC
:107E60000D6A0023009200210D22039802F014FBFA
:107E7000129B9D42F2D15446059B0C220093002197
:107E800000230398129402F0B7FA256B002D37D027
:107E9000E36AA66A079311AB9946002E00DAA8E0C0
:107EA000032403984F465346804600220021119335
:107EB0000097002302F0A0FA00230122002140468F
:107EC0000097119602F098FA00230F2200214046F5
:107ED000009702F0E1FA0123119A002113402B438D
:107EE00011930F2200234046009702F085FA022CDE
:107EF0007AD0072001E7069B1B0701D5F7F7A6FFFD
:107F0000504600F058F9119B002B00D1EDE6059A80
:107F100055685D19002900D1F4E0002D00D1E4E698
:107F2000069A4C1E0823110019405C440B91134221
:107F300000D1F1E052463F331370073353700733DB
:107F40009370123BD37003331371093353710333AE
:107F500093710023D3710023049A984607331A4083
:107F600093460A95002600227F232078013403409F
:107F700093401E4343B20732002BF5DB1F2A05D87E
:107F8000400603D5012393405B421E432100002796
:107F900000227F2308780131034093401F4343B2FE
:107FA0000732002BF5DB1F2A54D8400652D5012397
:107FB00093405B421F43002E7BD0069B022B11D0C7
:107FC000002E4EDCF543089BAD005D195346002B97
:107FD00002D00B9B002B70D02B68002B00D1ACE0A3
:107FE000002F2BD0E419BDE75046FFF797FC072080
:107FF00083E6089B049A1593059B039F98461A7580
:1080000007991A003800FFF715FE43463900187D1E
:10801000159CFFF7EDFDF3439B00E4182368002B4C
:1080200005D0002301339A00A258002AFAD1524603
:1080300093620423D0621363546331E743460A9D7D
:10804000002B00D151E6069BDB0700D54DE600264C
:10805000022426E7002E29D0069B022BC0D0002E3A
:10806000B0DD049BFF2B4BD05B46022B3ED041D9A9
:10807000032B41D0042B6BD1089BF2009A1A09996B
:108080004B460498FFF73CFD1199002908D0504653
:108090000028A5D000220EABFFF7E2FB00289FD0FE
:1080A000069B0A9DDB0700D5ACE6F9E6012398465E
:1080B00096E70123E419984654E72968002936D049
:1080C0000E9B0C97119327000D964C4603E06968B0
:1080D0000435002919D02300002250466918FFF703
:1080E000BFFB0028F3D03C000C9F79E7089B72008F
:1080F0009A1AC4E7002B2BD1089BB2009A1ABEE74C
:10810000089ABCE7002D9ED1EFE5069B0A9D0D9EC7
:10811000DB0700D576E6C0E65346DA795833012A04
:1081200001D00E9317E7783B1B680E9313E7069B6D
:108130000A9DDB0700D565E6AFE6069B0A9DDB07D7
:1081400000D55FE60324002E00D1AAE6F7F78AFEE9
:1081500000F0BCF8FFF74AFCD0E6C04610B5FFF7C8
:10816000CBFC0068002804D02723C35C012B01D07E
:10817000006810BD00687838FAE7C046027803004E
:108180000020472A16D15A784E2A13D19A78552AB8
:1081900010D1DA78432A0DD11A79432A0AD15A79B3
:1081A0002B2A07D19A792B2A04D1DB792A3A9A42D1
:1081B0004041C0B2704710B5041E0AD0FFF716FC4C
:1081C0002000FFF7DBFF002803D0203CE068F7F732
:1081D00035FEF7F73BFE0000F0B54E46DE4657464B
:1081E0004546E0B585B00600FFF7C8FF00280BD074
:1081F0003300203B9F68DC68B36A00259946336BE7
:108200009846736B9A4605E00400070001258246F4
:10821000804681463000FFF7E9FB002D01D0F7F7DB
:1082200021FE3800F7F71AFEFFF7E0FB002D01D022
:10823000F7F70CFEFFF75CFC27220368995C1A0035
:108240007832012900D11A6802924246920800272A
:10825000904620330193B9451EDD43467B439B0086
:1082600053441E68002E00D09E1900223100019850
:1082700002ABFFF7F5FA002801D0F7F761FE33688B
:1082800003901B6930009B460D49012303AAD84780
:108290000543EDB20137DEE7002D08D00420F7F7E3
:1082A0000FFD084B084A06490360F7F72FFE200030
:1082B000F7F7C4FDFFF7D4FBFFF7D2FBFFF7CAFACD
:1082C0005CCD0110C4CD011019FE0010062010B5C0
:1082D00001F054FC0120F0F791F8C04610B5010000
:1082E00000230022002001F0CBFD10BD00B5044B9F
:1082F00083B0010001AA186800F004F803B000BDC3
:10830000AC220020F0B5D6464F464646C0B5804662
:108310000D00924601F00AFE1C4B1C689946002C89
:108320000AD02B782E00002B04D12DE07378013673
:10833000002B0AD03D2BF9D1404601F0FFFD002073
:10834000E0BCBA46B146A846F0BD761B20680028BE
:10835000F2D03200290001F0DBFB002804D12368B1
:108360009F199B5D3D2B04D0606804340028F0D138
:10837000E2E74B4652461B684046E31A9B101360E7
:1083800001F0DCFD781CDBE70026DFE7F4230020AA
:1083900010B5034B0100186800F00EF810BDC04680
:1083A000AC22002010B5034B0100186801F026FE36
:1083B00010BDC046AC220020F0B54E46DE46574602
:1083C00045460C00E0B50B34814685B0162C21D80B
:1083D000102900D9D0E000F0A1FA102418230221BE
:1083E000C94DEB181A005F68083A974200D172E154
:1083F00003227B68B9689343FA68CA6091600121DF
:10840000FB185A6848460A435A6000F08FFA380051
:108410000830B5E007239C4300D5ADE0A14200D968
:10842000AAE000F07BFAFC235B009C4200D2B9E199
:10843000610A00D1ABE0042900D980E138239C46D1
:10844000A1098C44E0463931CB00082252429446BF
:10845000AD4DEB189C446346DF68BC4512D00B0061
:10846000032661469C4607E0F868002A00DB2CE101
:10847000814200D12DE107007B68B3431A1B0F2A0C
:10848000F2DD41462A002F690832974200D10BE104
:1084900003207B688343181B0F2800DD86E12A61D7
:1084A0006A610028ABDA6A6894468022920093429F
:1084B00000D316E1DA0858090123834060461843C7
:1084C0008446D3005B199A686860FB60BA609F605D
:1084D000D76001208B10984060455FD86346034207
:1084E0000AD103239943634640000431034203D178
:1084F000400004310342FBD00323A8469C46834638
:108500000D00E80040440600AA46F3680BE061460F
:108510005A688A43171B1900DB680F2F00DD1BE127
:10852000002F00DB2FE19E42F1D1534601339A46E2
:1085300008369B07E9D1032205E003680838013DAE
:10854000834200D0E2E12A42F7D1424659465368BD
:108550008B4353605A46520093469A421DD8002AD4
:1085600006D11AE05246043292465A4652009346C9
:108570001342F7D05546C4E70C234A461360002047
:1085800005B0F0BCBB46B246A946A046F0BD80236C
:108590003F22402190469B0057E745460322AF68A3
:1085A0007B6893439A46A34202D31B1B0F2B7EDCAE
:1085B000564B08201B6810331E1901F0A7FB544BC3
:1085C000834601931B68013304D0731E1B1842427B
:1085D00013401E003100484601F050FB8046431C0A
:1085E00000D1FDE05346FB18834200D9F6E0494A2A
:1085F00011680292891911605A46013A834200D1EA
:1086000039E101980068013000D13FE14046C31ACA
:108610005B1802990B60414607230800184001903F
:10862000194200D1F9E0C446310001331B1A9C44C1
:10863000614403915B4411405B1A1A4011004846A3
:10864000E046160001F01AFB431C00D13AE1029B00
:108650001968891919604346C21A01209219024308
:10866000AB605A60AF4213D053460F2B00D811E1D4
:1086700007220C3B93437A68024005201A437A6034
:10868000FA18506090600F2B00D921E143465A68D8
:10869000214B1868884200D21960204B1868884224
:1086A00000D2196047469DE06B689C4611E70122A5
:1086B0002100134311433C1979604846AC60636064
:1086C00000F034F9380008305AE7BA68D0608260A8
:1086D00095E66146D6E6DF680231BB4200D1D1E6BD
:1086E00086E65A0A042A73D9142A00D9A7E0100092
:1086F0005C325B30D200AA18083A160092688846AD
:10870000964210D181E0C046981E0020F439002026
:108710008C1E0020C4390020EC390020F0390020E4
:108720009268964204D00321506888439842F7D853
:108730004146D668FE60BA60B760D760C9E61429C2
:108740005CD9542900D982E06E239C46210B8C44CD
:108750006F31E046CB0078E601200E00454609194E
:1087600004437460B4680835E36038439C60A960D2
:10877000E9604860CD6048468D60B75000F0D6F89B
:1087800030000830FCE601200C008A1851680834DB
:108790000143516022684846D3609A6000F0C6F8F1
:1087A0002000EDE62300E108083319E60126391917
:1087B00034437C6029616961CA608A603200024387
:1087C0004A60F850484600F0B1F838000830D7E663
:1087D0009A09100039323830D2008CE7AF4242D0CB
:1087E000AF687A6803239A43131BA24202D30F2B6C
:1087F00000DD5CE7484600F099F8C0E65B239C4644
:108800008C445C31E046CB001FE60123801083409E
:1088100060461843844668608CE7330059464344F9
:1088200001931340CB1A1A4011004846160001F07C
:1088300025FA431C00D00AE70026019807E7542ACE
:108840002BD81A0B10006F326E30D20053E7AA23D8
:108850005B0099422BD8DD3B9C46E10B8C44783180
:10886000E046CB00F1E52B4A1168029289191160AC
:108870005A46013AC5E6104200D0C2E652460123EC
:10888000A86892191A438046426001E74146019B5D
:108890001960C0E643465860ACE7AA204000824217
:1088A00021D8DA0B100078327730D20023E71A4B48
:1088B000994221D87C239C46A10C8C447D31E04612
:1088C000CB00C2E50198039B083800261818BEE6C5
:1088D00039004846083101F091FB029B1968AB68EA
:1088E00098465A68D4E60C4882420BD89A0C10007D
:1088F0007D327C30D200FEE6FE237E227F21904630
:108900009B00A2E5FE227E209200F4E643465B68CF
:1089100020E6C046C43900205405000010B50248C6
:1089200001F0F0F910BDC046BC39002010B5024876
:1089300001F0EAF910BDC046BC39002010B5034B68
:108940000A000100186800F003F810BDAC220020F6
:10895000F0B545464E46DE465746E0B580460D002A
:10896000914683B0002900D1A3E04C460B34FFF7B9
:10897000D5FF162C6CD81024A1456CD82F00083FC9
:10898000796803230E00BB469A469E43A6426DDAE1
:10899000B819B84A4368019200939368009A8342D9
:1089A00000D199E001239A43944684446246526878
:1089B0001A4200D072E05346009A9A43B3189C467C
:1089C0009C424EDD01230B4210D139687B1A596855
:1089D000009353469943521893199A469C4200DCDF
:1089E000C0E073189A469C4200DCBFE0494640460E
:1089F000FFF7E2FC8146002800D10CE15946012234
:108A00004B6893430200CB18083A934200D1D2E05E
:108A1000043E242E00D9D3E003002A00132E09D9E6
:108A20002B6803606B6843601B2E00D9CDE0030008
:108A300008320833116819605168596092689A6069
:108A40004046290001F0DAFA4046FFF76FFF1DE0CB
:108A500007239C4390D50C2342461360002399467C
:108A600014E06646C3688268D3609A6001227B681E
:108A7000311B1340B8190F2920D833437B6043685A
:108A8000134343604046FFF751FFA946484603B0F1
:108A9000F0BCBB46B246A946A046F0BD01230B423E
:108AA000A4D15B461A689B1A5968009353469943B0
:108AB00097E71100FFF780FC8146E7E73E19234363
:108AC00011437B6071603100436808311343436098
:108AD000404601F093FAD5E7534620009A43931994
:108AE00010309C4683427ADAC90700D57EE73968A0
:108AF0007B1A5968009353469943521893199A4622
:108B0000984200DD6DE70099CB688A68D3609A606F
:108B10000B00321F08339946242A00D990E0132A0B
:108B200009D92B688B606B68CB601B2A00D98CE05D
:108B300010310B0008352A681A606A685A60AA6802
:108B40009A600098019B01199960534601221B1BF2
:108B500013434B6043681340234343604046FFF791
:108B6000E5FE93E7C3688268D3609A6000990F00BE
:108B70008A68CB680837D3609A60321F242A15D8D8
:108B80003B00132A08D92B688B606B68CB601B2ACB
:108B900036D810310B0008352A681A606A685A60A6
:108BA000AA689A603D005646009F5FE7290038009A
:108BB00000F0F0FEF6E703225B689343F61855E7F2
:108BC0003200290000F0E6FE3AE7AB688360EB680C
:108BD000C360242E23D00300103210332AE7019BF8
:108BE00039199960634601221B1B13434B607B6854
:108BF0004046134023437B60FFF798FEA94645E7B4
:108C0000AB6800990B61EB684B61242A0FD00B0015
:108C100010351833C0E74046FFF788FE1EE72B6982
:108C200018320361030069691833416102E72B6957
:108C300000998B610B006A692033CA611835ABE774
:108C40002900180000F0A6FE7BE7AB6800990B61D5
:108C5000EB684B61242A03D00B00103518336AE708
:108C60002B6900998B610B006A692033CA61183542
:108C700061E7C046981E0020F0B54E465746DE46D6
:108C800045468A46E0B50C0091461E00082183B097
:108C90000190464823001D780134425D1142F9D10C
:108CA0002D2D5ED0002293462B2D33D0002E07D1E0
:108CB000302D62D00A23052198460A263C4F0DE04C
:108CC000102E53D0012031004042EDF7FBF8070091
:108CD000012031004042B046EDF7F4F800220020B8
:108CE0002B00303B092B07D9113B192B03D92B0043
:108CF000613B192B11D80A339E420EDD551C06D05C
:108D0000B84221D81ED04246504301221818257877
:108D10000134E5E725789C1CC8E7531C17D05B4657
:108D2000002B00D040424B46002B04D0002A15D126
:108D30004B4652461A6003B0F0BCBB46B246A94649
:108D4000A046F0BD8B42DEDD01225242DFE7222346
:108D5000019910000B604B46002BECD0631E9A4625
:108D6000E6E725789C1C01239B469FE7302D0FD01A
:108D700010230F2198460F4FB0E72022237893430A
:108D8000582B0AD00823072198460B4F0836A5E731
:108D9000202223789343582BEAD1102365780F21A2
:108DA00098461026034F023498E7C046D1DD0110E3
:108DB00099999919FFFFFF0FFFFFFF1F844610B518
:108DC0001300034A10680A006146FFF755FF10BD03
:108DD000AC220020F0B5C64600B50C228B5E804662
:108DE0000C001A0754D48021626809011943A1813B
:108DF000002A00DC6DE0A56A002D45D042464046C1
:108E0000166800220260DB0468D400220123E169B5
:108E1000A8470200431C00D16DE00C23E15EA56A67
:108E2000490706D56368D21A236B002B01D0E36B88
:108E3000D21A0023E1694046A8470C23E15E431C97
:108E40004ED143461A681D2A61D8324BD340DB0706
:108E50005DD5314B0B40A381002363602369236000
:108E6000C90403D543461B68002B42D04346216BFF
:108E70001E60002908D023004033994202D04046AA
:108E800001F0BCF800232363002080BCB846F0BD8D
:108E90000E69002EF8D00D680022AD1B0E609B07F6
:108EA00000D14A69A260002D04DCEDE736182D1AC6
:108EB000002DE9DD2B0032004046E169676AB847C2
:108EC0000028F3DC4022A38913430120A381404200
:108ED000DBE7E26B002A00DD8DE7D5E7226D9FE737
:108EE0000D4B0B40A3810023636023692360C904F9
:108EF000BCD52065BAE743461B68002B00D18CE740
:108F00001D2B01D0162BDDD143461E60BCE740234C
:108F10000B43DAE701004020FFF7FFFF70B50500C3
:108F20000C00002802D0436B002B27D00C22A35E3C
:108F3000002B11D0626ED20701D49B050ED52800FC
:108F40002100FFF747FF636E0500DB0702D4A3890A
:108F50009B050FD5280070BD0025FBE7A06D00F034
:108F6000D1FE28002100FFF735FF636E0500DB0707
:108F7000F0D4ECE7A06D00F0C7FEEBE700F0B6F828
:108F8000D4E7C04610B5034A0349044800F0EAFAA2
:108F900010BDC046A0220020D1A10110B0220020A7
:108FA00041680B4B10B50400994201D001F010F953
:108FB000A168084B994202D0200001F009F9E1684C
:108FC000054B994202D0200001F002F910BDC046C5
:108FD000F8390020603A0020C83A0020F0B53A4C39
:108FE0003A4B3B4A200083B000251A600423082234
:108FF00000215C30E36025606560A56065662561E1
:109000006561A561EDF716FE2000324F324E334BFD
:10901000334958300093236201916162E461A76291
:10902000E66200F06BFECC23E5502E4B2000636718
:10903000802308220021C430E550A566E566256737
:10904000A567E567EDF7F6FD22008423200068326E
:10905000E250009A01990433E2500433E1500433A2
:10906000E750C0300433E65000F048FED023200023
:10907000E5500433E5500433E5501B4A5C33E550BA
:10908000583BE2500433E5502D300433E5500822BC
:1090900004330021FF30E550EDF7CCFD2000EC2338
:1090A000D030E0502000009A01990433E25004339C
:1090B000E15029300433E750FF300433E65000F02C
:1090C0001DFE03B0F0BDC046F8390020303B002043
:1090D000858F01108D970110B99701102597011008
:1090E0004D970110090001001200020070B5050043
:1090F000094C200000F006FE6B6B002B05D1074BDE
:109100006B63074B1B68002B03D0200000F0FCFDB5
:1091100070BDFFF763FFF8E7C0390020A18F011091
:10912000303B002010B5024800F0ECFD10BDC046F9
:10913000C039002010B5024800F0E6FD10BDC04661
:10914000C0390020144B70B51D6806000C00002DBE
:1091500002D06B6B002B1BD0636EDB0702D4A3899C
:109160009B0511D528002200310000F0A1FA636EA2
:109170000500DB0702D4A3899B0501D5280070BD3B
:10918000A06D00F0C1FDF9E7A06D00F0BBFDE9E7BF
:109190002800FFF7ABFFDFE7AC22002070B5050029
:1091A00086B008001400019100F03AFE012301AEE0
:1091B0000590029003960493002D02D06B6B002B58
:1091C0003CD00C21625E0121636E194219D09004DB
:1091D00021D4802189010A43A2811C4A134063667D
:1091E0009A042FD42800210003AA00F03BF80500C0
:1091F000636EDB0702D4A3899B0512D5280006B055
:1092000070BD900511D59004E3D55B131942E9D0E8
:1092100001256D42EFE75B131942E3D001256D4252
:10922000ECE7A06D00F070FDE8E7A06D00F06AFDCE
:109230000C23E25E636E9104D2D4CAE72800FFF7E4
:1092400055FFBEE701256D42D3E7C046FFDFFFFFB4
:1092500010B5034B0A0001001868FFF79FFF10BD0F
:10926000AC220020F0B54546DE4657464E46E0B5F6
:10927000936883B00C0090460090002B2AD00C23FA
:10928000CA5E13072ED50B69002B2BD043461E68F0
:10929000930734D5B04B002700259946002D15D0F3
:1092A0002B004D4500D9AC4B626AE16992460098AB
:1092B0003A00D047002800DCB5E0434642469B68B0
:1092C0001B1A936006D03F182D1AE9D137687568CC
:1092D0000836E3E7002003B0F0BCBB46B246A9461F
:1092E000A046F0BD2100009800F0C8FA002800D088
:1092F0009EE00C23E25E43461E689307CAD4D30760
:1093000000D598E080210023890000258B469946EE
:109310002368002D4FD059461800A7680A4255D03F
:10932000BA46AF4200D9DEE09021C9000A422ED0F1
:10933000606921695F1A43001B18D80FC3185B10BE
:109340009A467B1C5B1950460197534501D99A46B2
:109350001800520500D4E4E001000098FFF72CF853
:10936000071E00D1F2E0019A2169EDF769FCA3899B
:109370007A4A134080221343A3815246019B2761FE
:10938000F818AA462F00D31A20606261A3605246E3
:10939000494600F0FFFA42464146A368DB1BA36042
:1093A00092682368521B534423608A60002A00D1CC
:1093B00090E70C21625E3168756889460836002D99
:1093C000F9D059461800A7680A42A9D122699A42E1
:1093D00072D362699246AA426ED8802328001B0687
:1093E0009D4200D35E485146ECF744FD53464A4641
:1093F0004343E169676A0098B847002813DD070016
:10940000434642469B68ED1BDB1B936000D161E73E
:109410000C23E25EB94423687BE721000098FFF744
:109420007DFD00282BD00C22A35E40221343A38194
:10943000012040424FE700230027B14600209A4612
:109440001E00002F25D000282BD03300BB469F42A2
:1094500000D99B46206822696369904203D9A568B8
:109460005D19AB454FDC5B4540DC656A5246E169FE
:109470000098A847051ED6DD0120761BCDD04346B7
:1094800042469B685B1B936000D123E7AA447F1B85
:10949000D9D14B4608225F689144002FF9D01B6850
:1094A0009A463A000A21504600F082FC00284AD031
:1094B00053460130C61AC8E7AF4200D92F003A0020
:1094C0001800494600F066FAA2682368D21BDB192F
:1094D000A2602360002A93D121000098FFF71EFDAF
:1094E00000288DD09FE72F00AA4650E75A465146E4
:1094F00000F050FA5A46A3685D469B1AA3602368A1
:109500005B442360B8E751462A0000F043FA236821
:1095100021005B1900982360FFF700FD0028ABD005
:1095200081E702000098FFF713FA071E00D024E736
:10953000009D2169280000F061FD8022A3899343EA
:10954000743A2A6071E77B1C1E007FE70C23009AA7
:1095500013600C22A35E68E700FCFF7F7FFBFFFF28
:10956000FFFFFF7FF8B54746CE46884680B5814667
:10957000170000267D68013D0ED4BC68A389012B2D
:1095800007D90E22A35E013303D021004846C0470D
:1095900006436834013DF1D23F68002FEAD1300024
:1095A000C0BCB946B046F8BDF0B5C64600B51D0012
:1095B00086B0984601AB039301235543060017007C
:1095C0000C9C0191029505950493002802D0436BF1
:1095D000002B52D00C21635E0121626E114215D026
:1095E000980432D4802189010B43A381274B1A4070
:1095F00062660123910410D5134202D1A3899B0511
:1096000030D5002006B080BCB846F0BD980520D506
:109610009804E7D552131142F0D103AA210030007B
:10962000FFF720FE0122636E134000281ED0002B9E
:1096300005D1A3899B0502D4A06D00F065FB0598B8
:109640003900281AECF73EFCDCE752131142D8D15E
:10965000E3E7A06D00F056FB0C22A35E626E990456
:10966000C7D4BFE7A06D00F04FFBCAE7002B02D1C3
:10967000A3899B0504D54046C4E7FFF737FDA9E75A
:10968000A06D00F041FB4046BCE7C046FFDFFFFF96
:10969000844600B5054883B00068009313000A00B3
:1096A0006146FFF781FF03B000BDC046AC22002039
:1096B00070B506000D001400002802D0436B002B8B
:1096C0002DD0636EDB0702D4A3899B051FD5A36849
:1096D000013BA360002B05DAA269934210DBEBB2D9
:1096E0000A2B0DD0FF2023685A1C22601D700540F4
:1096F000636EDB0702D4A3899B050CD5280070BDDF
:1097000029002200300000F05DF80500F0E7A06DB0
:1097100000F0F8FADBE7A06D00F0F6FAEEE7FFF7ED
:10972000E5FCCEE770B50C000E25495F00F07AFA33
:10973000002803DB236D1B18236570BDA389024A33
:109740001340A381F9E7C046FFEFFFFFF8B516000D
:109750001F000C228B5E05000C00DA050AD40A4AB1
:1097600028001340A38132000E23E15E3B0000F08D
:1097700097FAF8BD00220E23C95E022300F03EFADC
:109780000C22A35EEBE7C046FFEFFFFF70B50C00B5
:109790000E25495F00F032FA0C22A35E421C05D070
:1097A0008022520113432065A38170BD014A1340FA
:1097B000FAE7C046FFEFFFFF10B50E23C95E00F0C9
:1097C0000BFA10BDF8B505000E001400002802D0F9
:1097D000436B002B4DD0A369A3600C23E25E1307FB
:1097E00022D52369002B1FD080218901636E0A4294
:1097F00027D09B0431D4226823696169D31A994226
:109800002EDD0133FF27A16837400139A160511CCB
:109810002160167062699A4219D0A389DB0701D5CD
:109820000A2F14D03800F8BD2100280000F026F8D7
:10983000002812D180210C23E25E8901636E0A4266
:10984000D7D111430C4AA18113406366D1E72100AF
:109850002800FFF763FB0028E4D001277F42E1E7FF
:1098600021002800FFF75AFB0028F6D101232268C7
:10987000C8E7FFF73BFCAEE7FFDFFFFF334B70B5F8
:10988000050018680C00002802D0436B002B51D053
:109890000C22A35E1A070FD52269002A16D00C21CC
:1098A000635ED90723D50021A16061690020494288
:1098B000A161002A23D070BDDA063ED55A0724D410
:1098C000226908210B43A381002AE8D1A02080212E
:1098D000A3898000890003408B42E0D0210028004A
:1098E00000F0DEFC0C21635E2269D907DBD4002185
:1098F000980700D461690020A160002ADBD11A0614
:10990000D9D540221343A3811CE0216B00290AD042
:1099100022004032914204D0280000F06FFB0C225C
:10992000A35E002222632422934300226260226904
:109930002260C6E7FFF7DAFBAAE709222A60402285
:109940001343A38101204042B5E7C046AC2200206A
:1099500030B50400032A18D90B0003439B070BD032
:109960000023013A02E09A4211D00133E05CCD5C61
:10997000A842F8D0401B0BE020680B689842EFD15A
:10998000043A04340431032AF6D8002AE8D100202E
:1099900030BDC046F0B5CE4647460C0080B511003C
:1099A000A0420DD9A31898420AD2002A04D0013946
:1099B000635C43540139FBD2C0BCB946B046F0BD2C
:1099C0000F290BD802004D1E0029F5D000230135C8
:1099D000E15CD15401339D42FAD1EDE7030023430A
:1099E00027009B0734D11026B446220003000D093E
:1099F000013D2D01A8464519AC4415681D60556808
:109A00005D6095689D60D5681032DD6010336345F8
:109A1000F3D14246A21814000F250C261034A1469B
:109A20000D400E4217D0043DAD08AB0098464244AD
:109A300014322568C31BE55004349442F9D14346DF
:109A40004A4604339C1863441A0003231940BAE7BA
:109A500002004D1EBAE71A002900B4E70323CAB278
:109A600030B503400C00002A2CD00321002B24D158
:109A7000FF2121400B025B189C4619048C4400E036
:109A8000043064460168204D4C404B198B436119EA
:109A9000A1430B431D490B42F2D00378002B05D0A4
:109AA0009A4204D043780130002BF9D1002030BD18
:109AB0009342FCD001300842DAD00378002BF7D172
:109AC0000020F4E7002B08D0032202E0013010420E
:109AD00003D00378002BF9D1E9E702680A4B0B4960
:109AE000D31893430B4206D14268074B0430D31876
:109AF00093430B42F8D00378002BD8D04378013041
:109B0000002BFBD1D3E7C046FFFEFEFE80808080A5
:109B100010B5002A2AD003000B439B0715D1032A56
:109B200013D9144B9C460CE0043A002A1ED0124C68
:109B30001C199C4363461C4218D104300431032A8B
:109B400003D903680C68A342EED003780C78013A7D
:109B50008218A34208D00BE0002B07D043784C7842
:109B600001300131A34203D19042F5D1002010BD54
:109B7000181BFCE780808080FFFEFEFE154B70B551
:109B800004001D681F281FD89C235B00EB58002B86
:109B90000DD082009B181A68002A08D0012A04D030
:109BA000511C0DD0002119609047002007E02800CB
:109BB00000F060F822000100280000F047F870BDB6
:109BC000162301202B60FAE7162301202B60404268
:109BD000F5E7C046AC220020002370B5064C050016
:109BE00008002360EEF74CFC431C00D070BD2368D6
:109BF000002BFBD02B60F9E7683B002070B5050017
:109C0000080011000022064C22601A00EEF73CFC0E
:109C1000431C00D070BD2368002BFBD02B60F9E7FC
:109C2000683B002070B50500080011000022064CBA
:109C300022601A00EEF704FC431C00D070BD2368BC
:109C4000002BFBD02B60F9E7683B0020002370B5A8
:109C5000074C0500080011002360EEF7EDFB431CE4
:109C600000D070BD2368002BFBD02B60F9E7C04605
:109C7000683B002010B5EEF7DDFB10BD002370B58A
:109C8000064C050008002360EEF7BAFB431C00D029
:109C900070BD2368002BFBD02B60F9E7683B0020E8
:109CA00070B50500080011000022064C22601A0061
:109CB000EEF7D6FB431C00D070BD2368002BFBD011
:109CC0002B60F9E7683B0020014B18687047C046DD
:109CD000AC22002070B5074C074D641BA41005D0C2
:109CE000013CA300EB589847002CF9D100F06AFB27
:109CF00070BDC04640A5011040A501107047C04688
:109D00007047C0467047C0467047C046802310B5B4
:109D10005B01082801D1180010BDFFF7D5FF1623FD
:109D20000360173BF7E7C046024670B50A43920747
:109D30002AD11E4DEE0104C808C9541B9443344077
:109D400017D0D0B2D9B2401A2106014310D190B237
:109D500099B2401A210401430AD110021902000AE3
:109D6000090A401A2102014302D1100E190E401AAD
:109D700070BD9A42DFD010BA19BA884201D90120C9
:109D800070BD0020C04370BD02780B7801300131F6
:109D9000002A09D09A4207D102780B7801300131AC
:109DA000002A01D09A42EFD0D01A70BD0101010102
:109DB0008C4610B5C9B283070CD0032406E00378A3
:109DC0008B4206D00130013A204203D0002AF6D15E
:109DD000002010BD032A14D96346FF241C4023022F
:109DE0001B199C461C04A4446446036863400A4C47
:109DF0001C199C43094B1C4205D1043A0430032A28
:109E0000F2D8002AE4D0821803788B42E1D00130E6
:109E10009042F9D1DCE7C046FFFEFEFE80808080E4
:109E2000030084469B070BD00300032102E00133AB
:109E30000B4206D01A78002AF9D16246981A704768
:109E4000030019680C4A0D488A188A4302420FD150
:109E50005968094A04338A188A43024208D159686A
:109E6000054A04338A188A430242F1D000E00133E4
:109E70001A78002AFBD1E0E7FFFEFEFE808080809A
:109E8000F8B5CE464746204C050080B52068160040
:109E900099468846FFF736FF1C4B1A68002A2BD0DC
:109EA000536820681F2B2ADC002D0CD1591C5160EF
:109EB000414602339B009950FFF726FF0020C0BCAB
:109EC000B946B046F8BD8824990051180E511600C5
:109ED000873C9C408936FF363768274337608426A5
:109EE0004F4676008F51022DE0D115008D35FF359C
:109EF000296821432960D9E7054A1A60D0E7FFF7AE
:109F000003FF01204042DAE7F02300202038002040
:109F100024380020034B10B5002B02D00248FEF776
:109F2000DDF910BD00000000D59C011010B50248FD
:109F3000FFF7E8FE10BDC046B839002010B5024852
:109F4000FFF7E2FE10BDC046B8390020F0B5C646A6
:109F5000050000B5804608200C00FFF7D7FE06007C
:109F60002800FEF7DBFC224F3100BB685D6803234D
:109F70009D4328001138001B8019EBF7A3FF441EF6
:109F80007443A64207DC00214046FFF777FEBB681A
:109F90005B19984206D04046FEF7C8FC002080BC02
:109FA000B846F0BD40466142FFF768FE01300DD073
:109FB00001222D1BBB6815430E4A5D6013684046A5
:109FC0001B1B1360FEF7B2FC0120E8E700214046AE
:109FD000FFF754FEBA68831A0F2BDCDD064C0549E7
:109FE0002468001B086001210B435360D3E7C0467F
:109FF000981E0020C43900208C1E0020F0B5C646F3
:10A000000C00804600B5002940D0FEF787FC2100F7
:10A0100008394E68012533000320AB43CA18944623
:10A0200052688243280030400700644884686445D1
:10A0300000D171E064466260A41864682C40002F6F
:10A0400027D10E685E4F891B9B198E68BE4256D081
:10A05000CF68F760BE60002C1DD062461D434D6086
:10A0600013608022920093422DD2DA085C0901230A
:10A07000A340446823434360D3001B189A68CB6015
:10A080008A609960D1604046FEF750FC80BCB846BB
:10A09000F0BD002C0FD19B18624601249268484DF8
:10A0A0001C43CE18AA4259D06546ED68D560AA6017
:10A0B0004C603360D5E7624635434D6013608022C3
:10A0C00092009342D1D35A0A042A3DD89A09140027
:10A0D00039323834D60086193268083E0325964254
:10A0E00003D14CE09268964203D05068A84398424E
:10A0F000F8D8D668CE608A60B160D160C3E7002C22
:10A1000033D1D218604663468068DB681543C3606C
:10A1100098604D608A50B6E79A18002F06D10B68F8
:10A12000C91A8C68D218CB68E3609C600123134382
:10A130004B60244B81601B689342A4D8224B40465D
:10A140001968FFF703FF9EE7142A13D9542A1DD874
:10A150001A0B14006F326E34D600BCE7D1609160E8
:10A16000CA608A604C6033608DE762461D434D6073
:10A17000136088E714005C325B34D600ABE7012340
:10A18000A410A340446823434360B3E7AA246400B7
:10A19000A24205D8DA0B140078327734D6009AE759
:10A1A0000A4CA24205D89A0C14007D327C34D600A9
:10A1B00091E7FE267E24B6008DE7C046981E00205B
:10A1C000A01E0020901E0020F4390020540500003D
:10A1D00070B505000C1E3FD0002802D0436B002B49
:10A1E00047D001210C22A35E626E0A4232D19B0548
:10A1F00042D521002800FEF7EDFDE36A0600002BA2
:10A2000004D02800E1699847002828DBA3891B06B1
:10A210002AD4216B002908D023004033994202D070
:10A220002800FFF7EBFE00232363616C002904D0B4
:10A230002800FFF7E3FE00236364FEF773FF0023AB
:10A24000A381636EDB0726D5A06DFFF759FDFEF7EE
:10A2500071FF02E0002BCCD10026300070BD01263A
:10A26000A38976421B06D4D528002169FFF7C6FED4
:10A27000CFE7FEF73BFFB4E7A06DFFF743FD0C22ED
:10A28000A35E002BB5D10122636E1342E4D1A06D11
:10A29000FFF73AFDE0E7A06DFFF736FDD4E7C046D3
:10A2A00070B50C23CA5E05000C0096B0930707D565
:10A2B00023004333236023610123636116B070BD23
:10A2C0000E23C95E002931DB6A4600F055F80028EC
:10A2D0002ADB80212800C900019EFEF76DF80C22C0
:10A2E000A35E00283DD0802213438022D200626109
:10A2F000F0223100120211400A008021A381206067
:10A30000206189018A4234D10E23E15E280000F0E9
:10A3100047F80C22A35E00282BD00322934301228E
:10A3200013438022120119E00C23E25E80231340C4
:10A330005A425341F0225B429200134040331900CD
:10A3400028001E00FEF738F80C22A35E002808D073
:10A350008022134300222060206166611343A381A1
:10A36000ACE79A05AAD40322934302221343A381A4
:10A370009EE780221201F1E7002370B5074C05002B
:10A38000080011002360EEF783F8431C00D070BD75
:10A390002368002BFBD02B60F9E7C046683B002008
:10A3A000002370B5064C050008002360EEF774F832
:10A3B000431C00D070BD2368002BFBD02B60F9E755
:10A3C000683B0020F8B5C04601B40248844601BC91
:10A3D000604700BFA713002001B40248844601BCB7
:10A3E000604700BFA902002001B40248844601BCB6
:10A3F000604700BF7104002001B40248844601BCDC
:10A40000604700BF6108002001B40248844601BCD7
:10A41000604700BF5913002001B40248844601BCC4
:10A42000604700BFF507002001B40248844601BC24
:10A43000604700BFA113002001B40248844601BC5C
:10A44000604700BF7104002001B40248844601BC8B
:10A45000604700BF4D0F002001B40248844601BC94
:10A46000604700BFF107002001B40248844601BCE8
:10A47000604700BFD102002001B40248844601BCFD
:10A48000604700BF8113002001B40248844601BC2C
:10A49000604700BF1102002001B40248844601BC9D
:10A4A000604700BF0508002001B40248844601BC93
:10A4B000604700BF7D0F002001B40248844601BC04
:10A4C000604700BFA903002001B40248844601BCD4
:10A4D000604700BF1D0F002001B40248844601BC44
:10A4E000604700BFC901002001B40248844601BC96
:10A4F000604700BF8D130020515C00107D5C001090
:10A50000655E0010256C001009650010416B00109D
:10A510008D5D0010995C0010B95C0010CD5C0010DE
:10A52000414B0010D55C0010D14E0010195C00109A
:10A53000D1470010159F0110FD02001011FD001001
:10A5400000000000256C642E2530336C6400000090
:10A55000303A2F4C505300004A4F55522054455228
:10A560004D494E450000000041554A4F5552442781
:10A570004855490076616C696465730061207661B5
:10A580006C696465720000003C2D202D3E207061D6
:10A5900067657320202045636861703A206D656EA1
:10A5A00075206475206A6F7572000000456E7472C4
:10A5B00065653A20636F636865722020312D393AF2
:10A5C00020726163632E20203C2D202D3E2070617F
:10A5D00067657300456E74726565202F204563685A
:10A5E0006170203A206D656E75206475206A6F7504
:10A5F00072000000456E74726565203A2076616CC9
:10A6000069646572202F204563686170203A20617B
:10A610006E6E756C65720000486175742F426173CF
:10A62000203A206368616D70202D20456E7472653C
:10A6300065203A2076616C69646572004C50532045
:10A64000434F4D50414E494F4E2076312E322020FF
:10A65000202020202020202020204A256C7500006A
:10A66000256C752058502061637175697300000076
:10A670004A4F55522041524348495645202D204CBF
:10A68000454354555245205345554C450000000064
:10A6900025752F3131206163746976697465732083
:10A6A0002D20256C75205850202573003C2D204A04
:10A6B0006F757220707265636564656E742020200A
:10A6C0002D3E204A6F75722061637475656C0000C1
:10A6D00041435449564954455320202020202020EE
:10A6E000202020202020202020202020202020206A
:10A6F00025752F330000000025752020252D3234CC
:10A7000073205B25635D00004E4F54452044552067
:10A710004A4F555200000000257A752F39362063C4
:10A72000617261637465726573000000504F494443
:10A7300053204455204A4F555220286B672900006A
:10A74000417474656E647520203A20257300000002
:10A750004566666563746966203A202573000000CB
:10A760004563617274203A202D2D000045636172AB
:10A7700074203A202563256C642E2530336C6420C8
:10A780006B67000056696465203D206E6F6E207215
:10A79000656E736569676E65000000005445524D33
:10A7A000494E4552204C45204A4F5552203F00000B
:10A7B000416374697669746573203A2025750000D9
:10A7C000426F6E75732076617269657465203A20F8
:10A7D0002575205850000000546F74616C203A2099
:10A7E0002B256C7520585000456E74726565203AB3
:10A7F00020656E7265676973747265722065742076
:10A800006176616E63657200556E65206A6F757260
:10A810006E65652076696465206E6520636F75746A
:10A8200065207269656E2E004A4F555220454E5282
:10A8300045474953545245004E4F555645415520C2
:10A84000534F5556454E495200000000456E7472F4
:10A850006565203A20636F6D6D656E636572206C6F
:10A8600065206E6F7576656175206A6F7572000080
:10A87000486175742F4261732020456E747265655E
:10A880003A4F4B202045636861703A5265746F758A
:10A8900072000000457272657572206C6563747594
:10A8A0007265203A20736175766567617264652010
:10A8B00070726F746567656500000000506C757399
:10A8C00020616E6369656E206A6F757220636F6EBA
:10A8D0007365727665000000417563756E206A6F5E
:10A8E00075722061726368697665000025730000E7
:10A8F0004A6F75722061726368697665203A206CD0
:10A90000656374757265207365756C650000000081
:10A910005361757665676172646520696C6C6973F3
:10A9200069626C65203A206563726974757265208E
:10A93000626C6F717565650045636865632073615E
:10A940007576656761726465203A20726564656D2D
:10A950006172726572000000506F69647320696EE5
:10A9600076616C69646520286578656D706C65201A
:10A970003A203131302C3530302900004C696D6976
:10A98000746520647520636F6D70746575722061E5
:10A99000747465696E74650053797374656D2063B2
:10A9A0006C6F636B206F66202575206B487A20637F
:10A9B000616E6E6F742062652065786163746C7976
:10A9C000206163686965766564000000303A0000C4
:10A9D000312020416374697669746573000000005A
:10A9E0003220204E6F7465206475206A6F75720086
:10A9F000332020506F696473206475206A6F75720C
:10AA0000000000003420205465726D696E6572206C
:10AA10006C65206A6F757200303A2F4C50532F537B
:10AA20004156455F412E42494E000000303A2F4CBE
:10AA300050532F534156455F422E42494E0000006D
:10AA40004361726E657420646520706F6368650091
:10AA500054617373652064652074686500000000AC
:10AA6000426F7573736F6C6500000000526164691A
:10AA70006F20646520706F63686500004D696E69C2
:10AA80002D6F7264696E6174657572004C616E74CD
:10AA900065726E65000000004D61726368650000BC
:10AAA00052E967696D6500004269626C65000000EB
:10AAB0004D657373650000005472617661696C00C6
:10AAC00050726F6A657400005369657374650000A5
:10AAD000477572756D6564004D616C6164696500F0
:10AAE000436F6E67E90000005765656B656E640033
:10AAF000726561645F6932635F6B626420693263AF
:10AB0000207772697465206572726F7200000000B0
:10AB1000726561645F6932635F6B6264206932638E
:10AB20002072656164206572726F72207265616463
:10AB3000000000000A2A2A2A2050414E4943202AB8
:10AB40002A2A0A000A00000048617264776172656F
:10AB500020616C61726D20256420616C7265616496
:10AB60007920636C61696D656400000048617264FE
:10AB700020617373657274004F7574206F66206D69
:10AB8000656D6F727900000052656C6561736500D8
:10AB9000626F6F74325F7732357130383000000089
:10ABA000312E3200322E322E300000007069636F79
:10ABB000000000006C70735F636F6D70616E696F91
:10ABC0006E0000005365702031362032303236007E
:10ABD000666E692B00000000666E69006E616E0093
:10ABE000666E692D00000000EB7690455846415492
:10ABF0002020200046415433322020200000000055
:10AC00002A3A3C3E7C223F7F000000002B2C3B3D3B
:10AC10005B5D00004E6F20534420636172642064CA
:10AC200065746563746564210D0000004E6F2044F7
:10AC30004D41206368616E6E656C732061726520A2
:10AC4000617661696C61626C65000000474C494245
:10AC50004358585F54554E41424C45530000000044
:10AC60006F626A5F73697A65000000006F626A5FF5
:10AC7000636F756E74000000676C69626378782E8C
:10AC800065685F706F6F6C007374643A3A657863DF
:10AC9000657074696F6E00007374643A3A6261643F
:10ACA0005F657863657074696F6E00007465726DBE
:10ACB000696E6174652063616C6C656420726563A4
:10ACC0007572736976656C790A0000007465726D3F
:10ACD000696E6174652063616C6C65642061667483
:10ACE0006572207468726F77696E6720616E206983
:10ACF0006E7374616E6365206F662027000000002C
:10AD0000270A00007465726D696E61746520636165
:10AD10006C6C656420776974686F757420616E204F
:10AD200061637469766520657863657074696F6EB8
:10AD30000A00000020207768617428293A2020004A
:10AD4000256400005F474C4F42414C5F000000000B
:10AD500028616E6F6E796D6F7573206E616D6573AE
:10AD600070616365290000006175746F0000000068
:10AD70006465636C74797065286175746F2900006F
:10AD8000737472696E67206C69746572616C00001F
:10AD9000737464006465636C74797065286E756C97
:10ADA0006C707472290000005B6162693A000000F7
:10ADB0002C2000003A3A00007B64656661756C7473
:10ADC00020617267230000007D3A3A006175746F5C
:10ADD0003A00000074656D706C617465207061727A
:10ADE000616D65746572206F626A65637420666F59
:10ADF00072200000696E697469616C697A657220FD
:10AE0000666F72206D6F64756C6520007674616288
:10AE10006C6520666F72200056545420666F722055
:10AE200000000000636F6E737472756374696F6EF7
:10AE300020767461626C6520666F722000000000ED
:10AE40002D696E2D0000000074797065696E666F63
:10AE500020666F722000000074797065696E666FFD
:10AE6000206E616D6520666F7220000074797065D8
:10AE7000696E666F20666E20666F722000000000AB
:10AE80006E6F6E2D7669727475616C207468756E64
:10AE90006B20746F20000000636F76617269616ED1
:10AEA000742072657475726E207468756E6B207490
:10AEB0006F2000006A61766120436C6173732066C5
:10AEC0006F722000677561726420766172696162D9
:10AED0006C6520666F722000544C5320696E697453
:10AEE0002066756E6374696F6E20666F7220000055
:10AEF000544C5320777261707065722066756E6372
:10AF000074696F6E20666F7220000000726566655E
:10AF100072656E63652074656D706F726172792001
:10AF20002300000020666F722000000068696464DE
:10AF3000656E20616C69617320666F72200000008D
:10AF40006E6F6E2D7472616E73616374696F6E20C3
:10AF5000636C6F6E6520666F722000006F706572A3
:10AF600061746F72000000006F70657261746F72BF
:10AF7000200000003E280000636C0000697800009B
:10AF800071750000203A20006E65772000000000F7
:10AF9000756C00006C6C0000756C6C0066616C7305
:10AFA0006500000074727565000000006A617661DA
:10AFB000207265736F757263652000006465636C51
:10AFC00074797065202800002E2E2E007468697335
:10AFD000000000007B7061726D230000676C6F627F
:10AFE000616C20636F6E7374727563746F7273201B
:10AFF0006B6579656420746F20000000676C6F6278
:10B00000616C2064657374727563746F7273206B06
:10B010006579656420746F20000000007B6C616DB1
:10B0200062646100292300007B756E6E616D65644A
:10B030002074797065230000205B636C6F6E65205F
:10B04000000000005B667269656E645D00000000D0
:10B05000747970656E616D650000000074656D70D7
:10B060006C6174650000000020636C617373000004
:10B0700020726571756972657320000020726573B6
:10B08000747269637400000020766F6C6174696C7F
:10B090006500000020636F6E73740000207472619D
:10B0A0006E73616374696F6E5F7361666500000043
:10B0B000206E6F657863657074000000207468729C
:10B0C0006F77000026260000205F436F6D706C656F
:10B0D00078000000205F496D6167696E61727900D8
:10B0E0003A3A2A00205F5F766563746F7228000029
:10B0F0007468697320000000282E2E2E00000000C6
:10B100002E2E2E2900000000202E2E2E20000000C2
:10B1100024540000244E0000245454007374643AF4
:10B120003A616C6C6F6361746F720000616C6C6F7C
:10B130006361746F720000007374643A3A62617301
:10B1400069635F737472696E67000000626173699E
:10B15000635F737472696E67000000007374643A11
:10B160003A737472696E67007374643A3A62617319
:10B1700069635F737472696E673C636861722C20E7
:10B180007374643A3A636861725F7472616974736C
:10B190003C636861723E2C207374643A3A616C6C53
:10B1A0006F6361746F723C636861723E203E0000A1
:10B1B0007374643A3A6973747265616D00000000DB
:10B1C0007374643A3A62617369635F697374726538
:10B1D000616D3C636861722C207374643A3A6368F1
:10B1E00061725F7472616974733C636861723E205E
:10B1F0003E00000062617369635F69737472656128
:10B200006D0000007374643A3A6F73747265616D17
:10B21000000000007374643A3A62617369635F6F9F
:10B2200073747265616D3C636861722C2073746421
:10B230003A3A636861725F7472616974733C6368FF
:10B2400061723E203E00000062617369635F6F734C
:10B25000747265616D0000007374643A3A696F73CB
:10B26000747265616D0000007374643A3A626173D0
:10B2700069635F696F73747265616D3C6368617265
:10B280002C207374643A3A636861725F7472616906
:10B2900074733C636861723E203E000062617369B2
:10B2A000635F696F73747265616D0000614E0000C9
:10B2B000263D0000615300003D0000006161000078
:10B2C0006164000026000000616E0000616C696727
:10B2D0006E6F66200000000061770000636F5F61A1
:10B2E0007761697420000000617A000063630000E8
:10B2F000636F6E73745F63617374000028290000CC
:10B30000636D00002C000000636F00007E000000F1
:10B31000645600002F3D0000645800005B2E2E2E66
:10B320005D3D00006461000064656C6574655B5D93
:10B33000200000006463000064796E616D69635FE2
:10B340006361737400000000646500002A0000005F
:10B3500064690000646C000064656C6574652000BD
:10B36000647300002E2A0000647400002E000000A8
:10B37000647600002F00000064780000654F000034
:10B380005E3D0000656F00005E000000657100001A
:10B390003D3D0000664C000066520000666C0000F7
:10B3A00066720000676500003E3D000067730000A4
:10B3B000677400003E0000006C5300003C3C3D0000
:10B3C0006C6500003C3D00006C6900006F706572A8
:10B3D00061746F72222220006C7300003C3C0000FC
:10B3E0006C7400003C0000006D4900002D3D000021
:10B3F0006D4C00002A3D00006D6900002D0000002A
:10B400006D6C00006D6D00006E6100006E65775B15
:10B410005D0000006E650000213D00006E670000C9
:10B420006E740000210000006E7700006E657700EA
:10B430006E7800006E6F65786365707400000000C0
:10B440006F5200007C3D00006F6F00007C7C0000AC
:10B450006F7200007C000000704C00002B3D00006B
:10B46000706C00002B000000706D00002D3E2A0063
:10B47000707000002B2B00007073000070740000CF
:10B480002D3E00003F000000724D0000253D0000F1
:10B49000725300003E3E3D00726300007265696EAB
:10B4A000746572707265745F63617374000000008C
:10B4B000726D000025000000727300003E3E000027
:10B4C0007350000073697A656F662E2E2E0000009F
:10B4D000735A0000736300007374617469635F637F
:10B4E000617374003C3D3E007374000073697A65BB
:10B4F0006F662000737A0000747200007468726FC7
:10B5000077000000747700007468726F7720000085
:10B510007369676E6564206368617200626F6F6C47
:10B5200000000000626F6F6C65616E00636861729D
:10B53000000000006279746500000000646F7562AD
:10B540006C6500006C6F6E6720646F75626C6500DF
:10B55000666C6F61740000005F5F666C6F617431D0
:10B5600032380000756E7369676E656420636861C8
:10B5700072000000696E7400756E7369676E6564B1
:10B5800020696E7400000000756E7369676E6564F3
:10B59000000000006C6F6E6700000000756E73693C
:10B5A000676E6564206C6F6E670000005F5F696E98
:10B5B0007431323800000000756E7369676E65641F
:10B5C000205F5F696E7431323800000073686F72FB
:10B5D00074000000756E7369676E65642073686F30
:10B5E00072740000766F6964000000007763686120
:10B5F000725F74006C6F6E67206C6F6E6700000086
:10B60000756E7369676E6564206C6F6E67206C6F12
:10B610006E670000646563696D616C333200000021
:10B62000646563696D616C3634000000646563694C
:10B630006D616C313238000068616C66000000009A
:10B6400063686172385F74006368617231365F7479
:10B65000000000006368617233325F740000000014
:10B660005F466C6F617400007374643A3A62666C92
:10B670006F617431365F7400D81E0010301B0010EB
:10B680009C160010A012001020180010941C00102E
:10B69000301B00109C160010A01200102018001083
:10B6A000961C0010301B00109E160010A2120010F5
:10B6B00022180010C4270010A4280010042800102D
:10B6C0004628001000270010C62600103A37001048
:10B6D00024370010243700102C37001030370010AA
:10B6E0001C3700103637001000000000000000007A
:10B6F00081030010B506001089030010210300101B
:10B70000C5030010910E0010610F001018AA01105F
:10B710002CAA011040AA01101E00000050AA01101E
:10B720004600000060AA0110780000006CAA011019
:10B73000B40000007CAA0110FA0000008CAA0110DD
:10B740004A01000098AA0110A0AA0110A8AA01109D
:10B75000B0AA0110B8AA0110C0AA0110C8AA01100D
:10B76000D0AA0110D8AA0110E0AA0110E8AA01107D
:10B77000D0A90110E0A90110F0A9011004AA01103C
:10B7800001000000020000000300000004000000AF
:10B79000080C20E000000000000000000000000095
:10B7A00000101010101010001010000000242424AD
:10B7B00024000000000000000024247E2424247EB5
:10B7C0002424000000103C52503C12523C10000057
:10B7D0000000626204081020464600000000384461
:10B7E00044384A444C3A00000008080808000000A9
:10B7F00000000000000C10202020202020100C0051
:10B800000030080404040404040830000042241832
:10B810007E1824420000000000000010107C101070
:10B8200000000000000000000000001818081000D0
:10B8300000000000007E000000000000000000008A
:10B840000000000018180000000202040408102084
:10B8500020404000003C464E4A5A5272623C000072
:10B860000010305010101010107C0000003C4202FC
:10B8700002040810207E0000003C4202021C02026A
:10B88000423C000000044444447E040404040000DC
:10B89000007E40407C020202423C00000018204032
:10B8A000407C4242423C0000007E420202040810FA
:10B8B00010100000003C4242423C4242423C000028
:10B8C000003C4242423E02040830000000000018E2
:10B8D00018000018180000000000001818000018D8
:10B8E0001808100000040810204020100804000070
:10B8F000000000007E007E00000000000020100814
:10B900000402040810200000003C42020608101047
:10B9100000101000003C42425E565C40403C00007B
:10B920000018244242427E4242420000007C4242D1
:10B93000427C4242427C0000003C42404040404049
:10B94000423C0000007844424242424244780000B7
:10B95000007E404040784040407E0000007E4040F5
:10B960004078404040400000003C424040404E4251
:10B97000423E000000424242427E424242420000B9
:10B98000007C101010101010107C00000002020249
:10B9900002020242423C00000042444850605048CB
:10B9A000444200000040404040404040407E000093
:10B9B000004266665A4242424242000000426262CF
:10B9C000525A4A4646420000003C424242424242EB
:10B9D000423C0000007C4242427C4040404000002B
:10B9E000003C42424242424A443A0000007C424209
:10B9F000427C484442420000003C4240601804023D
:10BA0000423C0000007E10101010101010100000BA
:10BA10000042424242424242423C00000042424214
:10BA200042424224241800000042424242425A2428
:10BA3000242400000042422424182424424200000E
:10BA4000004444444438101010100000007E0202EC
:10BA500004182040407E0000003C202020202020B0
:10BA6000203C000000404020201008040402020096
:10BA7000003C040404040404043C000000102844B6
:10BA800000000000000000000000000000000000B6
:10BA900000007F00001824241800000000000000AF
:10BAA000000000003C023E42423E00000040404098
:10BAB0007C424242427C0000000000003C4040408A
:10BAC000403C0000000202023E424242423E000070
:10BAD000000000003C42427C403C000000001C2072
:10BAE000207C202020200000000000003C42424238
:10BAF0003E023C00004040407C4242424242000044
:10BB000000001000101010101010000000000400C1
:10BB10000404040404443800004040404448705089
:10BB200048440000001010101010101010180000F1
:10BB300000000000744A4A42424200000000000037
:10BB40007844444444440000000000003C42424227
:10BB5000423C0000000000007C4242427C40400029
:10BB6000000000003C424242423C0600000000004F
:10BB70003C42424040400000000000001E201C02E9
:10BB8000023C0000000000107C10101010080000A3
:10BB90000000000042424242423C0000000000001F
:10BBA0004242424224180000000000004242425A31
:10BBB0002424000000000000422418182442000041
:10BBC000000000004242423E02423C0000000000F1
:10BBD0007E040810207E0000001C20101060101051
:10BBE000201C000000101010100010101010000099
:10BBF00000380408080608080438000000225A44E7
:10BC00000000000000000000000000001824424274
:10BC10007E00000000FF8181818181818181FF00A0
:10BC200000FF81818585A9918181FF0000FF81A5A9
:10BC3000A59999A5A581FF0000FF8181819999812E
:10BC40008181FF0000FF8181818181BD8181FF00B1
:10BC500000FF8199999999819981FF0000FF81994D
:10BC6000A58989818981FF00003E7F7F6B7F6B778B
:10BC70007F3E0000003E634155415549633E000050
:10BC80000000081C3E7F7F3E1C08000000000018DA
:10BC900018666618183C0000000000183C7E7E18EC
:10BCA000183C00000000363E7F7F7F3E1C080000ED
:10BCB000FFFFC38199BDBD9981C3FFFF0000000054
:10BCC000183C3C1800000000001F191F18181838F5
:10BCD0007830000000183C7E1818187E3C180000D0
:10BCE0000000002466FFFF662400000000183C7E70
:10BCF0001818181818180000001818181818187EA6
:10BD00003C180000000000080CFEFE0C08000000BB
:10BD100000000010307F7F30100000000000082A73
:10BD200049494941413E00001C22415D492A1C000D
:10BD30001C001C001818003C3C3C18181818000087
:10BD4000F88CBE8FE385F5F5F3FF00000018244260
:10BD500042427E7E2424242400183C7E7E7E7E7E09
:10BD600024242424002064E2E9E5E9E264200000C0
:10BD7000003F4B4B4B3B0B0B0B0B0000007E444832
:10BD80006E24285060400000000021361E3CFE1B3F
:10BD900010100000003C4281A5A5A581423C000096
:10BDA000003C4291999D9991423C0000003C4281A7
:10BDB000BDBDBD81423C00000000384444443C0607
:10BDC00003010000000C10207C20207C20100C00BF
:10BDD00000001A2642814242427E000000003C24BC
:10BDE000FF424242427E00000018664281C3C342C5
:10BDF000000000000000FF81818181FF183C0000ED
:10BE000000183C3C3C3C18001818000028564183A0
:10BE1000FE0C10102000000000304848484A320252
:10BE2000020202001824665A6618381838183800BA
:10BE300000FF00FF00FF00FF00FF00FF55555555B4
:10BE40005555555555555555CCCC3333CCCC33334E
:10BE5000CCCC3333249249249249249249249249E8
:10BE600055AA55AA55AA55AA55AA55AA6DDBB66D6D
:10BE7000DBB66DDBB66DDBB6181818181818181875
:10BE8000181818181818181818F818181818181852
:10BE900018181818F81818F818181818666666662A
:10BEA00066E66666666666660000000000FE666618
:10BEB0006666666600000000F81818F8181818186A
:10BEC00066666666E60606E66666666666666666D2
:10BED000666666666666666600000000FE0606E642
:10BEE0006666666666666666E60606FE0000000032
:10BEF0006666666666FE00000000000018181818E6
:10BF0000F81818F8000000000000000000F81818E9
:10BF10001818181818181818181F0000000000002A
:10BF20001818181818FF000000000000000000009A
:10BF300000FF18181818181818181818181F1818AB
:10BF4000181818180000000000FF00000000000092
:10BF50001818181818FF181818181818181818187A
:10BF60001F18181F181818186666666666676666D2
:10BF700066666666666666666760607F00000000EB
:10BF8000000000007F6060676666666666666666DB
:10BF9000E70000FF0000000000000000FF0000E7D5
:10BFA000666666666666666667606067666666663B
:10BFB00000000000FF0000FF0000000066666666EB
:10BFC000E70000E76666666618181818FF0000FFAD
:10BFD000000000006666666666FF00000000000064
:10BFE00000000000FF0000FF1818181800000000F3
:10BFF00000FF66666666666666666666667F000061
:10C0000000000000181818181F18181F0000000062
:10C01000000000001F18181F181818180000000052
:10C02000007F6666666666666666666666E766667C
:10C030006666666618181818FF0000FF18181818AA
:10C040001818181818F80000000000000000000080
:10C05000001F181818181818FFFFFFFFFFFFFFFF39
:10C06000FFFFFFFF000000000000FFFFFFFFFFFFDA
:10C07000F0F0F0F0F0F0F0F0F0F0F0F00F0F0F0F44
:10C080000F0F0F0F0F0F0F0FFFFFFFFFFFFF00003E
:10C0900000000000000000003A444444443A00001C
:10C0A00000384444584444447840400000007E42F4
:10C0B0004040404040404000000000007C282828CC
:10C0C00028680000007E422010081020427E0000F8
:10C0D000000000003E4844444438000000000024B2
:10C0E0002424243C424080000000000044A810109A
:10C0F0001010000000007C003844444438007C00EC
:10C100000000182442427E424224180000000038F9
:10C110004444446C286C00000000001C2038444457
:10C120004438000000000000006C92926C00000097
:10C1300000000000026C9AB26C80000000182040E1
:10C14000407840402018000000000000384444447B
:10C150004444000000003C00003C00003C000000A3
:10C16000000010107C1010007C000000002010085F
:10C1700004081020007E00000004081020100804AD
:10C18000007E0000404142444810264902040F004E
:10C19000404142444812264A0F020200000018188B
:10C1A000007E001818000000000022524C002252AD
:10C1B0004C000000002010080000000000000000FB
:10C1C000000000001C1C0000000000000000000037
:10C1D000001800000000000000000E0808080848D1
:10C1E00028180800003C1212121200000000000083
:10C1F00000182408103C0000000000000000003C73
:10C200003C3C3C3C3C0000000000105428C6285434
:10C210001000000000000000FFFFFFFFFFFFFF7F96
:10C2200006005250D3F0754288AB01100600525000
:10C23000E182887F90AB0110060052503ABCA911F0
:10C24000A0AB011006005250ABB36053A4AB011079
:10C2500006005250BBFF3CB6ACAB0110060052507A
:10C26000861C0302B4AB0110060052505422A29D5A
:10C27000C4AB011005005250DE65F468E8040210FA
:10C2800090790010487900104879001088790010E2
:10C29000487900104879001048790010487900105A
:10C2A0004879001048790010487900108079001012
:10C2B000487900107A790010487900104879001008
:10C2C00072790010847B0010A2790010787B001036
:10C2D000A2790010667B0010A2790010A2790010EC
:10C2E000A2790010A2790010A2790010A2790010A2
:10C2F000A279001098790010A2790010A27900109C
:10C30000A2790010A2790010A2790010987900108B
:10C31000187C0010067900100679001006790010CC
:10C3200006790010067900100679001006790010D1
:10C3300006790010067900100679001006790010C1
:10C3400006790010067900100679001006790010B1
:10C3500006790010067900100679001006790010A1
:10C360000679001006790010067900100679001091
:10C370000679001006790010067900100679001081
:10C380000679001006790010067900100679001071
:10C39000947B0010D07B0010947B00100679001075
:10C3A0000679001006790010067900100679001051
:10C3B0000679001006790010067900100679001041
:10C3C0000679001006790010067900100679001031
:10C3D000067900100679001006790010B07D001073
:10C3E0000679001006790010067900100679001011
:10C3F0000679001006790010067900100679001001
:10C4000006790010B07D0010287C0010B07D00106F
:10C41000947B0010D07B0010947B00100000000083
:10C42000000000000000F03F000000000000244079
:10C4300000000000000059400000000000408F4054
:10C44000000000000088C34000000000006AF840BF
:10C450000000000080842E4100000000D0126341E3
:10C460000000000084D797410000000065CDCD4159
:10C470000D0A0000408E0010328E00102A8E00102F
:10C48000228E00101A8E0010128E00100A8E0010DC
:10C49000028E00104A8E00107D1D0100632C001ECC
:10C4A0009601A01E5A01001F0806101F0606201F35
:10C4B0000806301F0806401F0606511F0700591FB7
:10C4C000521F5B1F541F5D1F561F5F1F601F080612
:10C4D000701F0E00BA1FBB1FC81FC91FCA1FCB1F6A
:10C4E000DA1FDB1FF81FF91FEA1FEB1FFA1FFB1FE4
:10C4F000801F0806901F0806A01F0806B01F040032
:10C50000B81FB91FB21FBC1FCC1F0100C31FD01F13
:10C510000206E01F0206E51F0100EC1FF31F0100E9
:10C52000FC1F4E21010032217021100284210100E4
:10C530008321D0241A05302C2F04602C0201672C93
:10C540000601752C0201802C6401002D260841FF94
:10C550001A03000061001A03E0001703F800070344
:10C56000FF000100780100013001320106013901AC
:10C5700010014A012E017901060180014D0043029C
:10C580008101820182018401840186018701870182
:10C5900089018A018B018B018D018E018F01900130
:10C5A0009101910193019401F6019601970198017F
:10C5B00098013D029B019C019D0120029F01A00169
:10C5C000A001A201A201A401A401A601A701A70143
:10C5D000A901AA01AB01AC01AC01AE01AF01AF01F1
:10C5E000B101B201B301B301B501B501B701B801A1
:10C5F000B801BA01BB01BC01BC01BE01F701C00119
:10C60000C101C201C301C401C501C401C701C80100
:10C61000C701CA01CB01CA01CD011001DD01010032
:10C620008E01DE011201F3010300F101F401F401B6
:10C63000F8012801220212013A020900652C3B028E
:10C640003B023D02662C3F0240024102410246028B
:10C650000A015302400081018601550289018A01C5
:10C6600058028F015A0290015C025D025E025F0275
:10C67000930161026202940164026502660267022C
:10C68000970196016A02622C6C026D026E029C0197
:10C69000700271029D01730274029F01760277029B
:10C6A000780279027A027B027C02642C7E027F028D
:10C6B000A60181028202A901840285028602870204
:10C6C000AE014402B101B20145028D028E028F0219
:10C6D00090029102B7017B030300FD03FE03FF03F9
:10C6E000AC0304008603880389038A03B1031103A2
:10C6F000C2030200A303A303C4030803CC03030083
:10C700008C038E038F03D8031801F2030A00F90388
:10C71000F303F403F503F603F703F703F903FA034E
:10C72000FA033004200350041007600422018A0435
:10C730003601C1040E01CF040100C004D00444013D
:10C740006105260400000000C700FC00E900E200CB
:10C75000E400E000E500E700EA00EB00E800EF009D
:10C76000EE00EC00C400C500C900E600C600F400FD
:10C77000F600F200FB00F900FF00D600DC00A2008A
:10C78000A300A500A7209201E100ED00F300FA004C
:10C79000F100D100AA00BA00BF001023AC00BD0018
:10C7A000BC00A100AB00BB0091259225932502257A
:10C7B00024256125622556255525632551255725B4
:10C7C0005D255C255B251025142534252C251C258D
:10C7D00000253C255E255F255A25542569256625BB
:10C7E000602550256C256725682564256525592514
:10C7F0005825522553256B256A2518250C25882593
:10C8000084258C2590258025B103DF009303C00388
:10C81000A303C303B500C403A6039803A903B40389
:10C820001E22C603B50329226122B10065226422BB
:10C8300020232123F7004822B0001922B7001A2232
:10C840007F20B200A025A000809A45418E418F80B4
:10C850004545454949498E8F9092924F994F55557C
:10C8600059999A9B9C9D9E9F41494F55A5A5A6A766
:10C87000A8A9AAABACADAEAFB0B1B2B3B4B5B6B7C0
:10C88000B8B9BABBBCBDBEBFC0C1C2C3C4C5C6C7B0
:10C89000C8C9CACBCCCDCECFD0D1D2D3D4D5D6D7A0
:10C8A000D8D9DADBDCDDDEDFE0E1E2E3E4E5E6E790
:10C8B000E8E9EAEBECEDEEEFF0F1F2F3F4F5F6F780
:10C8C000F8F9FAFBFCFDFEFF01030507090E101243
:10C8D0001416181C1E000000A2A0D0EBE5B93344CA
:10C8E00087C068B6B72699C745464920504152547B
:10C8F000000001004546492050415254000001000B
:10C900005C00000000000200EEFEFF0001000000DD
:10C91000FFFFFFFFFF0000000000211042206330F6
:10C920008440A550C660E770088129914AA16BB187
:10C930008CC1ADD1CEE1EFF131121002733252222F
:10C94000B5529442F772D662399318837BB35AA3D7
:10C95000BDD39CC3FFF3DEE36224433420040114FF
:10C96000E664C774A44485546AA54BB52885099527
:10C97000EEE5CFF5ACC58DD55336722611163006CF
:10C98000D776F6669556B4465BB77AA71997388777
:10C99000DFF7FEE79DD7BCC7C448E5588668A7788F
:10C9A0004008611802282338CCC9EDD98EE9AFF9C7
:10C9B000488969990AA92BB9F55AD44AB77A966A6F
:10C9C000711A500A333A122AFDDBDCCBBFFB9EEB17
:10C9D000799B588B3BBB1AABA66C877CE44CC55C3F
:10C9E000222C033C600C411CAEED8FFDECCDCDDD67
:10C9F0002AAD0BBD688D499D977EB66ED55EF44E0F
:10CA0000133E322E511E700E9FFFBEEFDDDFFCCFB6
:10CA10001BBF3AAF599F788F8891A981CAB1EBA10A
:10CA20000CD12DC14EF16FE18010A100C230E32086
:10CA30000450254046706760B9839893FBA3DAB32E
:10CA40003DC31CD37FE35EF3B1029012F322D232D6
:10CA50003542145277625672EAB5CBA5A8958985FE
:10CA60006EF54FE52CD50DC5E234C324A014810426
:10CA70006674476424540544DBA7FAB79987B897CE
:10CA80005FE77EF71DC73CD7D326F2369106B01676
:10CA900057667676154634564CD96DC90EF92FE98E
:10CAA000C899E9898AB9ABA94458654806782768C6
:10CAB000C018E1088238A3287DCB5CDB3FEB1EFB6E
:10CAC000F98BD89BBBAB9ABB754A545A376A167A16
:10CAD000F10AD01AB32A923A2EFD0FED6CDD4DCD3E
:10CAE000AABD8BADE89DC98D267C076C645C454C66
:10CAF000A23C832CE01CC10C1FEF3EFF5DCF7CDF0E
:10CB00009BAFBABFD98FF89F176E367E554E745EB5
:10CB1000932EB23ED10EF01E0009121B242D363F7B
:10CB200048415A536C657E7719100B023D342F260D
:10CB30005158434A757C676E323B2029161F040DFD
:10CB40007A7368615E574C452B2239300F061D14ED
:10CB5000636A7178474E555C646D767F4049525BDD
:10CB60002C253E3708011A137D746F6659504B42CD
:10CB7000353C272E1118030A565F444D727B6069BD
:10CB80001E170C053A3328214F465D546B627970AD
:10CB9000070E151C232A31384148535A656C777E9D
:10CBA00009001B122D243F3658514A437C756E678D
:10CBB0001019020B343D262F737A6168575E454C7D
:10CBC0003B3229201F160D046A6378714E475C556D
:10CBD000222B3039060F141D252C373E0108131A5D
:10CBE0006D647F7649405B523C352E2718110A034D
:10CBF000747D666F5059424B171E050C333A21283D
:10CC00005F564D447B7269600E071C152A2338312C
:10CC1000464F545D626B70794E395F5F676E755F2A
:10CC200063787832307265637572736976655F69AF
:10CC30006E69745F6572726F7245000098CC011066
:10CC400018CC011040CD0110000000003CCC0110B8
:10CC500065F9001079F900101DFE00104E31305FAB
:10CC60005F637878616269763132305F5F73695FE4
:10CC7000636C6173735F747970655F696E666F452D
:10CC80000000000098CC01105CCC0110F8CC011021
:10CC90000000000084CC0110A1F90010B5F90010CB
:10CCA000BDFA0010BDFA0010C5FB0010F1FA00102B
:10CCB00095FA001009FA0010D1F900105374397474
:10CCC0007970655F696E666F000000000CCD011021
:10CCD000BCCC01104E31305F5F6378786162697659
:10CCE0003131375F5F636C6173735F747970655F57
:10CCF000696E666F4500000098CC0110D4CC01101D
:10CD0000CCCC011000000000F8CC011039FB001061
:10CD10004DFB0010BDFA0010BDFA0010C5FB00105D
:10CD2000F1FA0010A9FB001069FB001025FB0010B0
:10CD3000537439657863657074696F6E0000000024
:10CD40000CCD011030CD0110537431336261645F3A
:10CD5000657863657074696F6E00000098CC01108F
:10CD600048CD011040CD01104E31305F5F637878BF
:10CD7000616269763131355F5F666F726365645FEA
:10CD8000756E77696E6445000CCD011068CD011099
:10CD90004E31305F5F637878616269763131395F37
:10CDA0005F666F726569676E5F65786365707469E9
:10CDB0006F6E45000CCD011090CD011000000000F9
:10CDC0005CCD011019FE00102DFE001025FE001094
:10CDD0000C01011008010110040101104A010110A9
:10CDE000040101100C0101100C010110520101108D
:10CDF000080101100C0101100C0101105201011079
:10CE00000801011008010110040101105201011074
:10CE1000520101100C0101105201011052010110C8
:10CE20005201011004010110E8020110DA020110A0
:10CE3000DA020110DA020110D0020110E80201103A
:10CE4000E80201100203011002030110DA020110CE
:10CE5000DA020110DA020110DA020110DA0201101E
:10CE6000DA020110DA020110DA020110DA0201100E
:10CE7000DA020110DA020110DA020110DA020110FE
:10CE8000DA020110DA020110E8020110DA020110E0
:10CE9000DA020110DA020110DA020110DA020110DE
:10CEA000DA020110DA020110DA020110DA020110CE
:10CEB000DA020110DA020110200501100E0501103E
:10CEC0000E0501100E0501100E05011024050110BC
:10CED000200501101A0501101A0501100E05011098
:10CEE0000E0501100E0501100E0501100E050110B2
:10CEF0000E0501100E0501100E0501100E050110A2
:10CF00000E0501100E0501100E0501100E05011091
:10CF10000E0501100E050110200501100E0501106F
:10CF20000E0501100E0501100E0501100E05011071
:10CF30000E0501100E0501100E0501100E05011061
:10CF40000E0501100E0501100E0501100E05011051
:10CF50000E0501100E050110200501100E0501102F
:10CF60000E0501100E0501100E0501100E05011031
:10CF70000E0501100E0501100E0501100E05011021
:10CF80000E050110200501101A050110D80B011023
:10CF90008C0A0110980A0110B40A01108C0A0110C1
:10CFA000D40A0110A00B01108C0A01108C0A011088
:10CFB0008C0A01108C0A01108C0A0110560C011009
:10CFC0008C0A0110BC0B0110E00A01108C0A011040
:10CFD000FC0A01108C0A0110180B0110720B0110D1
:10CFE000900C01102C0A01102C0A01102C0A0110BF
:10CFF0002C0A01102C0A01102C0A01102C0A011015
:10D000002C0A01102C0A01102C0A01102C0A011004
:10D010002C0A01102C0A0110FA0901102C0A011027
:10D020002C0A01102C0A01102C0A01102C0A0110E4
:10D030002C0A01102C0A01102C0A01102C0A0110D4
:10D040002C0A01102C0A01102C0A0110260D0110C7
:10D050002C0A0110FC0C0110020F0110D40E01105B
:10D060007E0D01102C0A0110500D0110A60E0110AA
:10D070002C0A01102C0A01102C0A01102C0A011094
:10D08000780E01102C0A0110600E01102C0A0110FC
:10D090002C0A0110320E0110FA090110040E0110C1
:10D0A000AC0D0110D6100110AE100110AE10011021
:10D0B000AE100110AE100110AE100110AE10011034
:10D0C000AE100110AE100110AE100110AE10011024
:10D0D000AE100110AE100110AE100110AE10011014
:10D0E000AE100110AE100110AE100110AE10011004
:10D0F000AE100110AE100110AE100110AE100110F4
:10D10000D6100110AE100110AE100110AE100110BB
:10D11000AE100110AE100110AE100110AE100110D3
:10D12000AE100110AE100110A8100110AE100110C9
:10D13000D6100110A8100110701601103016011041
:10D140006C160110BE15011068160110641601104E
:10D150002E25011074240110742401107424011070
:10D16000742401107424011074240110742401101B
:10D170000C25011074240110742401107424011072
:10D1800074240110742401107424011074240110FB
:10D1900074240110CA240110742401109624011073
:10D1A00074240110822401107027011074240110CE
:10D1B00036270110742401107424011082270110F5
:10D1C00074240110EC260110122701100027011011
:10D1D00074240110742401107424011074240110AB
:10D1E000742401107424011074240110742401109B
:10D1F000242701106C2601107424011096260110BA
:10D20000822601107424011074240110742401106A
:10D21000742401107424011074240110742401106A
:10D22000742401107424011074240110742401105A
:10D23000AC26011074240110742401107424011010
:10D24000742401103A260110742401107424011072
:10D25000742401107424011074240110742401102A
:10D26000742401107424011074240110742401101A
:10D270007424011074240110742401100826011074
:10D28000CE3F0110742C0110742C0110243F0110AA
:10D290001C3C01108635011072350110D63C01107E
:10D2A000A83C0110CC310110B831011094310110AB
:10D2B00082310110D430011066300110F82F0110B6
:10D2C0008A2F01101C2F0110AE2E0110402E0110CC
:10D2D00048370110E0420110764201100C42011063
:10D2E00046390110502A0110502A0110502A01100D
:10D2F000002A0110002A0110002A0110002A011042
:10D30000002A0110002A0110002A0110002A011031
:10D31000182C0110182C0110002A0110002A0110ED
:10D3200096410110A02A0110484401104A430110FF
:10D33000562B0110462A0110562B0110F62A011017
:10D34000F62A0110D22D0110FC2C01101A3B0110FD
:10D35000AC3A0110462A01103E3A0110323A01104F
:10D360009C2C011070380110462A0110B6370110AC
:10D37000462A0110462A01108C2B01108C2B01101B
:10D3800042400110E23C0110703E0110984401102F
:10D390000A4601108E3B0110A0450110522D0110CC
:10D3A0004E340110462A011072330110E03301108F
:10D3B0003A320110A83201102E450110002A011046
:10D3C000BC44011066360110002A0110002A011029
:10D3D000863E0110AA2A0110AA2A0110C82C0110A9
:10D3E000BA340110BC3D0110503D0110A02A0110BB
:10D3F000DA36011022410110AC400110BA39011097
:10D400000C5B0110005B0110F45A0110E85A011086
:10D41000185B01103C600110AA5D0110AA5D0110AB
:10D42000AA5D0110AA5D0110AA5D0110AA5D01109C
:10D43000AA5D0110AA5D0110AA5D0110AA5D01108C
:10D44000AA5D0110AA5D0110AA5D0110AA5D01107C
:10D45000AA5D0110AA5D0110AA5D0110AA5D01106C
:10D46000AA5D0110AA5D0110AA5D0110B65D011050
:10D470001A5E01107E5E0110B65D01101A5E011089
:10D480007E5E011014630110725F0110A85D01102F
:10D49000F25F01101C600110E65E01104660011091
:10D4A0004E600110B6600110AA5D0110AA5D011066
:10D4B000AA5D0110AA5D011056610110AA5D01105C
:10D4C000D4610110AA5D0110AA5D0110AA5D0110CE
:10D4D000AA5D0110AA5D0110AA5D0110AA5D0110EC
:10D4E000AA5D0110AA5D0110AA5D0110AA5D0110DC
:10D4F000AA5D0110AA5D0110AA5D0110AA5D0110CC
:10D50000AA5D0110AA5D0110AA5D0110AA5D0110BB
:10D51000AA5D0110AA5D0110AA5D0110AA5D0110AB
:10D52000AA5D0110AA5D0110AA5D0110AA5D01109B
:10D53000AA5D0110AA5D0110AA5D0110AA5D01108B
:10D54000AA5D011042620110AA5D0110AA5D0110DE
:10D55000AA620110065F011010B1011014B1011090
:10D5600018B10110000000007400000090AD01101F
:10D570000300000090AD0110030000000000000057
:10D5800000000000610000001CB101100E0000004E
:10D590001CB101100E0000002CB1011009000000A8
:10D5A0006200000038B101101100000038B1011014
:10D5B000110000004CB101100C00000073000000CD
:10D5C0005CB101100B00000068B1011046000000C2
:10D5D0004CB101100C00000069000000B0B1011056
:10D5E0000C000000C0B1011031000000F4B10110C6
:10D5F0000D0000006F00000004B201100C000000DC
:10D6000014B201103100000048B201100D000000FA
:10D610006400000058B201100D00000068B2011053
:10D62000320000009CB201100E000000ACB20110EC
:10D63000B0B201100200000002000000B4B20110FC
:10D64000B8B201100100000002000000BCB20110DD
:10D65000C4B001100200000002000000C0B20110BE
:10D66000C4B201100100000001000000C8B20110A6
:10D67000C4B20110010000000200000064B60110F5
:10D68000CCB201100800000001000000D8B2011067
:10D69000DCB201100900000001000000E8B2011036
:10D6A000CCB201100800000001000000ECB2011033
:10D6B000F0B201100A0000000200000078AF011073
:10D6C000FCB20110020000000200000000B30110D3
:10D6D00004B30110010000000200000008B30110B3
:10D6E0000CB30110010000000100000010B3011094
:10D6F00014B30110020000000200000018B3011072
:10D700001CB30110060000000300000024B3011048
:10D7100028B30110090000000100000034B301101B
:10D7200038B301100C0000000200000048B30110E3
:10D730004CB30110010000000100000050B30110C3
:10D74000B8B20110010000000200000054B3011043
:10D7500058B30110070000000100000060B3011081
:10D7600064B30110020000000200000068B3011061
:10D770006CB30110010000000200000070B3011042
:10D7800074B30110010000000200000078B3011022
:10D7900020B3011002000000020000007CB3011061
:10D7A00080B30110020000000200000084B30110E9
:10D7B00088B3011001000000020000008CB30110CA
:10D7C00090B30110020000000200000094B30110A9
:10D7D000C8AF0110030000000300000098B301105F
:10D7E000C8AF011003000000030000009CB301104B
:10D7F000C8AF01100300000002000000A0B3011038
:10D80000C8AF01100300000002000000A4B3011023
:10D81000A8B301100200000002000000ACB3011028
:10D82000B4AD01100200000001000000B0B301100F
:10D83000B4B3011001000000020000007CAF011031
:10D8400010AC01100200000002000000B8B301108B
:10D85000BCB301100300000002000000C0B30110BF
:10D86000C4B301100200000002000000C8B30110A0
:10D87000CCB301100B00000001000000D8B3011070
:10D88000DCB301100200000002000000E0B3011050
:10D89000E4B301100100000002000000E8B3011031
:10D8A000ECB301100200000002000000F0B3011010
:10D8B000F4B301100200000002000000F8B30110F0
:10D8C000FCB30110010000000200000000B40110D0
:10D8D0004CB30110010000000200000004B401106C
:10D8E00068A70110020000000100000008B4011048
:10D8F0000CB40110050000000300000014B4011076
:10D9000018B4011002000000020000001CB4011055
:10D91000FCB30110010000000100000020B4011060
:10D9200024B40110010000000100000028B401101F
:10D930002CB40110030000000300000030B40110FB
:10D9400034B40110080000000100000040B40110D0
:10D9500044B40110020000000200000048B40110AD
:10D960004CB40110020000000200000050B401108D
:10D9700054B40110010000000200000058B401106E
:10D980005CB40110020000000200000060B401104D
:10D9900064B40110010000000200000068B401102E
:10D9A0006CB40110030000000200000070B401100C
:10D9B00074B40110020000000100000078B40110EE
:10D9C00064B4011001000000010000007CB40110EB
:10D9D00080B40110020000000200000080AF0110BE
:10D9E00084B40110010000000300000088B401109D
:10D9F0008CB40110020000000200000090B401107D
:10DA000094B40110030000000200000098B401105B
:10DA10009CB401101000000002000000B0B401101E
:10DA2000B4B401100100000002000000B8B40110FD
:10DA3000BCB401100200000002000000C0B40110DC
:10DA4000C4B401100900000001000000D0B40110AE
:10DA5000C4B401100900000001000000D4B401109A
:10DA6000D8B401100B000000020000006CB00110DF
:10DA7000E4B401100300000002000000E8B401104B
:10DA8000ECB401100700000001000000F4B4011024
:10DA9000ECB401100700000001000000F8B4011010
:10DAA000FCB40110050000000000000004B50110E6
:10DAB00008B5011006000000010000000000000091
:10DAC00000000000000000000000000010B5011080
:10DAD0000B00000010B501100B000000000000005A
:10DAE0001CB501100400000024B50110070000005F
:10DAF000070000002CB501100400000034B501102F
:10DB000004000000000000003CB501100600000009
:10DB10003CB50110060000000800000044B50110EB
:10DB20000B00000044B501100B00000008000000CD
:10DB300050B501100500000050B5011005000000AF
:10DB40000800000058B501100A00000058B5011087
:10DB50000A0000000800000064B501100D0000007C
:10DB600064B501100D0000000000000074B5011044
:10DB70000300000074B50110030000000100000064
:10DB800078B501100C00000088B5011008000000F5
:10DB90000200000000000000000000000000000083
:10DBA000000000000000000094B501100400000017
:10DBB00094B5011004000000030000009CB50110A2
:10DBC0000D0000009CB501100D00000004000000D5
:10DBD000ACB5011008000000ACB501100800000051
:10DBE00000000000B8B5011011000000B8B5011028
:10DBF0001100000000000000000000000000000014
:10DC00000000000000000000000000000000000014
:10DC10000000000000000000000000000000000004
:10DC200000000000000000000000000000000000F4
:10DC300000000000CCB5011005000000CCB50110BB
:10DC40000500000000000000D4B501100E00000027
:10DC5000D4B501100E00000000000000000000001C
:10DC600000000000000000000000000000000000B4
:10DC7000E4B5011004000000E4B501100400000048
:10DC800009000000ECB50110070000002CB50110E0
:10DC90000400000000000000F4B5011009000000BD
:10DCA00094B50110040000000500000000B601104A
:10DCB0001200000000B60110120000000600000073
:10DCC000C8AF011003000000C8AF0110030000003E
:10DCD0000000000014B601100900000014B6011085
:10DCE000090000000000000020B60110090000003B
:10DCF00020B6011009000000000000002CB6011041
:10DD00000A0000002CB601100A000000000000000C
:10DD100038B601100400000038B6011004000000FD
:10DD20000800000040B601100700000040B60110D6
:10DD3000070000000000000048B6011008000000C5
:10DD400048B60110080000000000000054B60110A1
:10DD50000800000054B60110080000000000000098
:10DD600094AD01101100000094AD011011000000ED
:10DD70000000000060B601100600000060B601104F
:10DD8000060000000800000068B601100F00000047
:10DD900068B601100F00000008000000227B01108F
:10DDA000CA7B0110827B0110227B0110687B01106D
:10DDB000E67B0110E67B0110E67B0110E67B01109B
:10DDC0009E7B01108E7B0110227B0110687B01106D
:10DDD000002020202020202020202828282828203B
:10DDE0002020202020202020202020202020202033
:10DDF000208810101010101010101010101010109B
:10DE0000100404040404040404040410101010108A
:10DE10001010414141414141010101010101010154
:10DE200001010101010101010101010110101010A6
:10DE30001010424242424242020202020202020226
:10DE4000020202020202020202020202101010107A
:10DE500020000000000000000000000000000000A2
:10DE600000000000000000000000000000000000B2
:10DE700000000000000000000000000000000000A2
:10DE80000000000000000000000000000000000092
:10DE90000000000000000000000000000000000082
:10DEA0000000000000000000000000000000000072
:10DEB0000000000000000000000000000000000062
:10DEC0000000000000000000000000000000000052
:04DED000000000004E
:10DED400F19DFF7FB0B0A800FF100D0104020608F9
:10DEE4000101000000000000D99DFF7FB0AA0100DD
:10DEF400FF10290118323400007204A60103782EA1
:10DF04000000C20118EA0100E4010E000002000151
:10DF14007D0000000000000024EEFFFF800101816D
:10DF2400B0B0AB1000000000999DFF7FB0B0AA0014
:10DF3400FFFF01008D9DFF7FF0801801B0B0B0ABF2
:10DF4400FF101901102AF407000088090490090140
:10DF54008C0904000001000000000000659DFF7FA3
:10DF6400F0800401B0B0B0ABFF1019010F460A50A5
:10DF7400019A013CDC0100E40104000001000000FE
:10DF84000000000075B20181B0AB70800000000099
:10DF940080080181B0B0ABF0000000003F010181B6
:10DFA400B0AB70800000000080050181B0B0AB70A0
:04DFB4000000000069
:10DFB8006C19FF7FB0B0A8809C19FF7F010000009A
:10DFC800081AFF7FB0AB0280381AFF7FB0AB04801D
:10DFD800BC1AFF7FAB08B180D81AFF7F0100000090
:10DFE800081BFF7FB0AA0380341BFF7F01000000DD
:10DFF800CC1BFF7FAB08B180E81BFF7F010000004E
:10E00800341EFF7FC8FEFF7F3C1EFF7F010000001B
:10E01800441EFF7FB0B0A880541EFF7F010000009F
:10E02800641EFF7FB0B0A880901EFF7F0100000033
:10E03800D41EFF7FB0B0AA80001FFF7FB0B0A880B9
:10E04800681FFF7FA0FEFF7F7020FF7F0100000098
:10E058000898FF7FC4FEFF7FBC98FF7F0100000087
:10E068008499FF7FC0FEFF7FF099FF7FB0B0A88042
:10E07800789AFF7F01000000809AFF7FAB108080B4
:10E08800689BFF7FB0B0A880A49BFF7FAB08B180DE
:10E098002C9CFF7F9CFEFF7FBCA0FF7F010000003F
:10E0A80030A1FF7FB4FEFF7F1CA2FF7F01000000AC
:10E0B8006C24FE0FB0A90480F824FE0FB0B0A8802D
:10E0C8004C25FE0F010000005425FE0FB0B0AA80B9
:10E0D8008425FE0FACFEFF7F4826FE0F01000000DE
:10E0E8004426FE0FAA3F39808C26FE0FB0B0A880C8
:10E0F8009826FE0FB0B0AA80D426FE0FB0B0A88034
:10E10800E826FE0F01000000E426FE0FB0B0A8804C
:10E11800EC26FE0F010000009C27FE0FAA0FB2801C
:10E128000028FE0F68FEFF7FAC2AFE0FB0B0A88063
:10E13800C82AFE0F64FEFF7F882DFE0F0100000035
:10E14800F82EFE0F00840480082FFE0FB0B0A880C0
:10E15800082FFE0F50FEFF7FF831FE0FB0A8038096
:10E168001832FE0FB0B0A8803032FE0F0100000058
:10E1780020C201102CC2011038C2011044C2011083
:10E1880050C201105CC2011068C2011074C20110B3
:10E19800F8B50F00040001F083F9FA220E0005001B
:10E1A800002338000021920001F09AF940197141CA
:10E1B80006000F1E02DA0126144F764200250AE0F7
:10E1C800BFF35F8F156081F310883000390001F0CC
:10E1D8006FF9002817D12268EFF3108172B613681F
:10E1E800002BFCD0BFF35F8F0422A35E2268002BB4
:10E1F800E6DD013BA380BFF35F8F0023136081F34B
:10E2080010880120F8BD0020FCE7C046FFFFFF7F13
:10E2180030B50268EFF3108172B61368002BFCD09A
:10E22800BFF35F8F0422835E0625445F02689C4229
:10E238000ADD01338380BFF35F8F0023136081F30E
:10E24800108840BF012030BDBFF35F8F00231360EB
:10E2580081F310880020F6E710B50268EFF3108C00
:10E2680072B61368002BFCD0BFF35F8F0424025FE3
:10E27800036881808A4207DABFF35F8F00221A6041
:10E288008CF3108840BF10BDBFF35F8F00221A6067
:10E298008CF31088F7E7C046D0231B061B6810B51F
:10E2A8009C46002405E0BFF35F8F1C6081F3108853
:10E2B80020BF0268EFF3108172B61368002BFCD000
:10E2C800BFF35F8F027903687F2AECD96246027137
:10E2D800BFF35F8F00221A6081F3108810BDC0461B
:10E2E800F0B5C646160000B504001F000268EFF33B
:10E2F800108172B61368002BFCD0BFF35F8F042324
:10E30800E3562268002B2BDBBFF35F8F00201060E1
:10E3180081F31088D02212061278002552B2904656
:10E328009A420ED1002080BCB846F0BDBFF35F8F83
:10E33800156081F310883000390001F0B9F8002821
:10E34800F0D12268EFF3108172B61368002BFCD06D
:10E35800BFF35F8F237922687F2BE7D9434602E01A
:10E36800D0231B061B682371BFF35F8F0023136044
:10E3780081F310880120D6E70268EFF3108172B6A6
:10E388001368002BFCD0BFF35F8FFF230371036872
:10E39800BFF35F8F00221A6081F3108840BF704777
:10E3A8009446130010B5002A0AD00A00CC1802219E
:10E3B800C3681942FCD0137801328360A242F7D1B6
:10E3C800C3685B0704D504218368C3681942FBD17D
:10E3D8001021C3681942FCD1C3685B0704D5042126
:10E3E8008368C3681942FBD101230362604610BDEC
:10E3F80070B500240E4D01F06BF884420AD220005B
:10E4080001F046F843690B2B05D0013401F060F8A0
:10E418008442F4D370BD0121036A2A6899401142ED
:10E42800F3D029603430FFF7F3FE0134EEE7C0463D
:10E438000C04005070B500240E4D01F049F88442D8
:10E448000AD2200001F024F843690C2B05D00134CE
:10E4580001F03EF88442F4D370BD0121036A2A68B2
:10E4680099401142F3D029603430FFF7D1FE0134CE
:10E47800EEE7C0461C040050F0B5C646040000B5DF
:10E48800466A00294BD010200643A56A6662002A16
:10E498004CD0202005430827BC46A0272068FF054C
:10E4A8008444E069A5628001C01901606146416049
:10E4B800836006616046216A8901C91908604A605B
:10E4C8008B600D612500343500212800FFF7C4FE5C
:10E4D80001231900E269280091400A00216A8B4053
:10E4E80013438622FA21D200BB508900FFF750FE61
:10E4F800002811D08021E2690E4B9201D2184904FC
:10E5080013680B42FCD18021226A0A4B9201D2186F
:10E51800490413680B42FCD180BCB846F0BD1021F9
:10E528008E43A56A04496662002AB2D12022954327
:10E53800024AB0E71000005014C90110801E0020E4
:10E548007047C04603685A0004D580221206134358
:10E55800C01870475B005B08FAE7C046F8B5574635
:10E568004546DE464E469046E0B50700002929D0CC
:10E578004B1E99461E000025AB19DC0FE4186410E9
:10E58800E3009A46BB46D3445846FFF7DBFFA14554
:10E598000FD0404509D8504608303818FFF7D2FF49
:10E5A8000138404507D2651CE6E7A5420AD0661E39
:10E5B800E2E74045F9D85846F0BCBB46B246A94602
:10E5C800A046F8BD00239B46F5E7C0460300012896
:10E5D80008D0022804D00020002B00D10248704740
:10E5E8000248FCE70248FAE7DD0B0020F50B0020A3
:10E5F800E90B002030B5214B050085B08C1E002B9F
:10E6080026D0200003A900E000BF00281DD00399F0
:10E618002200FFF7A3FF041E17D0FFF793FFA8649B
:10E628006368012B27D0201D002B22DBFFF78AFF10
:10E6380000232B650368E864002B0FDBFFF782FFDC
:10E64800030000202B6105B030BD00230920F9E745
:10E658000B4B0C481B1AD9100391D9E71801000F6E
:10E66800FFF7B4FF03005A425A41092052421040B2
:10E67800E8E70123DDE700230520E3E700000000C9
:10E6880078E10110B8DF0110036810B50400DA075B
:10E6980005D49B070AD5503000F098FC23685A0728
:10E6A8000AD51A070FD5DB0615D510BD503000F076
:10E6B80089FC23685A07F4D42000D83000F08AFC7B
:10E6C80023681A07EFD420005930FF3000F086FC89
:10E6D8002368DB06E9D42000D930FF3000F082FC43
:10E6E800E3E7C0460368002B00D01B1818007047EA
:10E6F8007047C04670B504000D002000296CFFF774
:10E7080079FF002811D12B6C2A00636121000120B8
:10E71800236998470828F0D0072806D10020296CDB
:10E72800FFF7E6FF281D00F037FCFFDEF0B5D64600
:10E738004F464646C0B5C3682E4C9946A5448369E2
:10E74800050017000431402203A89A4600F0D8FEBD
:10E75800002302AC029322E0F422236C21006B61B7
:10E7680052007CA800F0CCFE290030002B697CAA5E
:10E7780098478A9B0600A36453462A0001933900F0
:10E788002B0001200094C847002829D1F42220003A
:10E7980052007CA900F0B4FE0027082E1ED12800E4
:10E7A800216CFFF727FF09378046FEB20028D3D037
:10E7B800A36B1021A36453462A00019301202B0068
:10E7C80031430094C84700280AD14046F6239B00ED
:10E7D8009D44E0BCBA46B146A846F0BD072E02D01B
:10E7E80009239846F1E73800216CFFF781FF03A859
:10E7F80000F0D2FB28FCFFFF806C704770B5CB6B34
:10E80800FAB004000B640E004022043101A800F0A5
:10E8180077FE01235B42009306E06A4621002369E4
:10E8280098470500082808D120001099FFF7E2FE54
:10E838000028F2D009207AB070BD6846FFF724FF9F
:10E84800062DF7D131002000FFF754FF10B5C16045
:10E858008261DA6B19001A640022FFF767FF10BDA6
:10E86800436970B50B64C36804000D00002B13D115
:10E878000A000369010002209847072805D00828E4
:10E888000ED129002000FFF735FF0020296CFFF783
:10E898002FFF281D00F080FB0122FFF747FFFFDE56
:10E8A800FFDEC046C36810B5002B05D0CB6B002235
:10E8B8000B64FFF73BFF10BDFFF7A0FF0920FAE745
:10E8C8007047C046836810B5002B02D001000120B4
:10E8D800984710BD042908D802291AD800290BD056
:10E8E800481E431E98410130704705290FD1436CDB
:10E8F800009A00201360F7E7002B08D10F2A06D8EA
:10E90800920080184368009A00201360ECE7022008
:10E91800EAE70120E8E7C04600B585B003AB0A0086
:10E92800009300210023FFF7D5FF039805B000BD31
:10E93800042908D802291AD800290BD0481E431EDA
:10E9480098410130704705290FD1009B1B6843642B
:10E958000020F7E7002B08D10F2A06D8009B920069
:10E968001B68801843600020ECE70220EAE70120DA
:10E97800E8E7C04600B585B003AB039200930A00F0
:10E9880000230021FFF7D4FF05B000BD70B5194C76
:10E99800D36BA544060013640D0017A8111D40226F
:10E9A80000F0AEFD01235B42169313E00C2116A87C
:10E9B8006A46FFF7DFFF290016A8B04700280FD1E5
:10E9C8006946049B16AA083098470400052808D011
:10E9D800092805D068462699FFF70CFE0028E5D0DF
:10E9E800092416A8FFF750FE200090239B009D44A1
:10E9F80070BDC046C0FDFFFFF0B54E464546DE4639
:10EA0800574691460322E0B5CC6C884602CC89B0C3
:10EA180002400694002B22D00D0C09040591FF2119
:10EA2800294089006418022104AE75736D46297760
:10EA3800022A01D141468C6B4146096DC90714D59C
:10EA4800484605A900F074FB002800D0C8E008205B
:10EA580009B0F0BCBB46B246A946A046F0BD0902C3
:10EA6800059104A94B730321E0E72768002FE7D03D
:10EA780008210140019100213E00934645469A46EF
:10EA880002915346022B46D0268867880434012118
:10EA98003B008B439846AA6C48460E319044FFF7DA
:10EAA8003BFF0023804506D8330001218B434344B4
:10EAB80098429B415B4202227F001740013A164070
:10EAC8003743012F3ED0022F28D0002F00D087E0F7
:10EAD8005A46002A02D0002B00D0ACE00434266845
:10EAE800002ECED1484605A900F022FB002877D198
:10EAF800029B8342ABD00F214846FFF70DFF0E2142
:10EB080002004846FFF736FF48460F21664AFFF7DE
:10EB180031FF07209CE767680834B8E75A4626683B
:10EB280077007F08002A42D1002B04D0019B002BDC
:10EB380058D0002F56D0002E00DA04340137BF0019
:10EB4800E419CCE75A46002A18D1002B14D0636880
:10EB58009A1C45D02A00583227680492013300D104
:10EB680095E0201DFFF7BEFDFA0F010004AB280059
:10EB780000F0BEFC002872D10834B0E70D214846E9
:10EB88002F6AFFF7C9FE8742F6D1AB6A9C42F3D1E0
:10EB98002000FFF7D7FC0F2102004846FFF7EAFEE6
:10EBA80048462A000021FFF7E5FE072050E72B6AB8
:10EBB8000D2148460393FFF7AFFE039B8342BAD16A
:10EBC800AB6A9C42B7D10023EB6204332B63231D4D
:10EBD800AF626B632368002B61DB01230293ADE70F
:10EBE800092035E75822231D904603943C001F0056
:10EBF8002B00A8444546002698460DE038000495A9
:10EC0800FFF770FD0022010004AB404600F070FCE5
:10EC180001360437002835D1A642EFD10D214846E8
:10EC2800FFF77AFE434642461862039C049B06207F
:10EC3800536294620CE7A8462000FFF783FC434622
:10EC4800043405009C63404600F03AFC0028C7D015
:10EC580048462A000F21FFF78DFE0720F8E6A84650
:10EC68000D2105004846FFF757FE4346049E1862EB
:10EC7800022D02D1DE6246462C36434606205E62ED
:10EC88009C62E5E62700039C4546266853E70D216C
:10EC980048461600FFF740FEA8462862EDE7781CB4
:10ECA8008000201875E7C046D981011010B50023EF
:10ECB800FFF7A2FE10BDC04610B50123FFF79CFE6A
:10ECC80010BDC04610B50223FFF796FE10BDC04622
:10ECD800F0B54646D6464F46C0B5050014001E009E
:10ECE800C2B0052907D8AB4B89005B589F461B1952
:10ECF800102B00D8B9E0022042B0E0BCBA46B146B9
:10ED0800A846F0BD002AF6D1836B04CB4264836326
:10ED18000020F1E7002EEED113041B0C9C460023C3
:10ED2800816B01360430320067469A40174201D0A1
:10ED380004C9026001330430102BF4D1A404E7D4D1
:10ED48000020A963D8E7032ED5D11404160C240C8F
:10ED58003319102BCFD8082203681A4200D0E1E0FB
:10ED680020AF380000F03CF9AA6BB946944662001F
:10ED7800002C0DD06346F100C91A0439013A7918FC
:10ED88001800006804335850013AF9D2E400A4444A
:10ED980063464846AB6300F021F90020ACE7130C4A
:10EDA80014049846240C012EA1D0052EA3D11B19BA
:10EDB800202BA0D842460F2A00D890E0002CA7D0DC
:10EDC80004220368A2461A4204D093430360D83051
:10EDD80000F002F96F46684600F0FEF8A96B53464A
:10EDE80040465A000300102800D21023103BDB00D5
:10EDF800FC18531E9C461A000023C858E0500433E0
:10EE0800013AFAD2634604319C006118012E00D100
:10EE1800ACE04346A9630F2B00D8B0E0380000F0FF
:10EE2800D9F8002068E7002E00D064E7102A00D93E
:10EE380061E7102203681A426DD120AE300000F05D
:10EE4800D3F8B14631000023AA6B01209840044250
:10EE580001D001CA086001330431042BF5D14846BA
:10EE6800AA6300F0BFF8002046E74346102B00D104
:10EE780041E703681E4206D00322280093432B6013
:10EE8800503000F0A1F820AB1800994600F09CF82B
:10EE9800A96B002C6CD0002322009A464346CC462E
:10EEA8005400DB00013C9C44220000236746C858FC
:10EEB800F8500433013AF9D2A3000431C918534673
:10EEC8006F46002B8BD1012E52D04346A9630F2BDE
:10EED80000D91DE7484600F079F800200CE7012129
:10EEE800026808001040102B23D8002807D00223FE
:10EEF80028008A431A432A60503000F069F820AB92
:10EF08001800994600F064F8002CE3D00023220092
:10EF18009A46A96BC2E793430360D930FF3000F0EB
:10EF280063F88AE7934303605930FF3000F058F8DC
:10EF380016E7103B9A46002808D0022328008A4387
:10EF48001A432A60503000F043F82A680423134219
:10EF580019D120AB1800994600F03AF8684600F03D
:10EF68003BF810224346A96BD21A97E720AB994683
:10EF780004314846A96300F025F80020BCE620A823
:10EF880000F024F84AE728009A432A60D83000F0B5
:10EF980023F8DEE7401400200100343138C9043B6F
:10EFA8009C461D60A646010020313CC99046994602
:10EFB800A246AB4601000831FCC941680068E54635
:10EFC80000BDC0467047C0467047C0467047C0463F
:10EFD8007047C0467047C0467047C0467047C04635
:10EFE8007047C0467047C0467047C04601B401A884
:10EFF80001B585B0FFB408A841464A4653465C4669
:10F0080065463EC001A83EC80F98009000230CB486
:10F0180001A9FFF7F3FB109B12B0184701B401A830
:10F0280001B585B0FFB408A841464A4653465C4638
:10F0380065463EC001A83EC80F98009000230CB456
:10F0480001A9FFF70DFC109B12B0184701B401A8E5
:10F0580001B585B0FFB408A841464A4653465C4608
:10F0680065463EC001A83EC80F98009000230CB426
:10F0780001A9FFF717FC109B12B0184701B401A8AB
:10F0880001B585B0FFB408A841464A4653465C46D8
:10F0980065463EC001A83EC80F98009000230CB4F6
:10F0A80001ABFFF7D3FB109B12B0184701B401A8BE
:10F0B80001B585B0FFB408A841464A4653465C46A8
:10F0C80065463EC001A83EC80F98009000230CB4C6
:10F0D80001AAFFF75BFC109B12B01847027A0300E5
:10F0E800002A0BD1427A002A0FD0013A42724268B4
:10F0F800111D416003211268017202E0013A027297
:10F108000268100E12021A607047B020FCE7C04671
:10F1180000B585B003AB00930C2200230021FFF754
:10F12800D9FB039805B000BD10B5FFF7F1FF10BD7E
:10F13800F0B500234F464646D6460D00C0B5994661
:10F1480006000F2786B02800FFF7C8FF0400B02884
:10F1580000D12BE1030636D50300BB43DBB2A02B5D
:10F1680000D18BE012D8802B67D0902B24D10D23AF
:10F1780003400D2B20D00F2204AC024000230021B5
:10F1880030000094FFF7A6FB009432E0B02B6BD060
:10F19800C02B37D0072203009343DBB2D02B0BD10F
:10F1A8008023024001321B031A430121052330004A
:10F1B800FFF78EFD0028C6D0092006B0E0BCBA468D
:10F1C800B146A846F0BDFF2382001340191D04ABC9
:10F1D8000D22039100930021984630000023FFF789
:10F1E80079FB049A03998B18640609D4049343465F
:10F1F800009300230D2200213000FFF799FBA2E7BE
:10F20800531AF3E7C62800D1B1E0C72800D1D2E0ED
:10F21800F8230340C02B00D1DFE0C82800D1E2E08A
:10F22800C928C9D12800FFF759FFF02203031203A8
:10F2380013400F2202400132B6E704022800FFF70C
:10F248004DFF802304431B029C42B5D024050023B4
:10F2580000213000220CFFF73BFD0028ACD14B46C3
:10F26800E40F234399466EE703004F33DBB2042BC8
:10F2780000D990E06B4A9B00D3589F46FF21072393
:10F2880009010A0083431A410A40240702D5802352
:10F29800DB011A43002300213000FFF719FD002885
:10F2A80000D150E788E70023002205213000FFF74E
:10F2B8000FFD002800D146E77EE72800FFF70EFF84
:10F2C800F0220303120313400F22024001321A43B3
:10F2D800012101233000FFF7FBFC002800D132E7B1
:10F2E8006AE704AB0D220021009398463000002302
:10F2F800FFF7F0FA2800FFF7F1FE43B2049C002B59
:10F3080000DB8CE002239A467F231840534698403E
:10F318000733241828009A460494FFF7DFFE43B207
:10F32800002BF1DB5346984081239B00E4184346A9
:10F338000019049000935CE72800FFF7CFFE431EF6
:10F34800DBB20E2B00D937E7020000230021300082
:10F35800FFF7BEFC002800D1F5E62DE705AB0093CA
:10F368000D22002300213000FFF7B4FAEBE6280055
:10F37800FFF7B4FEF0220303120313400F220240EA
:10F3880001321A43032103233000FFF7A1FC0028B0
:10F3980000D1D8E610E7FC230340B42B00D10BE7DB
:10F3A8000723802203400133120390E74B46002BCA
:10F3B80025D0002001E72800FFF790FE431EDBB2AE
:10F3C8000E2B00D9F8E60200002304213000FFF7D5
:10F3D8007FFC002800D1B6E6EEE6A022B13B034050
:10F3E80001331203CDE72800FFF778FE0F23020050
:10F3F8009A43D2B21032034012030133D4E604AC6C
:10F408000E22002130000094FFF764FA00230F2237
:10F41800002130000094FFF78BFA0020CDE602238C
:10F428009A467FE758140020030010B5DA6C84B0C0
:10F438005368080008320292032201A91C021B0E1D
:10F4480001940A724B72FFF773FE04B010BDC046F8
:10F4580010B5FFF769FE806C10BDC04610B5FFF708
:10F4680063FEC06CC3799B000833C01810BDC0464A
:10F4780010B500F005F810B5FFF7FAFF000000001E
:10F4880001B40248844601BC604700BFCD82011028
:10F4980001B40248844601BC604700BF81380010AF
:10F4A80001B40248844601BC604700BF19540010EB
:10F4B80001B40248844601BC604700BFC152001035
:10F4C80001B40248844601BC604700BF1D790110A1
:10F4D80001B40248844601BC604700BF7D38001073
:10F4E80001B40248844601BC604700BF0D6B0010A0
:10F4F80001B40248844601BC604700BF617801102E
:10F5080001B40248844601BC604700BF416C00104A
:10F51800440C0020CE0C0020260C0020760C002085
:10F52800560D0020340C0020681200201212002012
:10F53800EA110020D61100208C120020F0B601102C
:10F5480000000000000000000000000000000000B3
:10F5580000000000000000000000000000000000A3
:10F568000000000000000000000000000000000093
:10F578000000000000000000000000000000000083
:10F588000000000000000000000000000000000073
:10F598000000000000000000000000000000000063
:10F5A8000000000000000000000000000000000053
:10F5B8000000000000000000000000000000000043
:10F5C8000000000000000000000000000000000033
:10F5D8000000000000000000000000000000000023
:10F5E8000000000000000000000000000000000013
:10F5F8000000000000000000000000000000000003
:10F6080000000000000000000000000000000000F2
:10F6180000000000000000000000000000000000E2
:10F6280000000000000000000000000000000000D2
:10F6380000000000000000000000000000000000C2
:10F6480000000000000000000000000000000000B2
:10F6580000000000000000000000000000000000A2
:10F668000000000000000000000000000000000092
:10F678000000000000000000000000000000000082
:10F688000000000000000000000000000000000072
:10F698000000000000000000000000000000000062
:10F6A8000000000000000000000000000000000052
:10F6B8000000000000000000000000000000000042
:10F6C8000000000000000000000000000000000032
:10F6D8000000000000000000000000000000000022
:10F6E8000000000000000000000000000000000012
:10F6F8000000000000000000000000000000000002
:10F7080000000000000000000000000000000000F1
:10F7180000000000000000000000000000000000E1
:10F7280000000000000000000000000000000000D1
:10F7380000000000000000000000000000000000C1
:10F7480000000000000000000000000000000000B1
:10F7580000000000000000000000000000000000A1
:10F768000000000000000000000000000000000091
:10F778000000000000000000000000000000000081
:10F788000000000000000000000000000000000071
:10F798000000000000000000000000000000000061
:10F7A8000000000000000000000000000000000051
:10F7B8000000000000000000000000000000000041
:10F7C8000000000000000000000000000000000031
:10F7D8000000000000000000000000000000000021
:10F7E8000000000000000000000000000000000011
:10F7F8000000000000000000000000000000000001
:10F8080000000000000000000000000000000000F0
:10F8180000000000000000000000000000000000E0
:10F8280000000000000000000000000000000000D0
:10F8380000000000000000000000000000000000C0
:10F8480000000000000000000000000000000000B0
:10F8580000000000000000000000000000000000A0
:10F868000000000000000000000000000000000090
:10F878000000000000000000000000000000000080
:10F888000000000000000000000000000000000070
:10F898000000000000000000000000000000000060
:10F8A8000000000000000000000000000000000050
:10F8B8000000000000000000000000000000000040
:10F8C8000000000000000000000000000000000030
:10F8D8000000000000000000000000000000000020
:10F8E8000000000000000000000000000000000010
:10F8F8000000000000000000000000000000000000
:10F9080000000000000000000000000000000000EF
:10F9180000000000000000000000000000000000DF
:10F9280000000000000000000000000000000000CF
:10F9380000000000000000000000000000000000BF
:10F9480000000000000000000000000000000000AF
:10F95800000000000000000000000000000000009F
:10F96800000000000000000000000000000000008F
:10F97800000000000000000000000000000000007F
:10F98800000000000000000000000000000000006F
:10F99800000000000000000000000000000000005F
:10F9A800000000000000000000000000000000004F
:10F9B800000000000000000000000000000000003F
:10F9C800000000000000000000000000000000002F
:10F9D800000000000000000000000000000000001F
:10F9E800000000000000000000000000000000000F
:10F9F80000000000000000000000000000000000FF
:10FA080000000000000000000000000000000000EE
:10FA180000000000000000000000000000000000DE
:10FA280000000000000000000000000000000000CE
:10FA380000000000000000000000000000000000BE
:10FA480000000000000000000000000000000000AE
:10FA5800000000000000000000000000000000009E
:10FA6800000000000000000000000000000000008E
:10FA7800000000000000000000000000000000007E
:10FA8800000000000000000000000000000000006E
:10FA9800000000000000000000000000000000005E
:10FAA800000000000000000000000000000000004E
:10FAB800000000000000000000000000000000003E
:10FAC800000000000000000000000000000000002E
:10FAD800000000000000000000000000000000001E
:10FAE800000000000000000000000000000000000E
:10FAF80000000000000000000000000000000000FE
:10FB080000000000000000000000000000000000ED
:10FB180000000000000000000000000000000000DD
:10FB280000000000000000000000000000000000CD
:10FB380000000000000000000000000000000000BD
:10FB480000000000000000000000000000000000AD
:10FB5800000000000000000000000000000000009D
:10FB6800000000000000000000000000000000008D
:10FB7800000000000000000000000000000000007D
:10FB8800000000000000000000000000000000006D
:10FB9800000000000000000000000000000000005D
:10FBA800000000000000000001000000FFFFFFFF50
:10FBB8000000000000000000CCA90110A01D0020DA
:10FBC800110000000000000000000000000000001C
:10FBD800000000000000000000000000000000001D
:10FBE800000000000000000000000000000000000D
:10FBF80000000000000000000000000000000000FD
:10FC080000000000000000000000000000000000EC
:10FC180000000000000000000000000000000000DC
:10FC280000000000000000000000000000000000CC
:10FC380000000000000000000000000000000000BC
:10FC480000000000000000000000000000000000AC
:10FC5800000000000000000000000000000000009C
:10FC6800000000000000000000000000000000008C
:10FC7800000000000000000000000000000000007C
:10FC8800000000000000000000000000000000006C
:10FC9800000000000000000000000000000000005C
:10FCA800000000000000000000000000000000004C
:10FCB800000000000000000000000000000000003C
:10FCC800000000000000000000000000000000002C
:10FCD800000000000000000000000000000000001C
:10FCE800000000000000000000000000000000000C
:10FCF80000000000000000000000000000000000FC
:10FD080000000000000000000000000000000000EB
:10FD180000000000000000000000000000000000DB
:10FD280000000000000000000000000000000000CB
:10FD380000000000000000000000000000000000BB
:10FD480000000000000000000000000000000000AB
:10FD5800000000000000000000000000000000009B
:10FD6800000000000000000000000000000000008B
:10FD7800000000000000000000000000000000007B
:10FD8800000000000000000000000000000000006B
:10FD9800000000000000000000000000000000005B
:10FDA800000000000000000000000000000000004B
:10FDB800000000000000000000000000000000003B
:10FDC800000000000000000000000000000000002B
:10FDD800000000000000000000000000000000001B
:10FDE800000000000000000000000000000000000B
:10FDF80000000000000000000000000000000000FB
:10FE080000000000000000000000000000000000EA
:10FE180000000000000000000000000000000000DA
:10FE280000000000000000000000000000000000CA
:10FE380000000000000000000000000000000000BA
:10FE480000000000000000000000000000000000AA
:10FE5800000000000000000000000000000000009A
:10FE6800000000000000000000000000000000008A
:10FE780000C0034010000000130000001200000042
:10FE880020BCBE00000000000000000000000000D0
:10FE9800000000000000000000000000000000005A
:10FEA800000000000000000000000000000000004A
:10FEB8000000000090B701101000000000000000D2
:10FEC8000000010000000000000000000000020027
:10FED8000000000000000000000003000000000017
:10FEE800000000000000FF000000000001B54868A5
:10FEF80001318E460047704609380149884701BDDF
:10FF08005D4A001000000000000000000000000032
:10FF1800000000000000000058330020000000002E
:10FF2800503300004C3300005433000052330000BB
:10FF38004D5300004D43000053340000433400008B
:10FF48000080044000000000004004400000000061
:10FF5800A50100004DFE0010B1FF0010FFFFFFFFDC
:10FF68000000020000000000000000000000000087
:10FF7800981E0020981E0020A01E0020A01E002011
:10FF8800A81E0020A81E0020B01E0020B01E0020C1
:10FF9800B81E0020B81E0020C01E0020C01E002071
:10FFA800C81E0020C81E0020D01E0020D01E002021
:10FFB800D81E0020D81E0020E01E0020E01E0020D1
:10FFC800E81E0020E81E0020F01E0020F01E002081
:10FFD800F81E0020F81E0020001F0020001F00202F
:10FFE800081F0020081F0020101F0020101F0020DD
:08FFF800181F0020181F002053
:020000041002E8
:10000000201F0020201F0020281F0020281F002064
:10001000301F0020301F0020381F0020381F002014
:10002000401F0020401F0020481F0020481F0020C4
:10003000501F0020501F0020581F0020581F002074
:10004000601F0020601F0020681F0020681F002024
:10005000701F0020701F0020781F0020781F0020D4
:10006000801F0020801F0020881F0020881F002084
:10007000901F0020901F0020981F0020981F002034
:10008000A01F0020A01F0020A81F0020A81F0020E4
:10009000B01F0020B01F0020B81F0020B81F002094
:1000A000C01F0020C01F0020C81F0020C81F002044
:1000B000D01F0020D01F0020D81F0020D81F0020F4
:1000C000E01F0020E01F0020E81F0020E81F0020A4
:1000D000F01F0020F01F0020F81F0020F81F002054
:1000E0000020002000200020082000200820002000
:1000F00010200020102000201820002018200020B0
:10010000202000202020002028200020282000205F
:10011000302000203020002038200020382000200F
:1001200040200020402000204820002048200020BF
:10013000502000205020002058200020582000206F
:10014000602000206020002068200020682000201F
:1001500070200020702000207820002078200020CF
:10016000802000208020002088200020882000207F
:10017000902000209020002098200020982000202F
:10018000A0200020A0200020A8200020A8200020DF
:10019000B0200020B0200020B8200020B82000208F
:1001A000C0200020C0200020C8200020C82000203F
:1001B000D0200020D0200020D8200020D8200020EF
:1001C000E0200020E0200020E8200020E82000209F
:1001D000F0200020F0200020F8200020F82000204F
:1001E00000210020002100200821002008210020FB
:1001F00010210020102100201821002018210020AB
:10020000202100202021002028210020282100205A
:10021000302100203021002038210020382100200A
:1002200040210020402100204821002048210020BA
:10023000502100205021002058210020582100206A
:10024000602100206021002068210020682100201A
:1002500070210020702100207821002078210020CA
:10026000802100208021002088210020882100207A
:10027000902100209021002098210020982100202A
:10028000A0210020A0210020A8210020A8210020DA
:10029000B0210020B0210020B8210020B82100208A
:1002A000C0210020C0210020C8210020C82100203A
:1002B000D0210020D0210020D8210020D8210020EA
:1002C000E0210020E0210020E8210020E82100209A
:1002D000F0210020F0210020F8210020F82100204A
:1002E00000220020002200200822002008220020F6
:1002F00010220020102200201822002018220020A6
:100300002022002020220020282200202822002055
:100310003022002030220020382200203822002005
:1003200040220020402200204822002048220020B5
:100330005022002050220020582200205822002065
:100340006022002060220020682200206822002015
:1003500070220020702200207822002078220020C5
:100360008022002080220020882200208822002075
:1003700090220020902200200000000003000000D6
:10038000F8390020B022002000000000F8390020D9
:10039000603A0020C83A0020000000000000000081
:1003A000000000000000000000000000000000004D
:1003B000000000000000000000000000000000003D
:1003C000000000000000000000000000000000002D
:1003D000000000000000000000000000000000001D
:1003E000000000000000000000000000000000000D
:1003F00000000000000000000000000000000000FD
:1004000000000000000000000000000000000000EC
:1004100000000000000000000000000000000000DC
:1004200001000000000000000E33CDAB34126DE679
:10043000ECDE05000B0000000000000000000000E2
:1004400000000000000000000000000000000000AC
:10045000000000000000000000000000000000009C
:10046000000000000000000000000000000000008C
:10047000000000000000000000000000000000007C
:10048000000000000000000000000000000000006C
:10049000000000000000000000000000000000005C
:1004A000000000000000000000000000000000004C
:1004B000000000000000000000000000000000003C
:1004C0000000000000000000B43900207C3B002048
:1004D000000000000000000000000000000000001C
:0804E000000000000000000014
:04000005100001E9FD
:00000001FF
